product,country,market_year,metric,value
大豆,阿根廷,2000/01,consumption,18.34
大豆,埃及,2000/01,consumption,0.289
大豆,巴基斯坦,2000/01,consumption,0.163
大豆,巴拉圭,2000/01,consumption,0.977
大豆,巴西,2000/01,consumption,24.342
大豆,玻利维亚,2000/01,consumption,0.995
大豆,俄罗斯,2000/01,consumption,0.353
大豆,菲律宾,2000/01,consumption,0.363
大豆,哥伦比亚,2000/01,consumption,0.444
大豆,韩国,2000/01,consumption,1.491
大豆,加拿大,2000/01,consumption,2.219
大豆,马来西亚,2000/01,consumption,0.582
大豆,美国,2000/01,consumption,49.203
大豆,秘鲁,2000/01,consumption,0.065
大豆,摩洛哥,2000/01,consumption,0.223
大豆,墨西哥,2000/01,consumption,4.485
大豆,南非,2000/01,consumption,0.236
大豆,欧盟,2000/01,consumption,18.684
大豆,日本,2000/01,consumption,5.075
大豆,泰国,2000/01,consumption,1.571
大豆,土耳其,2000/01,consumption,0.388
大豆,委内瑞拉,2000/01,consumption,0.192
大豆,乌克兰,2000/01,consumption,0.062
大豆,乌拉圭,2000/01,consumption,0.011
大豆,伊朗,2000/01,consumption,0.738
大豆,印度,2000/01,consumption,5.15
大豆,印度尼西亚,2000/01,consumption,2.153
大豆,越南,2000/01,consumption,0.179
大豆,智利,2000/01,consumption,0.101
大豆,中国,2000/01,consumption,26.706
大豆,中国台湾,2000/01,consumption,2.367
大豆,Australia,2000/01,consumption,0.05
大豆,Barbados,2000/01,consumption,0.019
大豆,Bosnia and Herzegovina,2000/01,consumption,0.004
大豆,Burma,2000/01,consumption,0.099
大豆,Costa Rica,2000/01,consumption,0.214
大豆,Cuba,2000/01,consumption,0.018
大豆,Ecuador,2000/01,consumption,0.074
大豆,Guatemala,2000/01,consumption,0.042
大豆,Israel,2000/01,consumption,0.598
大豆,"Korea, North",2000/01,consumption,0.125
大豆,Nicaragua,2000/01,consumption,0.007
大豆,Nigeria,2000/01,consumption,0.437
大豆,Norway,2000/01,consumption,0.389
大豆,Panama,2000/01,consumption,0
大豆,Serbia and Montenegro,2000/01,consumption,0.161
大豆,Singapore,2000/01,consumption,0.021
大豆,Switzerland,2000/01,consumption,0.066
大豆,Syria,2000/01,consumption,0.155
大豆,Trinidad and Tobago,2000/01,consumption,0.075
大豆,Uganda,2000/01,consumption,0.105
大豆,Uzbekistan,2000/01,consumption,0.054
大豆,Zambia,2000/01,consumption,0.003
大豆,Zimbabwe,2000/01,consumption,0.128
大豆,阿根廷,2000/01,exports,7.304
大豆,埃及,2000/01,exports,0
大豆,巴基斯坦,2000/01,exports,0
大豆,巴拉圭,2000/01,exports,2.4
大豆,巴西,2000/01,exports,15.469
大豆,玻利维亚,2000/01,exports,0.25
大豆,俄罗斯,2000/01,exports,0.012
大豆,菲律宾,2000/01,exports,0
大豆,哥伦比亚,2000/01,exports,0
大豆,韩国,2000/01,exports,0
大豆,加拿大,2000/01,exports,0.747
大豆,马来西亚,2000/01,exports,0.017
大豆,美国,2000/01,exports,27.103
大豆,秘鲁,2000/01,exports,0
大豆,摩洛哥,2000/01,exports,0
大豆,墨西哥,2000/01,exports,0
大豆,南非,2000/01,exports,0
大豆,欧盟,2000/01,exports,0.022
大豆,日本,2000/01,exports,0
大豆,泰国,2000/01,exports,0
大豆,土耳其,2000/01,exports,0
大豆,委内瑞拉,2000/01,exports,0
大豆,乌克兰,2000/01,exports,0.012
大豆,乌拉圭,2000/01,exports,0.014
大豆,伊朗,2000/01,exports,0
大豆,印度,2000/01,exports,0.06
大豆,印度尼西亚,2000/01,exports,0
大豆,越南,2000/01,exports,0.002
大豆,智利,2000/01,exports,0
大豆,中国,2000/01,exports,0.208
大豆,中国台湾,2000/01,exports,0
大豆,Australia,2000/01,exports,0.011
大豆,Barbados,2000/01,exports,0
大豆,Bosnia and Herzegovina,2000/01,exports,0
大豆,Burma,2000/01,exports,0
大豆,Costa Rica,2000/01,exports,0
大豆,Cuba,2000/01,exports,0
大豆,Ecuador,2000/01,exports,0.03
大豆,Guatemala,2000/01,exports,0.001
大豆,Israel,2000/01,exports,0
大豆,"Korea, North",2000/01,exports,0
大豆,Nicaragua,2000/01,exports,0
大豆,Nigeria,2000/01,exports,0
大豆,Norway,2000/01,exports,0
大豆,Panama,2000/01,exports,0.002
大豆,Serbia and Montenegro,2000/01,exports,0
大豆,Singapore,2000/01,exports,0.003
大豆,Switzerland,2000/01,exports,0
大豆,Syria,2000/01,exports,0
大豆,Trinidad and Tobago,2000/01,exports,0
大豆,Uganda,2000/01,exports,0.015
大豆,Uzbekistan,2000/01,exports,0
大豆,Zambia,2000/01,exports,0
大豆,Zimbabwe,2000/01,exports,0.022
大豆,阿根廷,2000/01,imports,0.32
大豆,埃及,2000/01,imports,0.277
大豆,巴基斯坦,2000/01,imports,0.162
大豆,巴拉圭,2000/01,imports,0.008
大豆,巴西,2000/01,imports,0.733
大豆,玻利维亚,2000/01,imports,0.191
大豆,俄罗斯,2000/01,imports,0.022
大豆,菲律宾,2000/01,imports,0.365
大豆,哥伦比亚,2000/01,imports,0.387
大豆,韩国,2000/01,imports,1.389
大豆,加拿大,2000/01,imports,0.431
大豆,马来西亚,2000/01,imports,0.609
大豆,美国,2000/01,imports,0.097
大豆,秘鲁,2000/01,imports,0.062
大豆,摩洛哥,2000/01,imports,0.222
大豆,墨西哥,2000/01,imports,4.381
大豆,南非,2000/01,imports,0.026
大豆,欧盟,2000/01,imports,17.675
大豆,日本,2000/01,imports,4.767
大豆,泰国,2000/01,imports,1.286
大豆,土耳其,2000/01,imports,0.382
大豆,委内瑞拉,2000/01,imports,0.185
大豆,乌克兰,2000/01,imports,0.01
大豆,乌拉圭,2000/01,imports,0
大豆,伊朗,2000/01,imports,0.596
大豆,印度,2000/01,imports,0
大豆,印度尼西亚,2000/01,imports,1.127
大豆,越南,2000/01,imports,0.032
大豆,智利,2000/01,imports,0.101
大豆,中国,2000/01,imports,13.245
大豆,中国台湾,2000/01,imports,2.33
大豆,Australia,2000/01,imports,0
大豆,Barbados,2000/01,imports,0.019
大豆,Bosnia and Herzegovina,2000/01,imports,0
大豆,Burma,2000/01,imports,0
大豆,Costa Rica,2000/01,imports,0.214
大豆,Cuba,2000/01,imports,0.018
大豆,Ecuador,2000/01,imports,0
大豆,Guatemala,2000/01,imports,0.013
大豆,Israel,2000/01,imports,0.6
大豆,"Korea, North",2000/01,imports,0.002
大豆,Nicaragua,2000/01,imports,0.001
大豆,Nigeria,2000/01,imports,0.008
大豆,Norway,2000/01,imports,0.389
大豆,Panama,2000/01,imports,0.002
大豆,Serbia and Montenegro,2000/01,imports,0.005
大豆,Singapore,2000/01,imports,0.024
大豆,Switzerland,2000/01,imports,0.062
大豆,Syria,2000/01,imports,0.171
大豆,Trinidad and Tobago,2000/01,imports,0.085
大豆,Uganda,2000/01,imports,0
大豆,Uzbekistan,2000/01,imports,0.054
大豆,Zambia,2000/01,imports,0
大豆,Zimbabwe,2000/01,imports,0.004
大豆,阿根廷,2000/01,production,27.8
大豆,埃及,2000/01,production,0.012
大豆,巴基斯坦,2000/01,production,0.001
大豆,巴拉圭,2000/01,production,3.502
大豆,巴西,2000/01,production,39.5
大豆,玻利维亚,2000/01,production,1.148
大豆,俄罗斯,2000/01,production,0.317
大豆,菲律宾,2000/01,production,0.001
大豆,哥伦比亚,2000/01,production,0.062
大豆,韩国,2000/01,production,0.113
大豆,加拿大,2000/01,production,2.703
大豆,马来西亚,2000/01,production,0
大豆,美国,2000/01,production,75.055
大豆,秘鲁,2000/01,production,0.003
大豆,摩洛哥,2000/01,production,0.001
大豆,墨西哥,2000/01,production,0.103
大豆,南非,2000/01,production,0.21
大豆,欧盟,2000/01,production,1.323
大豆,日本,2000/01,production,0.235
大豆,泰国,2000/01,production,0.312
大豆,土耳其,2000/01,production,0.04
大豆,委内瑞拉,2000/01,production,0.007
大豆,乌克兰,2000/01,production,0.064
大豆,乌拉圭,2000/01,production,0.028
大豆,伊朗,2000/01,production,0.142
大豆,印度,2000/01,production,5.25
大豆,印度尼西亚,2000/01,production,1.02
大豆,越南,2000/01,production,0.149
大豆,智利,2000/01,production,0
大豆,中国,2000/01,production,15.409
大豆,中国台湾,2000/01,production,0
大豆,Australia,2000/01,production,0.049
大豆,Barbados,2000/01,production,0
大豆,Bosnia and Herzegovina,2000/01,production,0.004
大豆,Burma,2000/01,production,0.099
大豆,Costa Rica,2000/01,production,0
大豆,Cuba,2000/01,production,0
大豆,Ecuador,2000/01,production,0.104
大豆,Guatemala,2000/01,production,0.03
大豆,Israel,2000/01,production,0
大豆,"Korea, North",2000/01,production,0.123
大豆,Nicaragua,2000/01,production,0.006
大豆,Nigeria,2000/01,production,0.429
大豆,Norway,2000/01,production,0
大豆,Panama,2000/01,production,0
大豆,Serbia and Montenegro,2000/01,production,0.15
大豆,Singapore,2000/01,production,0
大豆,Switzerland,2000/01,production,0.004
大豆,Syria,2000/01,production,0.004
大豆,Trinidad and Tobago,2000/01,production,0
大豆,Uganda,2000/01,production,0.12
大豆,Uzbekistan,2000/01,production,0
大豆,Zambia,2000/01,production,0.002
大豆,Zimbabwe,2000/01,production,0.141
大豆,阿根廷,2001/02,consumption,21.999
大豆,埃及,2001/02,consumption,0.461
大豆,巴基斯坦,2001/02,consumption,0.302
大豆,巴拉圭,2001/02,consumption,1.346
大豆,巴西,2001/02,consumption,26.593
大豆,玻利维亚,2001/02,consumption,1.213
大豆,俄罗斯,2001/02,consumption,0.385
大豆,菲律宾,2001/02,consumption,0.362
大豆,哥伦比亚,2001/02,consumption,0.61
大豆,韩国,2001/02,consumption,1.555
大豆,加拿大,2001/02,consumption,2.197
大豆,马来西亚,2001/02,consumption,0.685
大豆,美国,2001/02,consumption,50.867
大豆,孟加拉国,2001/02,consumption,0.01
大豆,秘鲁,2001/02,consumption,0.076
大豆,摩洛哥,2001/02,consumption,0.242
大豆,墨西哥,2001/02,consumption,4.595
大豆,南非,2001/02,consumption,0.204
大豆,欧盟,2001/02,consumption,20.094
大豆,日本,2001/02,consumption,5.213
大豆,泰国,2001/02,consumption,1.793
大豆,土耳其,2001/02,consumption,0.603
大豆,委内瑞拉,2001/02,consumption,0.084
大豆,乌克兰,2001/02,consumption,0.086
大豆,乌拉圭,2001/02,consumption,0.019
大豆,伊朗,2001/02,consumption,0.53
大豆,印度,2001/02,consumption,5.032
大豆,印度尼西亚,2001/02,consumption,2.281
大豆,越南,2001/02,consumption,0.197
大豆,智利,2001/02,consumption,0.145
大豆,中国,2001/02,consumption,28.31
大豆,中国台湾,2001/02,consumption,2.432
大豆,Australia,2001/02,consumption,0.068
大豆,Barbados,2001/02,consumption,0.017
大豆,Bosnia and Herzegovina,2001/02,consumption,0.005
大豆,Burma,2001/02,consumption,0.109
大豆,Costa Rica,2001/02,consumption,0.253
大豆,Cuba,2001/02,consumption,0.1
大豆,Ecuador,2001/02,consumption,0.015
大豆,Guatemala,2001/02,consumption,0.04
大豆,Israel,2001/02,consumption,0.671
大豆,"Korea, North",2001/02,consumption,0.178
大豆,Nicaragua,2001/02,consumption,0.006
大豆,Nigeria,2001/02,consumption,0.444
大豆,Norway,2001/02,consumption,0.397
大豆,Panama,2001/02,consumption,0
大豆,Serbia and Montenegro,2001/02,consumption,0.23
大豆,Singapore,2001/02,consumption,0.019
大豆,Switzerland,2001/02,consumption,0.061
大豆,Syria,2001/02,consumption,0.138
大豆,Trinidad and Tobago,2001/02,consumption,0.097
大豆,Uganda,2001/02,consumption,0.128
大豆,United Arab Emirates,2001/02,consumption,0
大豆,Uzbekistan,2001/02,consumption,0.065
大豆,Zambia,2001/02,consumption,0.025
大豆,Zimbabwe,2001/02,consumption,0.069
大豆,阿根廷,2001/02,exports,5.96
大豆,埃及,2001/02,exports,0
大豆,巴基斯坦,2001/02,exports,0
大豆,巴拉圭,2001/02,exports,2.116
大豆,巴西,2001/02,exports,14.504
大豆,玻利维亚,2001/02,exports,0.155
大豆,俄罗斯,2001/02,exports,0
大豆,菲律宾,2001/02,exports,0
大豆,哥伦比亚,2001/02,exports,0
大豆,韩国,2001/02,exports,0
大豆,加拿大,2001/02,exports,0.502
大豆,马来西亚,2001/02,exports,0.03
大豆,美国,2001/02,exports,28.948
大豆,孟加拉国,2001/02,exports,0
大豆,秘鲁,2001/02,exports,0
大豆,摩洛哥,2001/02,exports,0
大豆,墨西哥,2001/02,exports,0
大豆,南非,2001/02,exports,0.005
大豆,欧盟,2001/02,exports,0.041
大豆,日本,2001/02,exports,0
大豆,泰国,2001/02,exports,0.001
大豆,土耳其,2001/02,exports,0
大豆,委内瑞拉,2001/02,exports,0.001
大豆,乌克兰,2001/02,exports,0.001
大豆,乌拉圭,2001/02,exports,0.062
大豆,伊朗,2001/02,exports,0
大豆,印度,2001/02,exports,0.001
大豆,印度尼西亚,2001/02,exports,0
大豆,越南,2001/02,exports,0.004
大豆,智利,2001/02,exports,0
大豆,中国,2001/02,exports,0.3
大豆,中国台湾,2001/02,exports,0
大豆,Australia,2001/02,exports,0.006
大豆,Barbados,2001/02,exports,0
大豆,Bosnia and Herzegovina,2001/02,exports,0
大豆,Burma,2001/02,exports,0
大豆,Costa Rica,2001/02,exports,0
大豆,Cuba,2001/02,exports,0
大豆,Ecuador,2001/02,exports,0.064
大豆,Guatemala,2001/02,exports,0.001
大豆,Israel,2001/02,exports,0
大豆,"Korea, North",2001/02,exports,0
大豆,Nicaragua,2001/02,exports,0
大豆,Nigeria,2001/02,exports,0
大豆,Norway,2001/02,exports,0
大豆,Panama,2001/02,exports,0.002
大豆,Serbia and Montenegro,2001/02,exports,0.01
大豆,Singapore,2001/02,exports,0.002
大豆,Switzerland,2001/02,exports,0
大豆,Syria,2001/02,exports,0
大豆,Trinidad and Tobago,2001/02,exports,0
大豆,Uganda,2001/02,exports,0.016
大豆,United Arab Emirates,2001/02,exports,0.001
大豆,Uzbekistan,2001/02,exports,0
大豆,Zambia,2001/02,exports,0.003
大豆,Zimbabwe,2001/02,exports,0.009
大豆,阿根廷,2001/02,imports,0.251
大豆,埃及,2001/02,imports,0.446
大豆,巴基斯坦,2001/02,imports,0.301
大豆,巴拉圭,2001/02,imports,0.008
大豆,巴西,2001/02,imports,1.112
大豆,玻利维亚,2001/02,imports,0.246
大豆,俄罗斯,2001/02,imports,0.064
大豆,菲律宾,2001/02,imports,0.347
大豆,哥伦比亚,2001/02,imports,0.559
大豆,韩国,2001/02,imports,1.434
大豆,加拿大,2001/02,imports,0.982
大豆,马来西亚,2001/02,imports,0.725
大豆,美国,2001/02,imports,0.063
大豆,孟加拉国,2001/02,imports,0.01
大豆,秘鲁,2001/02,imports,0.074
大豆,摩洛哥,2001/02,imports,0.241
大豆,墨西哥,2001/02,imports,4.51
大豆,南非,2001/02,imports,0.027
大豆,欧盟,2001/02,imports,18.783
大豆,日本,2001/02,imports,5.023
大豆,泰国,2001/02,imports,1.55
大豆,土耳其,2001/02,imports,0.541
大豆,委内瑞拉,2001/02,imports,0.069
大豆,乌克兰,2001/02,imports,0.013
大豆,乌拉圭,2001/02,imports,0
大豆,伊朗,2001/02,imports,0.4
大豆,印度,2001/02,imports,0
大豆,印度尼西亚,2001/02,imports,1.414
大豆,越南,2001/02,imports,0.027
大豆,智利,2001/02,imports,0.145
大豆,中国,2001/02,imports,10.385
大豆,中国台湾,2001/02,imports,2.578
大豆,Australia,2001/02,imports,0.018
大豆,Barbados,2001/02,imports,0.017
大豆,Bosnia and Herzegovina,2001/02,imports,0.001
大豆,Burma,2001/02,imports,0
大豆,Costa Rica,2001/02,imports,0.253
大豆,Cuba,2001/02,imports,0.104
大豆,Ecuador,2001/02,imports,0.012
大豆,Guatemala,2001/02,imports,0.005
大豆,Israel,2001/02,imports,0.735
大豆,"Korea, North",2001/02,imports,0.09
大豆,Nicaragua,2001/02,imports,0.002
大豆,Nigeria,2001/02,imports,0.008
大豆,Norway,2001/02,imports,0.407
大豆,Panama,2001/02,imports,0.002
大豆,Serbia and Montenegro,2001/02,imports,0
大豆,Singapore,2001/02,imports,0.021
大豆,Switzerland,2001/02,imports,0.06
大豆,Syria,2001/02,imports,0.134
大豆,Trinidad and Tobago,2001/02,imports,0.094
大豆,Uganda,2001/02,imports,0
大豆,United Arab Emirates,2001/02,imports,0.001
大豆,Uzbekistan,2001/02,imports,0.065
大豆,Zambia,2001/02,imports,0
大豆,Zimbabwe,2001/02,imports,0
大豆,阿根廷,2001/02,production,30
大豆,埃及,2001/02,production,0.015
大豆,巴基斯坦,2001/02,production,0.001
大豆,巴拉圭,2001/02,production,3.547
大豆,巴西,2001/02,production,43.5
大豆,玻利维亚,2001/02,production,1.243
大豆,俄罗斯,2001/02,production,0.324
大豆,菲律宾,2001/02,production,0.001
大豆,哥伦比亚,2001/02,production,0.062
大豆,韩国,2001/02,production,0.118
大豆,加拿大,2001/02,production,1.635
大豆,马来西亚,2001/02,production,0
大豆,美国,2001/02,production,78.672
大豆,孟加拉国,2001/02,production,0
大豆,秘鲁,2001/02,production,0.002
大豆,摩洛哥,2001/02,production,0.001
大豆,墨西哥,2001/02,production,0.066
大豆,南非,2001/02,production,0.202
大豆,欧盟,2001/02,production,1.467
大豆,日本,2001/02,production,0.271
大豆,泰国,2001/02,production,0.27
大豆,土耳其,2001/02,production,0.045
大豆,委内瑞拉,2001/02,production,0.01
大豆,乌克兰,2001/02,production,0.074
大豆,乌拉圭,2001/02,production,0.083
大豆,伊朗,2001/02,production,0.13
大豆,印度,2001/02,production,5.4
大豆,印度尼西亚,2001/02,production,0.87
大豆,越南,2001/02,production,0.174
大豆,智利,2001/02,production,0
大豆,中国,2001/02,production,15.41
大豆,中国台湾,2001/02,production,0
大豆,Australia,2001/02,production,0.063
大豆,Barbados,2001/02,production,0
大豆,Bosnia and Herzegovina,2001/02,production,0.004
大豆,Burma,2001/02,production,0.109
大豆,Costa Rica,2001/02,production,0
大豆,Cuba,2001/02,production,0
大豆,Ecuador,2001/02,production,0.067
大豆,Guatemala,2001/02,production,0.032
大豆,Israel,2001/02,production,0
大豆,"Korea, North",2001/02,production,0.088
大豆,Nicaragua,2001/02,production,0.004
大豆,Nigeria,2001/02,production,0.436
大豆,Norway,2001/02,production,0
大豆,Panama,2001/02,production,0
大豆,Serbia and Montenegro,2001/02,production,0.24
大豆,Singapore,2001/02,production,0
大豆,Switzerland,2001/02,production,0.001
大豆,Syria,2001/02,production,0.004
大豆,Trinidad and Tobago,2001/02,production,0
大豆,Uganda,2001/02,production,0.144
大豆,United Arab Emirates,2001/02,production,0
大豆,Uzbekistan,2001/02,production,0
大豆,Zambia,2001/02,production,0.028
大豆,Zimbabwe,2001/02,production,0.084
大豆,阿根廷,2002/03,consumption,24.793
大豆,埃及,2002/03,consumption,0.288
大豆,巴基斯坦,2002/03,consumption,0.088
大豆,巴拉圭,2002/03,consumption,1.471
大豆,巴西,2002/03,consumption,29.268
大豆,玻利维亚,2002/03,consumption,1.669
大豆,俄罗斯,2002/03,consumption,0.402
大豆,菲律宾,2002/03,consumption,0.259
大豆,哥伦比亚,2002/03,consumption,0.592
大豆,韩国,2002/03,consumption,1.631
大豆,加拿大,2002/03,consumption,2.296
大豆,马来西亚,2002/03,consumption,0.562
大豆,美国,2002/03,consumption,47.524
大豆,孟加拉国,2002/03,consumption,0.001
大豆,秘鲁,2002/03,consumption,0.108
大豆,摩洛哥,2002/03,consumption,0.33
大豆,墨西哥,2002/03,consumption,4.375
大豆,南非,2002/03,consumption,0.172
大豆,欧盟,2002/03,consumption,18.319
大豆,日本,2002/03,consumption,5.717
大豆,泰国,2002/03,consumption,2.018
大豆,土耳其,2002/03,consumption,0.78
大豆,委内瑞拉,2002/03,consumption,0.011
大豆,乌克兰,2002/03,consumption,0.118
大豆,乌拉圭,2002/03,consumption,0.017
大豆,伊朗,2002/03,consumption,0.703
大豆,印度,2002/03,consumption,4.04
大豆,印度尼西亚,2002/03,consumption,2.031
大豆,越南,2002/03,consumption,0.235
大豆,智利,2002/03,consumption,0.115
大豆,中国,2002/03,consumption,35.29
大豆,中国台湾,2002/03,consumption,2.361
大豆,Australia,2002/03,consumption,0.065
大豆,Barbados,2002/03,consumption,0.023
大豆,Bosnia and Herzegovina,2002/03,consumption,0.005
大豆,Burma,2002/03,consumption,0.119
大豆,Costa Rica,2002/03,consumption,0.219
大豆,Cuba,2002/03,consumption,0.107
大豆,Ecuador,2002/03,consumption,0.03
大豆,Guatemala,2002/03,consumption,0.042
大豆,Israel,2002/03,consumption,0.567
大豆,"Korea, North",2002/03,consumption,0.143
大豆,Nicaragua,2002/03,consumption,0.006
大豆,Nigeria,2002/03,consumption,0.47
大豆,Norway,2002/03,consumption,0.47
大豆,Panama,2002/03,consumption,0.013
大豆,Serbia and Montenegro,2002/03,consumption,0.244
大豆,Singapore,2002/03,consumption,0.018
大豆,Switzerland,2002/03,consumption,0.048
大豆,Syria,2002/03,consumption,0.098
大豆,Trinidad and Tobago,2002/03,consumption,0.08
大豆,Uganda,2002/03,consumption,0.165
大豆,United Arab Emirates,2002/03,consumption,0.159
大豆,Uzbekistan,2002/03,consumption,0.07
大豆,Zambia,2002/03,consumption,0.003
大豆,Zimbabwe,2002/03,consumption,0.036
大豆,阿根廷,2002/03,exports,8.624
大豆,埃及,2002/03,exports,0
大豆,巴基斯坦,2002/03,exports,0
大豆,巴拉圭,2002/03,exports,3.005
大豆,巴西,2002/03,exports,19.629
大豆,玻利维亚,2002/03,exports,0.13
大豆,俄罗斯,2002/03,exports,0.001
大豆,菲律宾,2002/03,exports,0
大豆,哥伦比亚,2002/03,exports,0.002
大豆,韩国,2002/03,exports,0
大豆,加拿大,2002/03,exports,0.726
大豆,马来西亚,2002/03,exports,0.023
大豆,美国,2002/03,exports,28.423
大豆,孟加拉国,2002/03,exports,0
大豆,秘鲁,2002/03,exports,0
大豆,摩洛哥,2002/03,exports,0
大豆,墨西哥,2002/03,exports,0.001
大豆,南非,2002/03,exports,0.004
大豆,欧盟,2002/03,exports,0.024
大豆,日本,2002/03,exports,0
大豆,泰国,2002/03,exports,0.001
大豆,土耳其,2002/03,exports,0
大豆,委内瑞拉,2002/03,exports,0
大豆,乌克兰,2002/03,exports,0.007
大豆,乌拉圭,2002/03,exports,0.18
大豆,伊朗,2002/03,exports,0
大豆,印度,2002/03,exports,0.005
大豆,印度尼西亚,2002/03,exports,0
大豆,越南,2002/03,exports,0.005
大豆,智利,2002/03,exports,0.001
大豆,中国,2002/03,exports,0.265
大豆,中国台湾,2002/03,exports,0
大豆,Australia,2002/03,exports,0.008
大豆,Barbados,2002/03,exports,0
大豆,Bosnia and Herzegovina,2002/03,exports,0
大豆,Burma,2002/03,exports,0
大豆,Costa Rica,2002/03,exports,0
大豆,Cuba,2002/03,exports,0
大豆,Ecuador,2002/03,exports,0.067
大豆,Guatemala,2002/03,exports,0.003
大豆,Israel,2002/03,exports,0
大豆,"Korea, North",2002/03,exports,0
大豆,Nicaragua,2002/03,exports,0
大豆,Nigeria,2002/03,exports,0
大豆,Norway,2002/03,exports,0
大豆,Panama,2002/03,exports,0
大豆,Serbia and Montenegro,2002/03,exports,0.01
大豆,Singapore,2002/03,exports,0.002
大豆,Switzerland,2002/03,exports,0
大豆,Syria,2002/03,exports,0
大豆,Trinidad and Tobago,2002/03,exports,0
大豆,Uganda,2002/03,exports,0.001
大豆,United Arab Emirates,2002/03,exports,0
大豆,Uzbekistan,2002/03,exports,0
大豆,Zambia,2002/03,exports,0
大豆,Zimbabwe,2002/03,exports,0.009
大豆,阿根廷,2002/03,imports,0.383
大豆,埃及,2002/03,imports,0.27
大豆,巴基斯坦,2002/03,imports,0.087
大豆,巴拉圭,2002/03,imports,0.01
大豆,巴西,2002/03,imports,1.321
大豆,玻利维亚,2002/03,imports,0.22
大豆,俄罗斯,2002/03,imports,0.015
大豆,菲律宾,2002/03,imports,0.248
大豆,哥伦比亚,2002/03,imports,0.515
大豆,韩国,2002/03,imports,1.516
大豆,加拿大,2002/03,imports,0.651
大豆,马来西亚,2002/03,imports,0.544
大豆,美国,2002/03,imports,0.127
大豆,孟加拉国,2002/03,imports,0.001
大豆,秘鲁,2002/03,imports,0.105
大豆,摩洛哥,2002/03,imports,0.359
大豆,墨西哥,2002/03,imports,4.23
大豆,南非,2002/03,imports,0.019
大豆,欧盟,2002/03,imports,17.023
大豆,日本,2002/03,imports,5.087
大豆,泰国,2002/03,imports,1.779
大豆,土耳其,2002/03,imports,0.742
大豆,委内瑞拉,2002/03,imports,0.004
大豆,乌克兰,2002/03,imports,0.001
大豆,乌拉圭,2002/03,imports,0
大豆,伊朗,2002/03,imports,0.533
大豆,印度,2002/03,imports,0
大豆,印度尼西亚,2002/03,imports,1.238
大豆,越南,2002/03,imports,0.034
大豆,智利,2002/03,imports,0.116
大豆,中国,2002/03,imports,21.417
大豆,中国台湾,2002/03,imports,2.351
大豆,Australia,2002/03,imports,0.065
大豆,Barbados,2002/03,imports,0.023
大豆,Bosnia and Herzegovina,2002/03,imports,0.002
大豆,Burma,2002/03,imports,0
大豆,Costa Rica,2002/03,imports,0.219
大豆,Cuba,2002/03,imports,0.108
大豆,Ecuador,2002/03,imports,0
大豆,Guatemala,2002/03,imports,0.01
大豆,Israel,2002/03,imports,0.5
大豆,"Korea, North",2002/03,imports,0.043
大豆,Nicaragua,2002/03,imports,0.003
大豆,Nigeria,2002/03,imports,0.01
大豆,Norway,2002/03,imports,0.465
大豆,Panama,2002/03,imports,0.013
大豆,Serbia and Montenegro,2002/03,imports,0.01
大豆,Singapore,2002/03,imports,0.02
大豆,Switzerland,2002/03,imports,0.043
大豆,Syria,2002/03,imports,0.092
大豆,Trinidad and Tobago,2002/03,imports,0.08
大豆,Uganda,2002/03,imports,0
大豆,United Arab Emirates,2002/03,imports,0.159
大豆,Uzbekistan,2002/03,imports,0.07
大豆,Zambia,2002/03,imports,0.001
大豆,Zimbabwe,2002/03,imports,0.003
大豆,阿根廷,2002/03,production,35.5
大豆,埃及,2002/03,production,0.018
大豆,巴基斯坦,2002/03,production,0.001
大豆,巴拉圭,2002/03,production,4.518
大豆,巴西,2002/03,production,52
大豆,玻利维亚,2002/03,production,1.584
大豆,俄罗斯,2002/03,production,0.392
大豆,菲律宾,2002/03,production,0.001
大豆,哥伦比亚,2002/03,production,0.081
大豆,韩国,2002/03,production,0.115
大豆,加拿大,2002/03,production,2.336
大豆,马来西亚,2002/03,production,0
大豆,美国,2002/03,production,75.01
大豆,孟加拉国,2002/03,production,0
大豆,秘鲁,2002/03,production,0.003
大豆,摩洛哥,2002/03,production,0.001
大豆,墨西哥,2002/03,production,0.089
大豆,南非,2002/03,production,0.137
大豆,欧盟,2002/03,production,1.122
大豆,日本,2002/03,production,0.27
大豆,泰国,2002/03,production,0.25
大豆,土耳其,2002/03,production,0.095
大豆,委内瑞拉,2002/03,production,0.002
大豆,乌克兰,2002/03,production,0.125
大豆,乌拉圭,2002/03,production,0.192
大豆,伊朗,2002/03,production,0.19
大豆,印度,2002/03,production,4
大豆,印度尼西亚,2002/03,production,0.78
大豆,越南,2002/03,production,0.206
大豆,智利,2002/03,production,0
大豆,中国,2002/03,production,16.507
大豆,中国台湾,2002/03,production,0
大豆,Australia,2002/03,production,0.018
大豆,Barbados,2002/03,production,0
大豆,Bosnia and Herzegovina,2002/03,production,0.007
大豆,Burma,2002/03,production,0.119
大豆,Costa Rica,2002/03,production,0
大豆,Cuba,2002/03,production,0
大豆,Ecuador,2002/03,production,0.097
大豆,Guatemala,2002/03,production,0.035
大豆,Israel,2002/03,production,0
大豆,"Korea, North",2002/03,production,0.1
大豆,Nicaragua,2002/03,production,0.003
大豆,Nigeria,2002/03,production,0.464
大豆,Norway,2002/03,production,0
大豆,Panama,2002/03,production,0
大豆,Serbia and Montenegro,2002/03,production,0.24
大豆,Singapore,2002/03,production,0
大豆,Switzerland,2002/03,production,0.005
大豆,Syria,2002/03,production,0.005
大豆,Trinidad and Tobago,2002/03,production,0
大豆,Uganda,2002/03,production,0.166
大豆,United Arab Emirates,2002/03,production,0
大豆,Uzbekistan,2002/03,production,0
大豆,Zambia,2002/03,production,0.002
大豆,Zimbabwe,2002/03,production,0.041
大豆,阿根廷,2003/04,consumption,26.44
大豆,埃及,2003/04,consumption,0.272
大豆,巴基斯坦,2003/04,consumption,0.08
大豆,巴拉圭,2003/04,consumption,1.482
大豆,巴西,2003/04,consumption,31.472
大豆,玻利维亚,2003/04,consumption,1.772
大豆,俄罗斯,2003/04,consumption,0.37
大豆,菲律宾,2003/04,consumption,0.234
大豆,哥伦比亚,2003/04,consumption,0.525
大豆,韩国,2003/04,consumption,1.511
大豆,加拿大,2003/04,consumption,2.08
大豆,马来西亚,2003/04,consumption,0.567
大豆,美国,2003/04,consumption,44.6
大豆,孟加拉国,2003/04,consumption,0.06
大豆,秘鲁,2003/04,consumption,0.023
大豆,摩洛哥,2003/04,consumption,0.434
大豆,墨西哥,2003/04,consumption,4.024
大豆,南非,2003/04,consumption,0.172
大豆,欧盟,2003/04,consumption,15.589
大豆,日本,2003/04,consumption,4.931
大豆,泰国,2003/04,consumption,1.637
大豆,土耳其,2003/04,consumption,0.666
大豆,委内瑞拉,2003/04,consumption,0.023
大豆,乌克兰,2003/04,consumption,0.172
大豆,乌拉圭,2003/04,consumption,0.033
大豆,伊朗,2003/04,consumption,0.948
大豆,印度,2003/04,consumption,6.43
大豆,印度尼西亚,2003/04,consumption,1.873
大豆,越南,2003/04,consumption,0.259
大豆,智利,2003/04,consumption,0.188
大豆,中国,2003/04,consumption,34.372
大豆,中国台湾,2003/04,consumption,2.279
大豆,Australia,2003/04,consumption,0.064
大豆,Barbados,2003/04,consumption,0.023
大豆,Bosnia and Herzegovina,2003/04,consumption,0.021
大豆,Burma,2003/04,consumption,0.122
大豆,Costa Rica,2003/04,consumption,0.212
大豆,Cuba,2003/04,consumption,0.16
大豆,Ecuador,2003/04,consumption,0.065
大豆,Guatemala,2003/04,consumption,0.037
大豆,Israel,2003/04,consumption,0.487
大豆,"Korea, North",2003/04,consumption,0.288
大豆,Nicaragua,2003/04,consumption,0.007
大豆,Nigeria,2003/04,consumption,0.501
大豆,Norway,2003/04,consumption,0.37
大豆,Panama,2003/04,consumption,0.006
大豆,Serbia and Montenegro,2003/04,consumption,0.299
大豆,Singapore,2003/04,consumption,0.021
大豆,Switzerland,2003/04,consumption,0.052
大豆,Syria,2003/04,consumption,0.191
大豆,Trinidad and Tobago,2003/04,consumption,0.071
大豆,Uganda,2003/04,consumption,0.187
大豆,United Arab Emirates,2003/04,consumption,0.21
大豆,Uzbekistan,2003/04,consumption,0.001
大豆,Zambia,2003/04,consumption,0.039
大豆,Zimbabwe,2003/04,consumption,0.091
大豆,阿根廷,2003/04,exports,6.741
大豆,埃及,2003/04,exports,0
大豆,巴基斯坦,2003/04,exports,0
大豆,巴拉圭,2003/04,exports,2.551
大豆,巴西,2003/04,exports,20.417
大豆,玻利维亚,2003/04,exports,0.074
大豆,俄罗斯,2003/04,exports,0.001
大豆,菲律宾,2003/04,exports,0
大豆,哥伦比亚,2003/04,exports,0
大豆,韩国,2003/04,exports,0
大豆,加拿大,2003/04,exports,0.914
大豆,马来西亚,2003/04,exports,0.017
大豆,美国,2003/04,exports,24.128
大豆,孟加拉国,2003/04,exports,0
大豆,秘鲁,2003/04,exports,0
大豆,摩洛哥,2003/04,exports,0
大豆,墨西哥,2003/04,exports,0.003
大豆,南非,2003/04,exports,0.067
大豆,欧盟,2003/04,exports,0.04
大豆,日本,2003/04,exports,0
大豆,泰国,2003/04,exports,0.001
大豆,土耳其,2003/04,exports,0.001
大豆,委内瑞拉,2003/04,exports,0
大豆,乌克兰,2003/04,exports,0.061
大豆,乌拉圭,2003/04,exports,0.327
大豆,伊朗,2003/04,exports,0
大豆,印度,2003/04,exports,0.239
大豆,印度尼西亚,2003/04,exports,0.001
大豆,越南,2003/04,exports,0
大豆,智利,2003/04,exports,0
大豆,中国,2003/04,exports,0.319
大豆,中国台湾,2003/04,exports,0
大豆,Australia,2003/04,exports,0.003
大豆,Barbados,2003/04,exports,0
大豆,Bosnia and Herzegovina,2003/04,exports,0
大豆,Burma,2003/04,exports,0
大豆,Costa Rica,2003/04,exports,0
大豆,Cuba,2003/04,exports,0
大豆,Ecuador,2003/04,exports,0.022
大豆,Guatemala,2003/04,exports,0.001
大豆,Israel,2003/04,exports,0
大豆,"Korea, North",2003/04,exports,0
大豆,Nicaragua,2003/04,exports,0
大豆,Nigeria,2003/04,exports,0
大豆,Norway,2003/04,exports,0
大豆,Panama,2003/04,exports,0
大豆,Serbia and Montenegro,2003/04,exports,0.002
大豆,Singapore,2003/04,exports,0.002
大豆,Switzerland,2003/04,exports,0
大豆,Syria,2003/04,exports,0
大豆,Trinidad and Tobago,2003/04,exports,0
大豆,Uganda,2003/04,exports,0
大豆,United Arab Emirates,2003/04,exports,0.001
大豆,Uzbekistan,2003/04,exports,0
大豆,Zambia,2003/04,exports,0.003
大豆,Zimbabwe,2003/04,exports,0
大豆,阿根廷,2003/04,imports,0.537
大豆,埃及,2003/04,imports,0.243
大豆,巴基斯坦,2003/04,imports,0.079
大豆,巴拉圭,2003/04,imports,0.015
大豆,巴西,2003/04,imports,0.328
大豆,玻利维亚,2003/04,imports,0.15
大豆,俄罗斯,2003/04,imports,0.001
大豆,菲律宾,2003/04,imports,0.239
大豆,哥伦比亚,2003/04,imports,0.46
大豆,韩国,2003/04,imports,1.368
大豆,加拿大,2003/04,imports,0.613
大豆,马来西亚,2003/04,imports,0.636
大豆,美国,2003/04,imports,0.151
大豆,孟加拉国,2003/04,imports,0.06
大豆,秘鲁,2003/04,imports,0.021
大豆,摩洛哥,2003/04,imports,0.438
大豆,墨西哥,2003/04,imports,3.797
大豆,南非,2003/04,imports,0.028
大豆,欧盟,2003/04,imports,14.751
大豆,日本,2003/04,imports,4.688
大豆,泰国,2003/04,imports,1.407
大豆,土耳其,2003/04,imports,0.6
大豆,委内瑞拉,2003/04,imports,0.019
大豆,乌克兰,2003/04,imports,0
大豆,乌拉圭,2003/04,imports,0
大豆,伊朗,2003/04,imports,0.883
大豆,印度,2003/04,imports,0
大豆,印度尼西亚,2003/04,imports,1.059
大豆,越南,2003/04,imports,0.039
大豆,智利,2003/04,imports,0.188
大豆,中国,2003/04,imports,16.933
大豆,中国台湾,2003/04,imports,2.218
大豆,Australia,2003/04,imports,0.009
大豆,Barbados,2003/04,imports,0.023
大豆,Bosnia and Herzegovina,2003/04,imports,0.016
大豆,Burma,2003/04,imports,0
大豆,Costa Rica,2003/04,imports,0.212
大豆,Cuba,2003/04,imports,0.16
大豆,Ecuador,2003/04,imports,0
大豆,Guatemala,2003/04,imports,0.004
大豆,Israel,2003/04,imports,0.494
大豆,"Korea, North",2003/04,imports,0.248
大豆,Nicaragua,2003/04,imports,0
大豆,Nigeria,2003/04,imports,0.01
大豆,Norway,2003/04,imports,0.37
大豆,Panama,2003/04,imports,0.006
大豆,Serbia and Montenegro,2003/04,imports,0.003
大豆,Singapore,2003/04,imports,0.023
大豆,Switzerland,2003/04,imports,0.046
大豆,Syria,2003/04,imports,0.181
大豆,Trinidad and Tobago,2003/04,imports,0.068
大豆,Uganda,2003/04,imports,0
大豆,United Arab Emirates,2003/04,imports,0.211
大豆,Uzbekistan,2003/04,imports,0.001
大豆,Zambia,2003/04,imports,0
大豆,Zimbabwe,2003/04,imports,0.003
大豆,阿根廷,2003/04,production,33
大豆,埃及,2003/04,production,0.029
大豆,巴基斯坦,2003/04,production,0.001
大豆,巴拉圭,2003/04,production,3.911
大豆,巴西,2003/04,production,51
大豆,玻利维亚,2003/04,production,1.584
大豆,俄罗斯,2003/04,production,0.364
大豆,菲律宾,2003/04,production,0.001
大豆,哥伦比亚,2003/04,production,0.092
大豆,韩国,2003/04,production,0.105
大豆,加拿大,2003/04,production,2.273
大豆,马来西亚,2003/04,production,0
大豆,美国,2003/04,production,66.783
大豆,孟加拉国,2003/04,production,0
大豆,秘鲁,2003/04,production,0.002
大豆,摩洛哥,2003/04,production,0.001
大豆,墨西哥,2003/04,production,0.125
大豆,南非,2003/04,production,0.22
大豆,欧盟,2003/04,production,0.908
大豆,日本,2003/04,production,0.232
大豆,泰国,2003/04,production,0.22
大豆,土耳其,2003/04,production,0.045
大豆,委内瑞拉,2003/04,production,0.003
大豆,乌克兰,2003/04,production,0.232
大豆,乌拉圭,2003/04,production,0.377
大豆,伊朗,2003/04,production,0.19
大豆,印度,2003/04,production,6.8
大豆,印度尼西亚,2003/04,production,0.82
大豆,越南,2003/04,production,0.22
大豆,智利,2003/04,production,0
大豆,中国,2003/04,production,15.394
大豆,中国台湾,2003/04,production,0
大豆,Australia,2003/04,production,0.074
大豆,Barbados,2003/04,production,0
大豆,Bosnia and Herzegovina,2003/04,production,0.005
大豆,Burma,2003/04,production,0.122
大豆,Costa Rica,2003/04,production,0
大豆,Cuba,2003/04,production,0
大豆,Ecuador,2003/04,production,0.086
大豆,Guatemala,2003/04,production,0.034
大豆,Israel,2003/04,production,0
大豆,"Korea, North",2003/04,production,0.1
大豆,Nicaragua,2003/04,production,0.007
大豆,Nigeria,2003/04,production,0.494
大豆,Norway,2003/04,production,0
大豆,Panama,2003/04,production,0
大豆,Serbia and Montenegro,2003/04,production,0.3
大豆,Singapore,2003/04,production,0
大豆,Switzerland,2003/04,production,0.006
大豆,Syria,2003/04,production,0.004
大豆,Trinidad and Tobago,2003/04,production,0
大豆,Uganda,2003/04,production,0.187
大豆,United Arab Emirates,2003/04,production,0
大豆,Uzbekistan,2003/04,production,0
大豆,Zambia,2003/04,production,0.042
大豆,Zimbabwe,2003/04,production,0.086
大豆,阿根廷,2004/05,consumption,28.753
大豆,埃及,2004/05,consumption,0.665
大豆,巴基斯坦,2004/05,consumption,0.001
大豆,巴拉圭,2004/05,consumption,1.337
大豆,巴西,2004/05,consumption,31.892
大豆,玻利维亚,2004/05,consumption,1.826
大豆,俄罗斯,2004/05,consumption,0.518
大豆,菲律宾,2004/05,consumption,0.215
大豆,哥伦比亚,2004/05,consumption,0.42
大豆,韩国,2004/05,consumption,1.4
大豆,加拿大,2004/05,consumption,2.048
大豆,马来西亚,2004/05,consumption,0.603
大豆,美国,2004/05,consumption,51.407
大豆,孟加拉国,2004/05,consumption,0.123
大豆,秘鲁,2004/05,consumption,0.027
大豆,摩洛哥,2004/05,consumption,0.469
大豆,墨西哥,2004/05,consumption,3.764
大豆,南非,2004/05,consumption,0.234
大豆,欧盟,2004/05,consumption,15.862
大豆,日本,2004/05,consumption,4.499
大豆,泰国,2004/05,consumption,1.762
大豆,土耳其,2004/05,consumption,0.811
大豆,委内瑞拉,2004/05,consumption,0.013
大豆,乌克兰,2004/05,consumption,0.315
大豆,乌拉圭,2004/05,consumption,0.025
大豆,伊朗,2004/05,consumption,1.269
大豆,印度,2004/05,consumption,5.75
大豆,印度尼西亚,2004/05,consumption,1.939
大豆,越南,2004/05,consumption,0.252
大豆,智利,2004/05,consumption,0.182
大豆,中国,2004/05,consumption,40.213
大豆,中国台湾,2004/05,consumption,2.235
大豆,Australia,2004/05,consumption,0.06
大豆,Barbados,2004/05,consumption,0.025
大豆,Bosnia and Herzegovina,2004/05,consumption,0.019
大豆,Burma,2004/05,consumption,0.147
大豆,Costa Rica,2004/05,consumption,0.193
大豆,Cuba,2004/05,consumption,0.16
大豆,Ecuador,2004/05,consumption,0.078
大豆,Ethiopia,2004/05,consumption,0.002
大豆,Guatemala,2004/05,consumption,0.044
大豆,Israel,2004/05,consumption,0.543
大豆,"Korea, North",2004/05,consumption,0.234
大豆,Nicaragua,2004/05,consumption,0.008
大豆,Nigeria,2004/05,consumption,0.518
大豆,Norway,2004/05,consumption,0.388
大豆,Panama,2004/05,consumption,0.006
大豆,Serbia and Montenegro,2004/05,consumption,0.298
大豆,Singapore,2004/05,consumption,0.02
大豆,Switzerland,2004/05,consumption,0.059
大豆,Syria,2004/05,consumption,0.203
大豆,Trinidad and Tobago,2004/05,consumption,0.067
大豆,Uganda,2004/05,consumption,0.158
大豆,United Arab Emirates,2004/05,consumption,0.327
大豆,Uzbekistan,2004/05,consumption,0.005
大豆,Zambia,2004/05,consumption,0.055
大豆,Zimbabwe,2004/05,consumption,0.115
大豆,阿根廷,2004/05,exports,9.568
大豆,埃及,2004/05,exports,0
大豆,巴基斯坦,2004/05,exports,0
大豆,巴拉圭,2004/05,exports,2.955
大豆,巴西,2004/05,exports,20.137
大豆,玻利维亚,2004/05,exports,0.15
大豆,俄罗斯,2004/05,exports,0.009
大豆,菲律宾,2004/05,exports,0
大豆,哥伦比亚,2004/05,exports,0
大豆,韩国,2004/05,exports,0
大豆,加拿大,2004/05,exports,1.124
大豆,马来西亚,2004/05,exports,0.018
大豆,美国,2004/05,exports,29.86
大豆,孟加拉国,2004/05,exports,0
大豆,秘鲁,2004/05,exports,0
大豆,摩洛哥,2004/05,exports,0
大豆,墨西哥,2004/05,exports,0.001
大豆,南非,2004/05,exports,0.053
大豆,欧盟,2004/05,exports,0.044
大豆,日本,2004/05,exports,0
大豆,泰国,2004/05,exports,0.001
大豆,土耳其,2004/05,exports,0
大豆,委内瑞拉,2004/05,exports,0
大豆,乌克兰,2004/05,exports,0.036
大豆,乌拉圭,2004/05,exports,0.456
大豆,伊朗,2004/05,exports,0
大豆,印度,2004/05,exports,0.006
大豆,印度尼西亚,2004/05,exports,0.001
大豆,越南,2004/05,exports,0
大豆,智利,2004/05,exports,0.001
大豆,中国,2004/05,exports,0.39
大豆,中国台湾,2004/05,exports,0
大豆,Australia,2004/05,exports,0.005
大豆,Barbados,2004/05,exports,0
大豆,Bosnia and Herzegovina,2004/05,exports,0
大豆,Burma,2004/05,exports,0
大豆,Costa Rica,2004/05,exports,0
大豆,Cuba,2004/05,exports,0
大豆,Ecuador,2004/05,exports,0.003
大豆,Ethiopia,2004/05,exports,0
大豆,Guatemala,2004/05,exports,0.001
大豆,Israel,2004/05,exports,0
大豆,"Korea, North",2004/05,exports,0
大豆,Nicaragua,2004/05,exports,0
大豆,Nigeria,2004/05,exports,0
大豆,Norway,2004/05,exports,0
大豆,Panama,2004/05,exports,0
大豆,Serbia and Montenegro,2004/05,exports,0.002
大豆,Singapore,2004/05,exports,0.002
大豆,Switzerland,2004/05,exports,0
大豆,Syria,2004/05,exports,0
大豆,Trinidad and Tobago,2004/05,exports,0
大豆,Uganda,2004/05,exports,0
大豆,United Arab Emirates,2004/05,exports,0.004
大豆,Uzbekistan,2004/05,exports,0
大豆,Zambia,2004/05,exports,0
大豆,Zimbabwe,2004/05,exports,0
大豆,阿根廷,2004/05,imports,0.692
大豆,埃及,2004/05,imports,0.762
大豆,巴基斯坦,2004/05,imports,0
大豆,巴拉圭,2004/05,imports,0.034
大豆,巴西,2004/05,imports,0.475
大豆,玻利维亚,2004/05,imports,0.157
大豆,俄罗斯,2004/05,imports,0.04
大豆,菲律宾,2004/05,imports,0.23
大豆,哥伦比亚,2004/05,imports,0.329
大豆,韩国,2004/05,imports,1.24
大豆,加拿大,2004/05,imports,0.386
大豆,马来西亚,2004/05,imports,0.648
大豆,美国,2004/05,imports,0.152
大豆,孟加拉国,2004/05,imports,0.131
大豆,秘鲁,2004/05,imports,0.024
大豆,摩洛哥,2004/05,imports,0.499
大豆,墨西哥,2004/05,imports,3.64
大豆,南非,2004/05,imports,0.006
大豆,欧盟,2004/05,imports,14.591
大豆,日本,2004/05,imports,4.295
大豆,泰国,2004/05,imports,1.517
大豆,土耳其,2004/05,imports,1.112
大豆,委内瑞拉,2004/05,imports,0.01
大豆,乌克兰,2004/05,imports,0
大豆,乌拉圭,2004/05,imports,0
大豆,伊朗,2004/05,imports,0.976
大豆,印度,2004/05,imports,0
大豆,印度尼西亚,2004/05,imports,1.112
大豆,越南,2004/05,imports,0.006
大豆,智利,2004/05,imports,0.183
大豆,中国,2004/05,imports,25.802
大豆,中国台湾,2004/05,imports,2.256
大豆,Australia,2004/05,imports,0.001
大豆,Barbados,2004/05,imports,0.025
大豆,Bosnia and Herzegovina,2004/05,imports,0.01
大豆,Burma,2004/05,imports,0
大豆,Costa Rica,2004/05,imports,0.193
大豆,Cuba,2004/05,imports,0.16
大豆,Ecuador,2004/05,imports,0
大豆,Ethiopia,2004/05,imports,0.001
大豆,Guatemala,2004/05,imports,0.009
大豆,Israel,2004/05,imports,0.543
大豆,"Korea, North",2004/05,imports,0.044
大豆,Nicaragua,2004/05,imports,0
大豆,Nigeria,2004/05,imports,0.005
大豆,Norway,2004/05,imports,0.388
大豆,Panama,2004/05,imports,0.006
大豆,Serbia and Montenegro,2004/05,imports,0
大豆,Singapore,2004/05,imports,0.022
大豆,Switzerland,2004/05,imports,0.052
大豆,Syria,2004/05,imports,0.198
大豆,Trinidad and Tobago,2004/05,imports,0.067
大豆,Uganda,2004/05,imports,0
大豆,United Arab Emirates,2004/05,imports,0.46
大豆,Uzbekistan,2004/05,imports,0.01
大豆,Zambia,2004/05,imports,0
大豆,Zimbabwe,2004/05,imports,0.065
大豆,阿根廷,2004/05,production,39
大豆,埃及,2004/05,production,0.043
大豆,巴基斯坦,2004/05,production,0.001
大豆,巴拉圭,2004/05,production,4.041
大豆,巴西,2004/05,production,53
大豆,玻利维亚,2004/05,production,1.689
大豆,俄罗斯,2004/05,production,0.514
大豆,菲律宾,2004/05,production,0.001
大豆,哥伦比亚,2004/05,production,0.078
大豆,韩国,2004/05,production,0.139
大豆,加拿大,2004/05,production,3.044
大豆,马来西亚,2004/05,production,0
大豆,美国,2004/05,production,85.016
大豆,孟加拉国,2004/05,production,0
大豆,秘鲁,2004/05,production,0.003
大豆,摩洛哥,2004/05,production,0
大豆,墨西哥,2004/05,production,0.132
大豆,南非,2004/05,production,0.273
大豆,欧盟,2004/05,production,1.166
大豆,日本,2004/05,production,0.163
大豆,泰国,2004/05,production,0.217
大豆,土耳其,2004/05,production,0.025
大豆,委内瑞拉,2004/05,production,0.004
大豆,乌克兰,2004/05,production,0.363
大豆,乌拉圭,2004/05,production,0.479
大豆,伊朗,2004/05,production,0.198
大豆,印度,2004/05,production,5.85
大豆,印度尼西亚,2004/05,production,0.825
大豆,越南,2004/05,production,0.246
大豆,智利,2004/05,production,0
大豆,中国,2004/05,production,17.401
大豆,中国台湾,2004/05,production,0
大豆,Australia,2004/05,production,0.054
大豆,Barbados,2004/05,production,0
大豆,Bosnia and Herzegovina,2004/05,production,0.009
大豆,Burma,2004/05,production,0.147
大豆,Costa Rica,2004/05,production,0
大豆,Cuba,2004/05,production,0
大豆,Ecuador,2004/05,production,0.086
大豆,Ethiopia,2004/05,production,0.001
大豆,Guatemala,2004/05,production,0.036
大豆,Israel,2004/05,production,0
大豆,"Korea, North",2004/05,production,0.13
大豆,Nicaragua,2004/05,production,0.008
大豆,Nigeria,2004/05,production,0.528
大豆,Norway,2004/05,production,0
大豆,Panama,2004/05,production,0
大豆,Serbia and Montenegro,2004/05,production,0.3
大豆,Singapore,2004/05,production,0
大豆,Switzerland,2004/05,production,0.007
大豆,Syria,2004/05,production,0.004
大豆,Trinidad and Tobago,2004/05,production,0
大豆,Uganda,2004/05,production,0.158
大豆,United Arab Emirates,2004/05,production,0
大豆,Uzbekistan,2004/05,production,0
大豆,Zambia,2004/05,production,0.055
大豆,Zimbabwe,2004/05,production,0.057
大豆,阿根廷,2005/06,consumption,33.408
大豆,埃及,2005/06,consumption,0.922
大豆,巴基斯坦,2005/06,consumption,0.013
大豆,巴拉圭,2005/06,consumption,1.43
大豆,巴西,2005/06,consumption,30.736
大豆,玻利维亚,2005/06,consumption,1.841
大豆,俄罗斯,2005/06,consumption,0.63
大豆,菲律宾,2005/06,consumption,0.145
大豆,哥伦比亚,2005/06,consumption,0.422
大豆,韩国,2005/06,consumption,1.337
大豆,加拿大,2005/06,consumption,1.996
大豆,马来西亚,2005/06,consumption,0.567
大豆,美国,2005/06,consumption,52.751
大豆,孟加拉国,2005/06,consumption,0.127
大豆,秘鲁,2005/06,consumption,0.04
大豆,摩洛哥,2005/06,consumption,0.45
大豆,墨西哥,2005/06,consumption,3.758
大豆,南非,2005/06,consumption,0.336
大豆,欧盟,2005/06,consumption,15.254
大豆,日本,2005/06,consumption,4.259
大豆,沙特阿拉伯,2005/06,consumption,0.001
大豆,泰国,2005/06,consumption,1.693
大豆,突尼斯,2005/06,consumption,0
大豆,土耳其,2005/06,consumption,1.064
大豆,委内瑞拉,2005/06,consumption,0.056
大豆,乌克兰,2005/06,consumption,0.376
大豆,乌拉圭,2005/06,consumption,0.027
大豆,伊朗,2005/06,consumption,0.611
大豆,印度,2005/06,consumption,7.82
大豆,印度尼西亚,2005/06,consumption,2.029
大豆,越南,2005/06,consumption,0.318
大豆,智利,2005/06,consumption,0.189
大豆,中国,2005/06,consumption,44.44
大豆,中国台湾,2005/06,consumption,2.387
大豆,Australia,2005/06,consumption,0.059
大豆,Barbados,2005/06,consumption,0.019
大豆,Bosnia and Herzegovina,2005/06,consumption,0.031
大豆,Burma,2005/06,consumption,0.154
大豆,Costa Rica,2005/06,consumption,0.195
大豆,Cuba,2005/06,consumption,0.096
大豆,Ecuador,2005/06,consumption,0.065
大豆,Ethiopia,2005/06,consumption,0.001
大豆,Guatemala,2005/06,consumption,0.048
大豆,Israel,2005/06,consumption,0.325
大豆,Kazakhstan,2005/06,consumption,0
大豆,"Korea, North",2005/06,consumption,0.213
大豆,Nicaragua,2005/06,consumption,0.006
大豆,Nigeria,2005/06,consumption,0.557
大豆,Norway,2005/06,consumption,0.402
大豆,Panama,2005/06,consumption,0.005
大豆,Serbia and Montenegro,2005/06,consumption,0.306
大豆,Singapore,2005/06,consumption,0.02
大豆,Switzerland,2005/06,consumption,0.043
大豆,Syria,2005/06,consumption,0.344
大豆,Trinidad and Tobago,2005/06,consumption,0.004
大豆,Uganda,2005/06,consumption,0.157
大豆,United Arab Emirates,2005/06,consumption,0.359
大豆,Uzbekistan,2005/06,consumption,0.008
大豆,Zambia,2005/06,consumption,0.068
大豆,Zimbabwe,2005/06,consumption,0.081
大豆,阿根廷,2005/06,exports,7.249
大豆,埃及,2005/06,exports,0
大豆,巴基斯坦,2005/06,exports,0
大豆,巴拉圭,2005/06,exports,2.166
大豆,巴西,2005/06,exports,25.911
大豆,玻利维亚,2005/06,exports,0.058
大豆,俄罗斯,2005/06,exports,0.003
大豆,菲律宾,2005/06,exports,0
大豆,哥伦比亚,2005/06,exports,0
大豆,韩国,2005/06,exports,0
大豆,加拿大,2005/06,exports,1.326
大豆,马来西亚,2005/06,exports,0.014
大豆,美国,2005/06,exports,25.579
大豆,孟加拉国,2005/06,exports,0
大豆,秘鲁,2005/06,exports,0
大豆,摩洛哥,2005/06,exports,0
大豆,墨西哥,2005/06,exports,0
大豆,南非,2005/06,exports,0
大豆,欧盟,2005/06,exports,0.078
大豆,日本,2005/06,exports,0
大豆,沙特阿拉伯,2005/06,exports,0
大豆,泰国,2005/06,exports,0.001
大豆,突尼斯,2005/06,exports,0
大豆,土耳其,2005/06,exports,0
大豆,委内瑞拉,2005/06,exports,0
大豆,乌克兰,2005/06,exports,0.224
大豆,乌拉圭,2005/06,exports,0.653
大豆,伊朗,2005/06,exports,0
大豆,印度,2005/06,exports,0.006
大豆,印度尼西亚,2005/06,exports,0.001
大豆,越南,2005/06,exports,0
大豆,智利,2005/06,exports,0.001
大豆,中国,2005/06,exports,0.354
大豆,中国台湾,2005/06,exports,0
大豆,Australia,2005/06,exports,0.003
大豆,Barbados,2005/06,exports,0
大豆,Bosnia and Herzegovina,2005/06,exports,0
大豆,Burma,2005/06,exports,0.004
大豆,Costa Rica,2005/06,exports,0
大豆,Cuba,2005/06,exports,0
大豆,Ecuador,2005/06,exports,0
大豆,Ethiopia,2005/06,exports,0
大豆,Guatemala,2005/06,exports,0.001
大豆,Israel,2005/06,exports,0
大豆,Kazakhstan,2005/06,exports,0
大豆,"Korea, North",2005/06,exports,0
大豆,Nicaragua,2005/06,exports,0
大豆,Nigeria,2005/06,exports,0
大豆,Norway,2005/06,exports,0
大豆,Panama,2005/06,exports,0
大豆,Serbia and Montenegro,2005/06,exports,0.003
大豆,Singapore,2005/06,exports,0.001
大豆,Switzerland,2005/06,exports,0
大豆,Syria,2005/06,exports,0
大豆,Trinidad and Tobago,2005/06,exports,0
大豆,Uganda,2005/06,exports,0.001
大豆,United Arab Emirates,2005/06,exports,0
大豆,Uzbekistan,2005/06,exports,0
大豆,Zambia,2005/06,exports,0
大豆,Zimbabwe,2005/06,exports,0
大豆,阿根廷,2005/06,imports,0.584
大豆,埃及,2005/06,imports,0.776
大豆,巴基斯坦,2005/06,imports,0.012
大豆,巴拉圭,2005/06,imports,0.01
大豆,巴西,2005/06,imports,0.063
大豆,玻利维亚,2005/06,imports,0.209
大豆,俄罗斯,2005/06,imports,0.002
大豆,菲律宾,2005/06,imports,0.121
大豆,哥伦比亚,2005/06,imports,0.372
大豆,韩国,2005/06,imports,1.19
大豆,加拿大,2005/06,imports,0.349
大豆,马来西亚,2005/06,imports,0.519
大豆,美国,2005/06,imports,0.092
大豆,孟加拉国,2005/06,imports,0.126
大豆,秘鲁,2005/06,imports,0.037
大豆,摩洛哥,2005/06,imports,0.424
大豆,墨西哥,2005/06,imports,3.667
大豆,南非,2005/06,imports,0.024
大豆,欧盟,2005/06,imports,14.014
大豆,日本,2005/06,imports,3.962
大豆,沙特阿拉伯,2005/06,imports,0.001
大豆,泰国,2005/06,imports,1.473
大豆,突尼斯,2005/06,imports,0
大豆,土耳其,2005/06,imports,0.889
大豆,委内瑞拉,2005/06,imports,0.053
大豆,乌克兰,2005/06,imports,0.002
大豆,乌拉圭,2005/06,imports,0
大豆,伊朗,2005/06,imports,0.401
大豆,印度,2005/06,imports,0
大豆,印度尼西亚,2005/06,imports,1.187
大豆,越南,2005/06,imports,0.046
大豆,智利,2005/06,imports,0.19
大豆,中国,2005/06,imports,28.317
大豆,中国台湾,2005/06,imports,2.498
大豆,Australia,2005/06,imports,0.001
大豆,Barbados,2005/06,imports,0.019
大豆,Bosnia and Herzegovina,2005/06,imports,0.021
大豆,Burma,2005/06,imports,0
大豆,Costa Rica,2005/06,imports,0.195
大豆,Cuba,2005/06,imports,0.096
大豆,Ecuador,2005/06,imports,0
大豆,Ethiopia,2005/06,imports,0
大豆,Guatemala,2005/06,imports,0.021
大豆,Israel,2005/06,imports,0.31
大豆,Kazakhstan,2005/06,imports,0
大豆,"Korea, North",2005/06,imports,0.043
大豆,Nicaragua,2005/06,imports,0
大豆,Nigeria,2005/06,imports,0.02
大豆,Norway,2005/06,imports,0.402
大豆,Panama,2005/06,imports,0.005
大豆,Serbia and Montenegro,2005/06,imports,0.009
大豆,Singapore,2005/06,imports,0.021
大豆,Switzerland,2005/06,imports,0.039
大豆,Syria,2005/06,imports,0.313
大豆,Trinidad and Tobago,2005/06,imports,0
大豆,Uganda,2005/06,imports,0
大豆,United Arab Emirates,2005/06,imports,0.288
大豆,Uzbekistan,2005/06,imports,0.003
大豆,Zambia,2005/06,imports,0
大豆,Zimbabwe,2005/06,imports,0.001
大豆,阿根廷,2005/06,production,40.5
大豆,埃及,2005/06,production,0.026
大豆,巴基斯坦,2005/06,production,0.001
大豆,巴拉圭,2005/06,production,3.641
大豆,巴西,2005/06,production,57
大豆,玻利维亚,2005/06,production,1.615
大豆,俄罗斯,2005/06,production,0.638
大豆,菲律宾,2005/06,production,0.001
大豆,哥伦比亚,2005/06,production,0.062
大豆,韩国,2005/06,production,0.183
大豆,加拿大,2005/06,production,3.156
大豆,马来西亚,2005/06,production,0
大豆,美国,2005/06,production,83.507
大豆,孟加拉国,2005/06,production,0
大豆,秘鲁,2005/06,production,0.003
大豆,摩洛哥,2005/06,production,0
大豆,墨西哥,2005/06,production,0.187
大豆,南非,2005/06,production,0.424
大豆,欧盟,2005/06,production,1.294
大豆,日本,2005/06,production,0.226
大豆,沙特阿拉伯,2005/06,production,0
大豆,泰国,2005/06,production,0.226
大豆,突尼斯,2005/06,production,0
大豆,土耳其,2005/06,production,0.025
大豆,委内瑞拉,2005/06,production,0.003
大豆,乌克兰,2005/06,production,0.613
大豆,乌拉圭,2005/06,production,0.681
大豆,伊朗,2005/06,production,0.21
大豆,印度,2005/06,production,7.388
大豆,印度尼西亚,2005/06,production,0.832
大豆,越南,2005/06,production,0.292
大豆,智利,2005/06,production,0
大豆,中国,2005/06,production,16.35
大豆,中国台湾,2005/06,production,0
大豆,Australia,2005/06,production,0.056
大豆,Barbados,2005/06,production,0
大豆,Bosnia and Herzegovina,2005/06,production,0.012
大豆,Burma,2005/06,production,0.158
大豆,Costa Rica,2005/06,production,0
大豆,Cuba,2005/06,production,0
大豆,Ecuador,2005/06,production,0.063
大豆,Ethiopia,2005/06,production,0.001
大豆,Guatemala,2005/06,production,0.036
大豆,Israel,2005/06,production,0
大豆,Kazakhstan,2005/06,production,0
大豆,"Korea, North",2005/06,production,0.17
大豆,Nicaragua,2005/06,production,0.006
大豆,Nigeria,2005/06,production,0.565
大豆,Norway,2005/06,production,0
大豆,Panama,2005/06,production,0
大豆,Serbia and Montenegro,2005/06,production,0.3
大豆,Singapore,2005/06,production,0
大豆,Switzerland,2005/06,production,0.004
大豆,Syria,2005/06,production,0.004
大豆,Trinidad and Tobago,2005/06,production,0
大豆,Uganda,2005/06,production,0.158
大豆,United Arab Emirates,2005/06,production,0
大豆,Uzbekistan,2005/06,production,0
大豆,Zambia,2005/06,production,0.09
大豆,Zimbabwe,2005/06,production,0.07
大豆,阿根廷,2006/07,consumption,35.216
大豆,埃及,2006/07,consumption,1.18
大豆,巴基斯坦,2006/07,consumption,0.031
大豆,巴拉圭,2006/07,consumption,1.48
大豆,巴西,2006/07,consumption,33.534
大豆,玻利维亚,2006/07,consumption,1.8
大豆,俄罗斯,2006/07,consumption,0.78
大豆,菲律宾,2006/07,consumption,0.12
大豆,哥伦比亚,2006/07,consumption,0.413
大豆,韩国,2006/07,consumption,1.398
大豆,加拿大,2006/07,consumption,1.998
大豆,马来西亚,2006/07,consumption,0.529
大豆,美国,2006/07,consumption,53.473
大豆,孟加拉国,2006/07,consumption,0.165
大豆,秘鲁,2006/07,consumption,0.052
大豆,摩洛哥,2006/07,consumption,0.454
大豆,墨西哥,2006/07,consumption,3.826
大豆,南非,2006/07,consumption,0.35
大豆,欧盟,2006/07,consumption,16.249
大豆,日本,2006/07,consumption,4.229
大豆,沙特阿拉伯,2006/07,consumption,0.006
大豆,泰国,2006/07,consumption,1.742
大豆,突尼斯,2006/07,consumption,0
大豆,土耳其,2006/07,consumption,1.251
大豆,委内瑞拉,2006/07,consumption,0.026
大豆,乌克兰,2006/07,consumption,0.478
大豆,乌拉圭,2006/07,consumption,0.034
大豆,伊朗,2006/07,consumption,1.46
大豆,印度,2006/07,consumption,7.32
大豆,印度尼西亚,2006/07,consumption,2.074
大豆,越南,2006/07,consumption,0.329
大豆,智利,2006/07,consumption,0.176
大豆,中国,2006/07,consumption,46.126
大豆,中国台湾,2006/07,consumption,2.398
大豆,Australia,2006/07,consumption,0.058
大豆,Barbados,2006/07,consumption,0.018
大豆,Bosnia and Herzegovina,2006/07,consumption,0.024
大豆,Burma,2006/07,consumption,0.185
大豆,Costa Rica,2006/07,consumption,0.208
大豆,Cuba,2006/07,consumption,0.162
大豆,Ecuador,2006/07,consumption,0.063
大豆,Ethiopia,2006/07,consumption,0.004
大豆,Guatemala,2006/07,consumption,0.043
大豆,Israel,2006/07,consumption,0.452
大豆,Kazakhstan,2006/07,consumption,0.108
大豆,"Korea, North",2006/07,consumption,0.202
大豆,Nicaragua,2006/07,consumption,0.002
大豆,Nigeria,2006/07,consumption,0.608
大豆,Norway,2006/07,consumption,0.415
大豆,Panama,2006/07,consumption,0.003
大豆,Serbia,2006/07,consumption,0.343
大豆,Singapore,2006/07,consumption,0.018
大豆,Switzerland,2006/07,consumption,0.043
大豆,Syria,2006/07,consumption,0.386
大豆,Trinidad and Tobago,2006/07,consumption,0
大豆,Uganda,2006/07,consumption,0.17
大豆,United Arab Emirates,2006/07,consumption,0.522
大豆,Uzbekistan,2006/07,consumption,0.01
大豆,Zambia,2006/07,consumption,0.073
大豆,Zimbabwe,2006/07,consumption,0.112
大豆,阿根廷,2006/07,exports,9.56
大豆,埃及,2006/07,exports,0
大豆,巴基斯坦,2006/07,exports,0
大豆,巴拉圭,2006/07,exports,3.909
大豆,巴西,2006/07,exports,23.485
大豆,玻利维亚,2006/07,exports,0.08
大豆,俄罗斯,2006/07,exports,0.016
大豆,菲律宾,2006/07,exports,0
大豆,哥伦比亚,2006/07,exports,0
大豆,韩国,2006/07,exports,0
大豆,加拿大,2006/07,exports,1.683
大豆,马来西亚,2006/07,exports,0.018
大豆,美国,2006/07,exports,30.386
大豆,孟加拉国,2006/07,exports,0
大豆,秘鲁,2006/07,exports,0
大豆,摩洛哥,2006/07,exports,0
大豆,墨西哥,2006/07,exports,0
大豆,南非,2006/07,exports,0
大豆,欧盟,2006/07,exports,0.06
大豆,日本,2006/07,exports,0.007
大豆,沙特阿拉伯,2006/07,exports,0
大豆,泰国,2006/07,exports,0.001
大豆,突尼斯,2006/07,exports,0
大豆,土耳其,2006/07,exports,0
大豆,委内瑞拉,2006/07,exports,0
大豆,乌克兰,2006/07,exports,0.42
大豆,乌拉圭,2006/07,exports,0.813
大豆,伊朗,2006/07,exports,0.001
大豆,印度,2006/07,exports,0.001
大豆,印度尼西亚,2006/07,exports,0.002
大豆,越南,2006/07,exports,0
大豆,智利,2006/07,exports,0.002
大豆,中国,2006/07,exports,0.446
大豆,中国台湾,2006/07,exports,0
大豆,Australia,2006/07,exports,0.003
大豆,Barbados,2006/07,exports,0
大豆,Bosnia and Herzegovina,2006/07,exports,0
大豆,Burma,2006/07,exports,0.001
大豆,Costa Rica,2006/07,exports,0
大豆,Cuba,2006/07,exports,0
大豆,Ecuador,2006/07,exports,0.005
大豆,Ethiopia,2006/07,exports,0
大豆,Guatemala,2006/07,exports,0.001
大豆,Israel,2006/07,exports,0
大豆,Kazakhstan,2006/07,exports,0.002
大豆,"Korea, North",2006/07,exports,0
大豆,Nicaragua,2006/07,exports,0
大豆,Nigeria,2006/07,exports,0
大豆,Norway,2006/07,exports,0
大豆,Panama,2006/07,exports,0
大豆,Serbia,2006/07,exports,0.004
大豆,Singapore,2006/07,exports,0.001
大豆,Switzerland,2006/07,exports,0
大豆,Syria,2006/07,exports,0
大豆,Trinidad and Tobago,2006/07,exports,0
大豆,Uganda,2006/07,exports,0.005
大豆,United Arab Emirates,2006/07,exports,0
大豆,Uzbekistan,2006/07,exports,0
大豆,Zambia,2006/07,exports,0
大豆,Zimbabwe,2006/07,exports,0
大豆,阿根廷,2006/07,imports,1.986
大豆,埃及,2006/07,imports,1.328
大豆,巴基斯坦,2006/07,imports,0.042
大豆,巴拉圭,2006/07,imports,0.015
大豆,巴西,2006/07,imports,0.053
大豆,玻利维亚,2006/07,imports,0.228
大豆,俄罗斯,2006/07,imports,0.034
大豆,菲律宾,2006/07,imports,0.107
大豆,哥伦比亚,2006/07,imports,0.338
大豆,韩国,2006/07,imports,1.231
大豆,加拿大,2006/07,imports,0.234
大豆,马来西亚,2006/07,imports,0.506
大豆,美国,2006/07,imports,0.246
大豆,孟加拉国,2006/07,imports,0.195
大豆,秘鲁,2006/07,imports,0.049
大豆,摩洛哥,2006/07,imports,0.444
大豆,墨西哥,2006/07,imports,3.844
大豆,南非,2006/07,imports,0.114
大豆,欧盟,2006/07,imports,15.181
大豆,日本,2006/07,imports,4.094
大豆,沙特阿拉伯,2006/07,imports,0.006
大豆,泰国,2006/07,imports,1.532
大豆,突尼斯,2006/07,imports,0.037
大豆,土耳其,2006/07,imports,1.217
大豆,委内瑞拉,2006/07,imports,0.002
大豆,乌克兰,2006/07,imports,0
大豆,乌拉圭,2006/07,imports,0
大豆,伊朗,2006/07,imports,1.262
大豆,印度,2006/07,imports,0
大豆,印度尼西亚,2006/07,imports,1.309
大豆,越南,2006/07,imports,0.074
大豆,智利,2006/07,imports,0.178
大豆,中国,2006/07,imports,28.726
大豆,中国台湾,2006/07,imports,2.436
大豆,Australia,2006/07,imports,0.011
大豆,Barbados,2006/07,imports,0.018
大豆,Bosnia and Herzegovina,2006/07,imports,0.01
大豆,Burma,2006/07,imports,0
大豆,Costa Rica,2006/07,imports,0.208
大豆,Cuba,2006/07,imports,0.162
大豆,Ecuador,2006/07,imports,0
大豆,Ethiopia,2006/07,imports,0
大豆,Guatemala,2006/07,imports,0.003
大豆,Israel,2006/07,imports,0.45
大豆,Kazakhstan,2006/07,imports,0.047
大豆,"Korea, North",2006/07,imports,0.042
大豆,Nicaragua,2006/07,imports,0
大豆,Nigeria,2006/07,imports,0.003
大豆,Norway,2006/07,imports,0.415
大豆,Panama,2006/07,imports,0.005
大豆,Serbia,2006/07,imports,0.01
大豆,Singapore,2006/07,imports,0.019
大豆,Switzerland,2006/07,imports,0.04
大豆,Syria,2006/07,imports,0.383
大豆,Trinidad and Tobago,2006/07,imports,0
大豆,Uganda,2006/07,imports,0
大豆,United Arab Emirates,2006/07,imports,0.668
大豆,Uzbekistan,2006/07,imports,0.017
大豆,Zambia,2006/07,imports,0
大豆,Zimbabwe,2006/07,imports,0
大豆,阿根廷,2006/07,production,48.8
大豆,埃及,2006/07,production,0.023
大豆,巴基斯坦,2006/07,production,0.001
大豆,巴拉圭,2006/07,production,5.581
大豆,巴西,2006/07,production,59
大豆,玻利维亚,2006/07,production,1.641
大豆,俄罗斯,2006/07,production,0.748
大豆,菲律宾,2006/07,production,0.001
大豆,哥伦比亚,2006/07,production,0.055
大豆,韩国,2006/07,production,0.156
大豆,加拿大,2006/07,production,3.466
大豆,马来西亚,2006/07,production,0
大豆,美国,2006/07,production,87.001
大豆,孟加拉国,2006/07,production,0
大豆,秘鲁,2006/07,production,0.003
大豆,摩洛哥,2006/07,production,0
大豆,墨西哥,2006/07,production,0.08
大豆,南非,2006/07,production,0.205
大豆,欧盟,2006/07,production,1.402
大豆,日本,2006/07,production,0.229
大豆,沙特阿拉伯,2006/07,production,0
大豆,泰国,2006/07,production,0.21
大豆,突尼斯,2006/07,production,0
大豆,土耳其,2006/07,production,0.025
大豆,委内瑞拉,2006/07,production,0.024
大豆,乌克兰,2006/07,production,0.89
大豆,乌拉圭,2006/07,production,0.865
大豆,伊朗,2006/07,production,0.185
大豆,印度,2006/07,production,7.15
大豆,印度尼西亚,2006/07,production,0.815
大豆,越南,2006/07,production,0.258
大豆,智利,2006/07,production,0
大豆,中国,2006/07,production,15.082
大豆,中国台湾,2006/07,production,0
大豆,Australia,2006/07,production,0.032
大豆,Barbados,2006/07,production,0
大豆,Bosnia and Herzegovina,2006/07,production,0.013
大豆,Burma,2006/07,production,0.186
大豆,Costa Rica,2006/07,production,0
大豆,Cuba,2006/07,production,0
大豆,Ecuador,2006/07,production,0.065
大豆,Ethiopia,2006/07,production,0.004
大豆,Guatemala,2006/07,production,0.035
大豆,Israel,2006/07,production,0
大豆,Kazakhstan,2006/07,production,0.077
大豆,"Korea, North",2006/07,production,0.16
大豆,Nicaragua,2006/07,production,0.002
大豆,Nigeria,2006/07,production,0.605
大豆,Norway,2006/07,production,0
大豆,Panama,2006/07,production,0
大豆,Serbia,2006/07,production,0.35
大豆,Singapore,2006/07,production,0
大豆,Switzerland,2006/07,production,0.003
大豆,Syria,2006/07,production,0.003
大豆,Trinidad and Tobago,2006/07,production,0
大豆,Uganda,2006/07,production,0.175
大豆,United Arab Emirates,2006/07,production,0
大豆,Uzbekistan,2006/07,production,0
大豆,Zambia,2006/07,production,0.058
大豆,Zimbabwe,2006/07,production,0.112
大豆,阿根廷,2007/08,consumption,36.332
大豆,埃及,2007/08,consumption,1.261
大豆,巴基斯坦,2007/08,consumption,0.013
大豆,巴拉圭,2007/08,consumption,1.58
大豆,巴西,2007/08,consumption,34.567
大豆,玻利维亚,2007/08,consumption,1.235
大豆,俄罗斯,2007/08,consumption,1.04
大豆,菲律宾,2007/08,consumption,0.067
大豆,哥伦比亚,2007/08,consumption,0.342
大豆,韩国,2007/08,consumption,1.375
大豆,加拿大,2007/08,consumption,1.723
大豆,马来西亚,2007/08,consumption,0.484
大豆,美国,2007/08,consumption,51.627
大豆,孟加拉国,2007/08,consumption,0.161
大豆,秘鲁,2007/08,consumption,0.098
大豆,摩洛哥,2007/08,consumption,0.41
大豆,墨西哥,2007/08,consumption,3.735
大豆,南非,2007/08,consumption,0.286
大豆,欧盟,2007/08,consumption,16.209
大豆,日本,2007/08,consumption,4.277
大豆,沙特阿拉伯,2007/08,consumption,0.067
大豆,泰国,2007/08,consumption,1.882
大豆,突尼斯,2007/08,consumption,0.056
大豆,土耳其,2007/08,consumption,1.243
大豆,委内瑞拉,2007/08,consumption,0.082
大豆,乌克兰,2007/08,consumption,0.524
大豆,乌拉圭,2007/08,consumption,0.046
大豆,伊朗,2007/08,consumption,1.176
大豆,印度,2007/08,consumption,9.31
大豆,印度尼西亚,2007/08,consumption,2.042
大豆,越南,2007/08,consumption,0.414
大豆,智利,2007/08,consumption,0.175
大豆,中国,2007/08,consumption,49.568
大豆,中国台湾,2007/08,consumption,2.289
大豆,Australia,2007/08,consumption,0.043
大豆,Barbados,2007/08,consumption,0.026
大豆,Bosnia and Herzegovina,2007/08,consumption,0.021
大豆,Burma,2007/08,consumption,0.2
大豆,Costa Rica,2007/08,consumption,0.23
大豆,Cuba,2007/08,consumption,0.123
大豆,Ecuador,2007/08,consumption,0.059
大豆,Ethiopia,2007/08,consumption,0.003
大豆,Guatemala,2007/08,consumption,0.038
大豆,Israel,2007/08,consumption,0.442
大豆,Kazakhstan,2007/08,consumption,0.083
大豆,"Korea, North",2007/08,consumption,0.183
大豆,Nicaragua,2007/08,consumption,0.002
大豆,Nigeria,2007/08,consumption,0.585
大豆,Norway,2007/08,consumption,0.405
大豆,Panama,2007/08,consumption,0.003
大豆,Serbia,2007/08,consumption,0.339
大豆,Singapore,2007/08,consumption,0.019
大豆,Switzerland,2007/08,consumption,0.04
大豆,Syria,2007/08,consumption,0.362
大豆,Trinidad and Tobago,2007/08,consumption,0
大豆,Uganda,2007/08,consumption,0.171
大豆,United Arab Emirates,2007/08,consumption,0.427
大豆,Uzbekistan,2007/08,consumption,0.01
大豆,Zambia,2007/08,consumption,0.062
大豆,Zimbabwe,2007/08,consumption,0.052
大豆,阿根廷,2007/08,exports,13.839
大豆,埃及,2007/08,exports,0
大豆,巴基斯坦,2007/08,exports,0
大豆,巴拉圭,2007/08,exports,4.479
大豆,巴西,2007/08,exports,25.364
大豆,玻利维亚,2007/08,exports,0.079
大豆,俄罗斯,2007/08,exports,0.005
大豆,菲律宾,2007/08,exports,0
大豆,哥伦比亚,2007/08,exports,0
大豆,韩国,2007/08,exports,0
大豆,加拿大,2007/08,exports,1.753
大豆,马来西亚,2007/08,exports,0.026
大豆,美国,2007/08,exports,31.538
大豆,孟加拉国,2007/08,exports,0
大豆,秘鲁,2007/08,exports,0
大豆,摩洛哥,2007/08,exports,0
大豆,墨西哥,2007/08,exports,0
大豆,南非,2007/08,exports,0.071
大豆,欧盟,2007/08,exports,0.044
大豆,日本,2007/08,exports,0.005
大豆,沙特阿拉伯,2007/08,exports,0
大豆,泰国,2007/08,exports,0.002
大豆,突尼斯,2007/08,exports,0
大豆,土耳其,2007/08,exports,0
大豆,委内瑞拉,2007/08,exports,0
大豆,乌克兰,2007/08,exports,0.19
大豆,乌拉圭,2007/08,exports,0.818
大豆,伊朗,2007/08,exports,0.001
大豆,印度,2007/08,exports,0.012
大豆,印度尼西亚,2007/08,exports,0.001
大豆,越南,2007/08,exports,0
大豆,智利,2007/08,exports,0.003
大豆,中国,2007/08,exports,0.453
大豆,中国台湾,2007/08,exports,0
大豆,Australia,2007/08,exports,0.002
大豆,Barbados,2007/08,exports,0
大豆,Bosnia and Herzegovina,2007/08,exports,0
大豆,Burma,2007/08,exports,0.001
大豆,Costa Rica,2007/08,exports,0
大豆,Cuba,2007/08,exports,0
大豆,Ecuador,2007/08,exports,0.006
大豆,Ethiopia,2007/08,exports,0.003
大豆,Guatemala,2007/08,exports,0
大豆,Israel,2007/08,exports,0
大豆,Kazakhstan,2007/08,exports,0.005
大豆,"Korea, North",2007/08,exports,0
大豆,Nicaragua,2007/08,exports,0
大豆,Nigeria,2007/08,exports,0
大豆,Norway,2007/08,exports,0
大豆,Panama,2007/08,exports,0
大豆,Serbia,2007/08,exports,0.001
大豆,Singapore,2007/08,exports,0.001
大豆,Switzerland,2007/08,exports,0
大豆,Syria,2007/08,exports,0
大豆,Trinidad and Tobago,2007/08,exports,0
大豆,Uganda,2007/08,exports,0.005
大豆,United Arab Emirates,2007/08,exports,0
大豆,Uzbekistan,2007/08,exports,0
大豆,Zambia,2007/08,exports,0
大豆,Zimbabwe,2007/08,exports,0
大豆,阿根廷,2007/08,imports,2.954
大豆,埃及,2007/08,imports,1.061
大豆,巴基斯坦,2007/08,imports,0
大豆,巴拉圭,2007/08,imports,0.015
大豆,巴西,2007/08,imports,0.15
大豆,玻利维亚,2007/08,imports,0.064
大豆,俄罗斯,2007/08,imports,0.442
大豆,菲律宾,2007/08,imports,0.07
大豆,哥伦比亚,2007/08,imports,0.265
大豆,韩国,2007/08,imports,1.232
大豆,加拿大,2007/08,imports,0.309
大豆,马来西亚,2007/08,imports,0.517
大豆,美国,2007/08,imports,0.269
大豆,孟加拉国,2007/08,imports,0.131
大豆,秘鲁,2007/08,imports,0.105
大豆,摩洛哥,2007/08,imports,0.409
大豆,墨西哥,2007/08,imports,3.614
大豆,南非,2007/08,imports,0.002
大豆,欧盟,2007/08,imports,15.139
大豆,日本,2007/08,imports,4.014
大豆,沙特阿拉伯,2007/08,imports,0.067
大豆,泰国,2007/08,imports,1.753
大豆,突尼斯,2007/08,imports,0.019
大豆,土耳其,2007/08,imports,1.339
大豆,委内瑞拉,2007/08,imports,0.022
大豆,乌克兰,2007/08,imports,0.001
大豆,乌拉圭,2007/08,imports,0.022
大豆,伊朗,2007/08,imports,1.141
大豆,印度,2007/08,imports,0
大豆,印度尼西亚,2007/08,imports,1.147
大豆,越南,2007/08,imports,0.12
大豆,智利,2007/08,imports,0.178
大豆,中国,2007/08,imports,37.816
大豆,中国台湾,2007/08,imports,2.148
大豆,Australia,2007/08,imports,0.001
大豆,Barbados,2007/08,imports,0.027
大豆,Bosnia and Herzegovina,2007/08,imports,0.008
大豆,Burma,2007/08,imports,0
大豆,Costa Rica,2007/08,imports,0.23
大豆,Cuba,2007/08,imports,0.118
大豆,Ecuador,2007/08,imports,0
大豆,Ethiopia,2007/08,imports,0
大豆,Guatemala,2007/08,imports,0.001
大豆,Israel,2007/08,imports,0.46
大豆,Kazakhstan,2007/08,imports,0
大豆,"Korea, North",2007/08,imports,0.031
大豆,Nicaragua,2007/08,imports,0
大豆,Nigeria,2007/08,imports,0.015
大豆,Norway,2007/08,imports,0.405
大豆,Panama,2007/08,imports,0.001
大豆,Serbia,2007/08,imports,0.001
大豆,Singapore,2007/08,imports,0.02
大豆,Switzerland,2007/08,imports,0.037
大豆,Syria,2007/08,imports,0.36
大豆,Trinidad and Tobago,2007/08,imports,0
大豆,Uganda,2007/08,imports,0
大豆,United Arab Emirates,2007/08,imports,0.314
大豆,Uzbekistan,2007/08,imports,0.005
大豆,Zambia,2007/08,imports,0
大豆,Zimbabwe,2007/08,imports,0.004
大豆,阿根廷,2007/08,production,46.2
大豆,埃及,2007/08,production,0.026
大豆,巴基斯坦,2007/08,production,0.001
大豆,巴拉圭,2007/08,production,5.969
大豆,巴西,2007/08,production,61
大豆,玻利维亚,2007/08,production,1.239
大豆,俄罗斯,2007/08,production,0.604
大豆,菲律宾,2007/08,production,0.001
大豆,哥伦比亚,2007/08,production,0.053
大豆,韩国,2007/08,production,0.114
大豆,加拿大,2007/08,production,2.686
大豆,马来西亚,2007/08,production,0
大豆,美国,2007/08,production,72.859
大豆,孟加拉国,2007/08,production,0
大豆,秘鲁,2007/08,production,0.003
大豆,摩洛哥,2007/08,production,0
大豆,墨西哥,2007/08,production,0.088
大豆,南非,2007/08,production,0.282
大豆,欧盟,2007/08,production,0.814
大豆,日本,2007/08,production,0.227
大豆,沙特阿拉伯,2007/08,production,0
大豆,泰国,2007/08,production,0.21
大豆,突尼斯,2007/08,production,0
大豆,土耳其,2007/08,production,0.025
大豆,委内瑞拉,2007/08,production,0.06
大豆,乌克兰,2007/08,production,0.723
大豆,乌拉圭,2007/08,production,0.843
大豆,伊朗,2007/08,production,0.179
大豆,印度,2007/08,production,9.473
大豆,印度尼西亚,2007/08,production,0.78
大豆,越南,2007/08,production,0.276
大豆,智利,2007/08,production,0
大豆,中国,2007/08,production,12.793
大豆,中国台湾,2007/08,production,0
大豆,Australia,2007/08,production,0.035
大豆,Barbados,2007/08,production,0
大豆,Bosnia and Herzegovina,2007/08,production,0.008
大豆,Burma,2007/08,production,0.201
大豆,Costa Rica,2007/08,production,0
大豆,Cuba,2007/08,production,0
大豆,Ecuador,2007/08,production,0.065
大豆,Ethiopia,2007/08,production,0.006
大豆,Guatemala,2007/08,production,0.035
大豆,Israel,2007/08,production,0
大豆,Kazakhstan,2007/08,production,0.083
大豆,"Korea, North",2007/08,production,0.152
大豆,Nicaragua,2007/08,production,0.002
大豆,Nigeria,2007/08,production,0.58
大豆,Norway,2007/08,production,0
大豆,Panama,2007/08,production,0
大豆,Serbia,2007/08,production,0.33
大豆,Singapore,2007/08,production,0
大豆,Switzerland,2007/08,production,0.003
大豆,Syria,2007/08,production,0.002
大豆,Trinidad and Tobago,2007/08,production,0
大豆,Uganda,2007/08,production,0.176
大豆,United Arab Emirates,2007/08,production,0
大豆,Uzbekistan,2007/08,production,0
大豆,Zambia,2007/08,production,0.055
大豆,Zimbabwe,2007/08,production,0.048
大豆,阿根廷,2008/09,consumption,33.093
大豆,埃及,2008/09,consumption,1.582
大豆,巴基斯坦,2008/09,consumption,0.001
大豆,巴拉圭,2008/09,consumption,1.68
大豆,巴西,2008/09,consumption,34.219
大豆,玻利维亚,2008/09,consumption,1.535
大豆,俄罗斯,2008/09,consumption,1.45
大豆,菲律宾,2008/09,consumption,0.069
大豆,哥伦比亚,2008/09,consumption,0.357
大豆,韩国,2008/09,consumption,1.338
大豆,加拿大,2008/09,consumption,1.66
大豆,马来西亚,2008/09,consumption,0.523
大豆,美国,2008/09,consumption,48.112
大豆,孟加拉国,2008/09,consumption,0.15
大豆,秘鲁,2008/09,consumption,0.102
大豆,摩洛哥,2008/09,consumption,0.395
大豆,墨西哥,2008/09,consumption,3.635
大豆,南非,2008/09,consumption,0.367
大豆,欧盟,2008/09,consumption,14.177
大豆,日本,2008/09,consumption,3.631
大豆,沙特阿拉伯,2008/09,consumption,0.208
大豆,泰国,2008/09,consumption,1.735
大豆,突尼斯,2008/09,consumption,0.166
大豆,土耳其,2008/09,consumption,1.081
大豆,委内瑞拉,2008/09,consumption,0.082
大豆,乌克兰,2008/09,consumption,0.538
大豆,乌拉圭,2008/09,consumption,0.056
大豆,伊朗,2008/09,consumption,1.185
大豆,印度,2008/09,consumption,9.135
大豆,印度尼西亚,2008/09,consumption,2.116
大豆,越南,2008/09,consumption,0.445
大豆,智利,2008/09,consumption,0.014
大豆,中国,2008/09,consumption,51.5
大豆,中国台湾,2008/09,consumption,2.266
大豆,Australia,2008/09,consumption,0.068
大豆,Barbados,2008/09,consumption,0.025
大豆,Bosnia and Herzegovina,2008/09,consumption,0.021
大豆,Burma,2008/09,consumption,0.214
大豆,Costa Rica,2008/09,consumption,0.218
大豆,Cuba,2008/09,consumption,0.139
大豆,Ecuador,2008/09,consumption,0.065
大豆,Ethiopia,2008/09,consumption,0.008
大豆,Guatemala,2008/09,consumption,0.036
大豆,Israel,2008/09,consumption,0.323
大豆,Kazakhstan,2008/09,consumption,0.099
大豆,"Korea, North",2008/09,consumption,0.205
大豆,Nicaragua,2008/09,consumption,0.002
大豆,Nigeria,2008/09,consumption,0.573
大豆,Norway,2008/09,consumption,0.41
大豆,Panama,2008/09,consumption,0.004
大豆,Serbia,2008/09,consumption,0.361
大豆,Singapore,2008/09,consumption,0.019
大豆,Switzerland,2008/09,consumption,0.027
大豆,Syria,2008/09,consumption,0.562
大豆,Trinidad and Tobago,2008/09,consumption,0
大豆,Uganda,2008/09,consumption,0.173
大豆,United Arab Emirates,2008/09,consumption,0.147
大豆,Uzbekistan,2008/09,consumption,0.01
大豆,Zambia,2008/09,consumption,0.057
大豆,Zimbabwe,2008/09,consumption,0.115
大豆,阿根廷,2008/09,exports,5.59
大豆,埃及,2008/09,exports,0.001
大豆,巴基斯坦,2008/09,exports,0
大豆,巴拉圭,2008/09,exports,2.115
大豆,巴西,2008/09,exports,29.987
大豆,玻利维亚,2008/09,exports,0.123
大豆,俄罗斯,2008/09,exports,0.002
大豆,菲律宾,2008/09,exports,0
大豆,哥伦比亚,2008/09,exports,0
大豆,韩国,2008/09,exports,0
大豆,加拿大,2008/09,exports,2.017
大豆,马来西亚,2008/09,exports,0.029
大豆,美国,2008/09,exports,34.817
大豆,孟加拉国,2008/09,exports,0
大豆,秘鲁,2008/09,exports,0
大豆,摩洛哥,2008/09,exports,0
大豆,墨西哥,2008/09,exports,0
大豆,南非,2008/09,exports,0.131
大豆,欧盟,2008/09,exports,0.036
大豆,日本,2008/09,exports,0
大豆,沙特阿拉伯,2008/09,exports,0
大豆,泰国,2008/09,exports,0.001
大豆,突尼斯,2008/09,exports,0
大豆,土耳其,2008/09,exports,0
大豆,委内瑞拉,2008/09,exports,0
大豆,乌克兰,2008/09,exports,0.277
大豆,乌拉圭,2008/09,exports,1.097
大豆,伊朗,2008/09,exports,0.001
大豆,印度,2008/09,exports,0.055
大豆,印度尼西亚,2008/09,exports,0
大豆,越南,2008/09,exports,0
大豆,智利,2008/09,exports,0.013
大豆,中国,2008/09,exports,0.4
大豆,中国台湾,2008/09,exports,0
大豆,Australia,2008/09,exports,0.007
大豆,Barbados,2008/09,exports,0
大豆,Bosnia and Herzegovina,2008/09,exports,0
大豆,Burma,2008/09,exports,0
大豆,Costa Rica,2008/09,exports,0
大豆,Cuba,2008/09,exports,0
大豆,Ecuador,2008/09,exports,0
大豆,Ethiopia,2008/09,exports,0
大豆,Guatemala,2008/09,exports,0
大豆,Israel,2008/09,exports,0
大豆,Kazakhstan,2008/09,exports,0
大豆,"Korea, North",2008/09,exports,0
大豆,Nicaragua,2008/09,exports,0.001
大豆,Nigeria,2008/09,exports,0
大豆,Norway,2008/09,exports,0
大豆,Panama,2008/09,exports,0
大豆,Serbia,2008/09,exports,0.002
大豆,Singapore,2008/09,exports,0
大豆,Switzerland,2008/09,exports,0
大豆,Syria,2008/09,exports,0
大豆,Trinidad and Tobago,2008/09,exports,0
大豆,Uganda,2008/09,exports,0.005
大豆,United Arab Emirates,2008/09,exports,0
大豆,Uzbekistan,2008/09,exports,0
大豆,Zambia,2008/09,exports,0
大豆,Zimbabwe,2008/09,exports,0
大豆,阿根廷,2008/09,imports,1.241
大豆,埃及,2008/09,imports,1.575
大豆,巴基斯坦,2008/09,imports,0
大豆,巴拉圭,2008/09,imports,0.022
大豆,巴西,2008/09,imports,0.044
大豆,玻利维亚,2008/09,imports,0.008
大豆,俄罗斯,2008/09,imports,0.837
大豆,菲律宾,2008/09,imports,0.067
大豆,哥伦比亚,2008/09,imports,0.29
大豆,韩国,2008/09,imports,1.167
大豆,加拿大,2008/09,imports,0.387
大豆,马来西亚,2008/09,imports,0.53
大豆,美国,2008/09,imports,0.361
大豆,孟加拉国,2008/09,imports,0.185
大豆,秘鲁,2008/09,imports,0.092
大豆,摩洛哥,2008/09,imports,0.386
大豆,墨西哥,2008/09,imports,3.327
大豆,南非,2008/09,imports,0.004
大豆,欧盟,2008/09,imports,13.213
大豆,日本,2008/09,imports,3.396
大豆,沙特阿拉伯,2008/09,imports,0.216
大豆,泰国,2008/09,imports,1.51
大豆,突尼斯,2008/09,imports,0.166
大豆,土耳其,2008/09,imports,1.076
大豆,委内瑞拉,2008/09,imports,0.034
大豆,乌克兰,2008/09,imports,0
大豆,乌拉圭,2008/09,imports,0.024
大豆,伊朗,2008/09,imports,0.853
大豆,印度,2008/09,imports,0
大豆,印度尼西亚,2008/09,imports,1.393
大豆,越南,2008/09,imports,0.184
大豆,智利,2008/09,imports,0.027
大豆,中国,2008/09,imports,41.098
大豆,中国台湾,2008/09,imports,2.216
大豆,Australia,2008/09,imports,0.001
大豆,Barbados,2008/09,imports,0.025
大豆,Bosnia and Herzegovina,2008/09,imports,0.021
大豆,Burma,2008/09,imports,0
大豆,Costa Rica,2008/09,imports,0.218
大豆,Cuba,2008/09,imports,0.141
大豆,Ecuador,2008/09,imports,0
大豆,Ethiopia,2008/09,imports,0
大豆,Guatemala,2008/09,imports,0
大豆,Israel,2008/09,imports,0.325
大豆,Kazakhstan,2008/09,imports,0.005
大豆,"Korea, North",2008/09,imports,0.045
大豆,Nicaragua,2008/09,imports,0
大豆,Nigeria,2008/09,imports,0
大豆,Norway,2008/09,imports,0.407
大豆,Panama,2008/09,imports,0.004
大豆,Serbia,2008/09,imports,0.036
大豆,Singapore,2008/09,imports,0.019
大豆,Switzerland,2008/09,imports,0.024
大豆,Syria,2008/09,imports,0.56
大豆,Trinidad and Tobago,2008/09,imports,0
大豆,Uganda,2008/09,imports,0
大豆,United Arab Emirates,2008/09,imports,0.107
大豆,Uzbekistan,2008/09,imports,0.008
大豆,Zambia,2008/09,imports,0
大豆,Zimbabwe,2008/09,imports,0
大豆,阿根廷,2008/09,production,32
大豆,埃及,2008/09,production,0.029
大豆,巴基斯坦,2008/09,production,0.001
大豆,巴拉圭,2008/09,production,3.647
大豆,巴西,2008/09,production,57.8
大豆,玻利维亚,2008/09,production,1.698
大豆,俄罗斯,2008/09,production,0.689
大豆,菲律宾,2008/09,production,0.001
大豆,哥伦比亚,2008/09,production,0.063
大豆,韩国,2008/09,production,0.132
大豆,加拿大,2008/09,production,3.336
大豆,马来西亚,2008/09,production,0
大豆,美国,2008/09,production,80.749
大豆,孟加拉国,2008/09,production,0
大豆,秘鲁,2008/09,production,0.003
大豆,摩洛哥,2008/09,production,0
大豆,墨西哥,2008/09,production,0.153
大豆,南非,2008/09,production,0.516
大豆,欧盟,2008/09,production,0.747
大豆,日本,2008/09,production,0.262
大豆,沙特阿拉伯,2008/09,production,0
大豆,泰国,2008/09,production,0.18
大豆,突尼斯,2008/09,production,0
大豆,土耳其,2008/09,production,0.03
大豆,委内瑞拉,2008/09,production,0.051
大豆,乌克兰,2008/09,production,0.813
大豆,乌拉圭,2008/09,production,1.17
大豆,伊朗,2008/09,production,0.18
大豆,印度,2008/09,production,9.308
大豆,印度尼西亚,2008/09,production,0.8
大豆,越南,2008/09,production,0.269
大豆,智利,2008/09,production,0
大豆,中国,2008/09,production,15.709
大豆,中国台湾,2008/09,production,0
大豆,Australia,2008/09,production,0.08
大豆,Barbados,2008/09,production,0
大豆,Bosnia and Herzegovina,2008/09,production,0.008
大豆,Burma,2008/09,production,0.214
大豆,Costa Rica,2008/09,production,0
大豆,Cuba,2008/09,production,0
大豆,Ecuador,2008/09,production,0.065
大豆,Ethiopia,2008/09,production,0.008
大豆,Guatemala,2008/09,production,0.036
大豆,Israel,2008/09,production,0
大豆,Kazakhstan,2008/09,production,0.089
大豆,"Korea, North",2008/09,production,0.16
大豆,Nicaragua,2008/09,production,0.003
大豆,Nigeria,2008/09,production,0.591
大豆,Norway,2008/09,production,0
大豆,Panama,2008/09,production,0
大豆,Serbia,2008/09,production,0.35
大豆,Singapore,2008/09,production,0
大豆,Switzerland,2008/09,production,0.003
大豆,Syria,2008/09,production,0.002
大豆,Trinidad and Tobago,2008/09,production,0
大豆,Uganda,2008/09,production,0.178
大豆,United Arab Emirates,2008/09,production,0
大豆,Uzbekistan,2008/09,production,0
大豆,Zambia,2008/09,production,0.057
大豆,Zimbabwe,2008/09,production,0.115
大豆,阿根廷,2009/10,consumption,36.427
大豆,埃及,2009/10,consumption,1.673
大豆,巴基斯坦,2009/10,consumption,0.001
大豆,巴拉圭,2009/10,consumption,1.738
大豆,巴西,2009/10,consumption,36.1
大豆,玻利维亚,2009/10,consumption,1.67
大豆,俄罗斯,2009/10,consumption,1.955
大豆,菲律宾,2009/10,consumption,0.07
大豆,哥伦比亚,2009/10,consumption,0.396
大豆,韩国,2009/10,consumption,1.327
大豆,加拿大,2009/10,consumption,1.624
大豆,马来西亚,2009/10,consumption,0.552
大豆,美国,2009/10,consumption,50.724
大豆,孟加拉国,2009/10,consumption,0.127
大豆,秘鲁,2009/10,consumption,0.102
大豆,摩洛哥,2009/10,consumption,0.2
大豆,墨西哥,2009/10,consumption,3.635
大豆,南非,2009/10,consumption,0.403
大豆,欧盟,2009/10,consumption,13.487
大豆,日本,2009/10,consumption,3.664
大豆,沙特阿拉伯,2009/10,consumption,0.345
大豆,泰国,2009/10,consumption,1.88
大豆,突尼斯,2009/10,consumption,0.313
大豆,土耳其,2009/10,consumption,1.394
大豆,委内瑞拉,2009/10,consumption,0.152
大豆,乌克兰,2009/10,consumption,0.66
大豆,乌拉圭,2009/10,consumption,0.06
大豆,伊朗,2009/10,consumption,1.185
大豆,印度,2009/10,consumption,8.84
大豆,印度尼西亚,2009/10,consumption,2.35
大豆,越南,2009/10,consumption,0.43
大豆,智利,2009/10,consumption,0.018
大豆,中国,2009/10,consumption,59.7
大豆,中国台湾,2009/10,consumption,2.365
大豆,Australia,2009/10,consumption,0.067
大豆,Barbados,2009/10,consumption,0.023
大豆,Bosnia and Herzegovina,2009/10,consumption,0.035
大豆,Burma,2009/10,consumption,0.239
大豆,Costa Rica,2009/10,consumption,0.226
大豆,Cuba,2009/10,consumption,0.126
大豆,Ecuador,2009/10,consumption,0.067
大豆,Ethiopia,2009/10,consumption,0.008
大豆,Guatemala,2009/10,consumption,0.036
大豆,Israel,2009/10,consumption,0.321
大豆,Kazakhstan,2009/10,consumption,0.089
大豆,"Korea, North",2009/10,consumption,0.174
大豆,Nicaragua,2009/10,consumption,0.003
大豆,Nigeria,2009/10,consumption,0.453
大豆,Norway,2009/10,consumption,0.409
大豆,Panama,2009/10,consumption,0.006
大豆,Serbia,2009/10,consumption,0.375
大豆,Singapore,2009/10,consumption,0.019
大豆,Switzerland,2009/10,consumption,0.027
大豆,Syria,2009/10,consumption,0.542
大豆,Trinidad and Tobago,2009/10,consumption,0
大豆,Uganda,2009/10,consumption,0.175
大豆,United Arab Emirates,2009/10,consumption,0.051
大豆,Uzbekistan,2009/10,consumption,0.008
大豆,Zambia,2009/10,consumption,0.109
大豆,Zimbabwe,2009/10,consumption,0.07
大豆,阿根廷,2009/10,exports,13.088
大豆,埃及,2009/10,exports,0.001
大豆,巴基斯坦,2009/10,exports,0
大豆,巴拉圭,2009/10,exports,4.659
大豆,巴西,2009/10,exports,28.578
大豆,玻利维亚,2009/10,exports,0.05
大豆,俄罗斯,2009/10,exports,0
大豆,菲律宾,2009/10,exports,0
大豆,哥伦比亚,2009/10,exports,0
大豆,韩国,2009/10,exports,0
大豆,加拿大,2009/10,exports,2.247
大豆,马来西亚,2009/10,exports,0.022
大豆,美国,2009/10,exports,40.798
大豆,孟加拉国,2009/10,exports,0
大豆,秘鲁,2009/10,exports,0
大豆,摩洛哥,2009/10,exports,0
大豆,墨西哥,2009/10,exports,0
大豆,南非,2009/10,exports,0.124
大豆,欧盟,2009/10,exports,0.06
大豆,日本,2009/10,exports,0
大豆,沙特阿拉伯,2009/10,exports,0
大豆,泰国,2009/10,exports,0.001
大豆,突尼斯,2009/10,exports,0
大豆,土耳其,2009/10,exports,0
大豆,委内瑞拉,2009/10,exports,0
大豆,乌克兰,2009/10,exports,0.263
大豆,乌拉圭,2009/10,exports,1.974
大豆,伊朗,2009/10,exports,0.001
大豆,印度,2009/10,exports,0.015
大豆,印度尼西亚,2009/10,exports,0
大豆,越南,2009/10,exports,0.007
大豆,智利,2009/10,exports,0.013
大豆,中国,2009/10,exports,0.184
大豆,中国台湾,2009/10,exports,0
大豆,Australia,2009/10,exports,0.002
大豆,Barbados,2009/10,exports,0
大豆,Bosnia and Herzegovina,2009/10,exports,0
大豆,Burma,2009/10,exports,0.001
大豆,Costa Rica,2009/10,exports,0
大豆,Cuba,2009/10,exports,0
大豆,Ecuador,2009/10,exports,0
大豆,Ethiopia,2009/10,exports,0
大豆,Guatemala,2009/10,exports,0
大豆,Israel,2009/10,exports,0
大豆,Kazakhstan,2009/10,exports,0.006
大豆,"Korea, North",2009/10,exports,0
大豆,Nicaragua,2009/10,exports,0
大豆,Nigeria,2009/10,exports,0
大豆,Norway,2009/10,exports,0
大豆,Panama,2009/10,exports,0
大豆,Serbia,2009/10,exports,0.005
大豆,Singapore,2009/10,exports,0.001
大豆,Switzerland,2009/10,exports,0
大豆,Syria,2009/10,exports,0
大豆,Trinidad and Tobago,2009/10,exports,0
大豆,Uganda,2009/10,exports,0.005
大豆,United Arab Emirates,2009/10,exports,0
大豆,Uzbekistan,2009/10,exports,0
大豆,Zambia,2009/10,exports,0
大豆,Zimbabwe,2009/10,exports,0
大豆,阿根廷,2009/10,imports,0.001
大豆,埃及,2009/10,imports,1.638
大豆,巴基斯坦,2009/10,imports,0
大豆,巴拉圭,2009/10,imports,0.02
大豆,巴西,2009/10,imports,0.174
大豆,玻利维亚,2009/10,imports,0.005
大豆,俄罗斯,2009/10,imports,1.037
大豆,菲律宾,2009/10,imports,0.084
大豆,哥伦比亚,2009/10,imports,0.348
大豆,韩国,2009/10,imports,1.197
大豆,加拿大,2009/10,imports,0.375
大豆,马来西亚,2009/10,imports,0.584
大豆,美国,2009/10,imports,0.397
大豆,孟加拉国,2009/10,imports,0.104
大豆,秘鲁,2009/10,imports,0.1
大豆,摩洛哥,2009/10,imports,0.187
大豆,墨西哥,2009/10,imports,3.523
大豆,南非,2009/10,imports,0.001
大豆,欧盟,2009/10,imports,12.683
大豆,日本,2009/10,imports,3.401
大豆,沙特阿拉伯,2009/10,imports,0.362
大豆,泰国,2009/10,imports,1.66
大豆,突尼斯,2009/10,imports,0.313
大豆,土耳其,2009/10,imports,1.648
大豆,委内瑞拉,2009/10,imports,0.102
大豆,乌克兰,2009/10,imports,0.001
大豆,乌拉圭,2009/10,imports,0.046
大豆,伊朗,2009/10,imports,1.013
大豆,印度,2009/10,imports,0
大豆,印度尼西亚,2009/10,imports,1.62
大豆,越南,2009/10,imports,0.231
大豆,智利,2009/10,imports,0.031
大豆,中国,2009/10,imports,50.338
大豆,中国台湾,2009/10,imports,2.469
大豆,Australia,2009/10,imports,0.001
大豆,Barbados,2009/10,imports,0.022
大豆,Bosnia and Herzegovina,2009/10,imports,0.027
大豆,Burma,2009/10,imports,0
大豆,Costa Rica,2009/10,imports,0.244
大豆,Cuba,2009/10,imports,0.126
大豆,Ecuador,2009/10,imports,0
大豆,Ethiopia,2009/10,imports,0
大豆,Guatemala,2009/10,imports,0
大豆,Israel,2009/10,imports,0.321
大豆,Kazakhstan,2009/10,imports,0
大豆,"Korea, North",2009/10,imports,0.024
大豆,Nicaragua,2009/10,imports,0
大豆,Nigeria,2009/10,imports,0
大豆,Norway,2009/10,imports,0.409
大豆,Panama,2009/10,imports,0.007
大豆,Serbia,2009/10,imports,0.046
大豆,Singapore,2009/10,imports,0.02
大豆,Switzerland,2009/10,imports,0.024
大豆,Syria,2009/10,imports,0.54
大豆,Trinidad and Tobago,2009/10,imports,0
大豆,Uganda,2009/10,imports,0
大豆,United Arab Emirates,2009/10,imports,0
大豆,Uzbekistan,2009/10,imports,0.008
大豆,Zambia,2009/10,imports,0
大豆,Zimbabwe,2009/10,imports,0
大豆,阿根廷,2009/10,production,54.5
大豆,埃及,2009/10,production,0.026
大豆,巴基斯坦,2009/10,production,0.001
大豆,巴拉圭,2009/10,production,6.462
大豆,巴西,2009/10,production,69
大豆,玻利维亚,2009/10,production,1.934
大豆,俄罗斯,2009/10,production,0.873
大豆,菲律宾,2009/10,production,0.001
大豆,哥伦比亚,2009/10,production,0.065
大豆,韩国,2009/10,production,0.139
大豆,加拿大,2009/10,production,3.581
大豆,马来西亚,2009/10,production,0
大豆,美国,2009/10,production,91.47
大豆,孟加拉国,2009/10,production,0
大豆,秘鲁,2009/10,production,0.003
大豆,摩洛哥,2009/10,production,0
大豆,墨西哥,2009/10,production,0.121
大豆,南非,2009/10,production,0.566
大豆,欧盟,2009/10,production,0.951
大豆,日本,2009/10,production,0.23
大豆,沙特阿拉伯,2009/10,production,0
大豆,泰国,2009/10,production,0.17
大豆,突尼斯,2009/10,production,0
大豆,土耳其,2009/10,production,0.04
大豆,委内瑞拉,2009/10,production,0.054
大豆,乌克兰,2009/10,production,1.044
大豆,乌拉圭,2009/10,production,1.925
大豆,伊朗,2009/10,production,0.172
大豆,印度,2009/10,production,9.7
大豆,印度尼西亚,2009/10,production,0.7
大豆,越南,2009/10,production,0.214
大豆,智利,2009/10,production,0
大豆,中国,2009/10,production,15.224
大豆,中国台湾,2009/10,production,0
大豆,Australia,2009/10,production,0.06
大豆,Barbados,2009/10,production,0
大豆,Bosnia and Herzegovina,2009/10,production,0.008
大豆,Burma,2009/10,production,0.24
大豆,Costa Rica,2009/10,production,0
大豆,Cuba,2009/10,production,0
大豆,Ecuador,2009/10,production,0.07
大豆,Ethiopia,2009/10,production,0.008
大豆,Guatemala,2009/10,production,0.036
大豆,Israel,2009/10,production,0
大豆,Kazakhstan,2009/10,production,0.094
大豆,"Korea, North",2009/10,production,0.15
大豆,Nicaragua,2009/10,production,0.003
大豆,Nigeria,2009/10,production,0.427
大豆,Norway,2009/10,production,0
大豆,Panama,2009/10,production,0
大豆,Serbia,2009/10,production,0.35
大豆,Singapore,2009/10,production,0
大豆,Switzerland,2009/10,production,0.003
大豆,Syria,2009/10,production,0.002
大豆,Trinidad and Tobago,2009/10,production,0
大豆,Uganda,2009/10,production,0.18
大豆,United Arab Emirates,2009/10,production,0
大豆,Uzbekistan,2009/10,production,0
大豆,Zambia,2009/10,production,0.119
大豆,Zimbabwe,2009/10,production,0.07
大豆,阿根廷,2010/11,consumption,39.994
大豆,埃及,2010/11,consumption,1.682
大豆,巴基斯坦,2010/11,consumption,0.011
大豆,巴拉圭,2010/11,consumption,1.75
大豆,巴西,2010/11,consumption,38.73
大豆,玻利维亚,2010/11,consumption,2.178
大豆,俄罗斯,2010/11,consumption,2.13
大豆,菲律宾,2010/11,consumption,0.075
大豆,哥伦比亚,2010/11,consumption,0.372
大豆,韩国,2010/11,consumption,1.329
大豆,加拿大,2010/11,consumption,1.76
大豆,马来西亚,2010/11,consumption,0.565
大豆,美国,2010/11,consumption,48.351
大豆,孟加拉国,2010/11,consumption,0.163
大豆,秘鲁,2010/11,consumption,0.082
大豆,摩洛哥,2010/11,consumption,0.1
大豆,墨西哥,2010/11,consumption,3.66
大豆,南非,2010/11,consumption,0.455
大豆,欧盟,2010/11,consumption,13.29
大豆,日本,2010/11,consumption,3.199
大豆,沙特阿拉伯,2010/11,consumption,0.51
大豆,泰国,2010/11,consumption,2.098
大豆,突尼斯,2010/11,consumption,0.419
大豆,土耳其,2010/11,consumption,1.48
大豆,委内瑞拉,2010/11,consumption,0.232
大豆,乌克兰,2010/11,consumption,0.74
大豆,乌拉圭,2010/11,consumption,0.115
大豆,伊朗,2010/11,consumption,1.085
大豆,印度,2010/11,consumption,10.53
大豆,印度尼西亚,2010/11,consumption,2.55
大豆,越南,2010/11,consumption,1.04
大豆,智利,2010/11,consumption,0.12
大豆,中国,2010/11,consumption,66
大豆,中国台湾,2010/11,consumption,2.425
大豆,Australia,2010/11,consumption,0.029
大豆,Barbados,2010/11,consumption,0.015
大豆,Bosnia and Herzegovina,2010/11,consumption,0.035
大豆,Burma,2010/11,consumption,0.254
大豆,Costa Rica,2010/11,consumption,0.245
大豆,Cuba,2010/11,consumption,0.132
大豆,Ecuador,2010/11,consumption,0.07
大豆,Ethiopia,2010/11,consumption,0.015
大豆,Ghana,2010/11,consumption,0.127
大豆,Guatemala,2010/11,consumption,0.042
大豆,Israel,2010/11,consumption,0.373
大豆,Kazakhstan,2010/11,consumption,0.106
大豆,"Korea, North",2010/11,consumption,0.18
大豆,Nicaragua,2010/11,consumption,0.003
大豆,Nigeria,2010/11,consumption,0.42
大豆,Norway,2010/11,consumption,0.42
大豆,Panama,2010/11,consumption,0.006
大豆,Serbia,2010/11,consumption,0.32
大豆,Singapore,2010/11,consumption,0.019
大豆,Switzerland,2010/11,consumption,0.026
大豆,Syria,2010/11,consumption,0.307
大豆,Trinidad and Tobago,2010/11,consumption,0
大豆,Uganda,2010/11,consumption,0.176
大豆,United Arab Emirates,2010/11,consumption,0.001
大豆,Uzbekistan,2010/11,consumption,0.01
大豆,Zambia,2010/11,consumption,0.122
大豆,Zimbabwe,2010/11,consumption,0.084
大豆,阿根廷,2010/11,exports,9.206
大豆,埃及,2010/11,exports,0
大豆,巴基斯坦,2010/11,exports,0
大豆,巴拉圭,2010/11,exports,5.094
大豆,巴西,2010/11,exports,29.951
大豆,玻利维亚,2010/11,exports,0.024
大豆,俄罗斯,2010/11,exports,0.001
大豆,菲律宾,2010/11,exports,0
大豆,哥伦比亚,2010/11,exports,0
大豆,韩国,2010/11,exports,0
大豆,加拿大,2010/11,exports,2.943
大豆,马来西亚,2010/11,exports,0.025
大豆,美国,2010/11,exports,40.959
大豆,孟加拉国,2010/11,exports,0
大豆,秘鲁,2010/11,exports,0
大豆,摩洛哥,2010/11,exports,0
大豆,墨西哥,2010/11,exports,0
大豆,南非,2010/11,exports,0.05
大豆,欧盟,2010/11,exports,0.095
大豆,日本,2010/11,exports,0
大豆,沙特阿拉伯,2010/11,exports,0
大豆,泰国,2010/11,exports,0.003
大豆,突尼斯,2010/11,exports,0
大豆,土耳其,2010/11,exports,0
大豆,委内瑞拉,2010/11,exports,0
大豆,乌克兰,2010/11,exports,0.989
大豆,乌拉圭,2010/11,exports,1.697
大豆,伊朗,2010/11,exports,0.002
大豆,印度,2010/11,exports,0.018
大豆,印度尼西亚,2010/11,exports,0
大豆,越南,2010/11,exports,0
大豆,智利,2010/11,exports,0.011
大豆,中国,2010/11,exports,0.19
大豆,中国台湾,2010/11,exports,0
大豆,Australia,2010/11,exports,0.002
大豆,Barbados,2010/11,exports,0
大豆,Bosnia and Herzegovina,2010/11,exports,0.002
大豆,Burma,2010/11,exports,0
大豆,Costa Rica,2010/11,exports,0
大豆,Cuba,2010/11,exports,0
大豆,Ecuador,2010/11,exports,0
大豆,Ethiopia,2010/11,exports,0.001
大豆,Ghana,2010/11,exports,0
大豆,Guatemala,2010/11,exports,0
大豆,Israel,2010/11,exports,0
大豆,Kazakhstan,2010/11,exports,0.003
大豆,"Korea, North",2010/11,exports,0
大豆,Nicaragua,2010/11,exports,0
大豆,Nigeria,2010/11,exports,0
大豆,Norway,2010/11,exports,0
大豆,Panama,2010/11,exports,0
大豆,Serbia,2010/11,exports,0.082
大豆,Singapore,2010/11,exports,0
大豆,Switzerland,2010/11,exports,0
大豆,Syria,2010/11,exports,0
大豆,Trinidad and Tobago,2010/11,exports,0
大豆,Uganda,2010/11,exports,0.005
大豆,United Arab Emirates,2010/11,exports,0.001
大豆,Uzbekistan,2010/11,exports,0
大豆,Zambia,2010/11,exports,0
大豆,Zimbabwe,2010/11,exports,0
大豆,阿根廷,2010/11,imports,0.013
大豆,埃及,2010/11,imports,1.644
大豆,巴基斯坦,2010/11,imports,0.01
大豆,巴拉圭,2010/11,imports,0.021
大豆,巴西,2010/11,imports,0.037
大豆,玻利维亚,2010/11,imports,0.011
大豆,俄罗斯,2010/11,imports,1
大豆,菲律宾,2010/11,imports,0.085
大豆,哥伦比亚,2010/11,imports,0.308
大豆,韩国,2010/11,imports,1.239
大豆,加拿大,2010/11,imports,0.25
大豆,马来西亚,2010/11,imports,0.614
大豆,美国,2010/11,imports,0.393
大豆,孟加拉国,2010/11,imports,0.05
大豆,秘鲁,2010/11,imports,0.079
大豆,摩洛哥,2010/11,imports,0.095
大豆,墨西哥,2010/11,imports,3.498
大豆,南非,2010/11,imports,0.001
大豆,欧盟,2010/11,imports,12.472
大豆,日本,2010/11,imports,2.917
大豆,沙特阿拉伯,2010/11,imports,0.502
大豆,泰国,2010/11,imports,2.139
大豆,突尼斯,2010/11,imports,0.419
大豆,土耳其,2010/11,imports,1.351
大豆,委内瑞拉,2010/11,imports,0.197
大豆,乌克兰,2010/11,imports,0.002
大豆,乌拉圭,2010/11,imports,0.019
大豆,伊朗,2010/11,imports,0.93
大豆,印度,2010/11,imports,0
大豆,印度尼西亚,2010/11,imports,1.898
大豆,越南,2010/11,imports,0.932
大豆,智利,2010/11,imports,0.156
大豆,中国,2010/11,imports,52.339
大豆,中国台湾,2010/11,imports,2.454
大豆,Australia,2010/11,imports,0.001
大豆,Barbados,2010/11,imports,0.015
大豆,Bosnia and Herzegovina,2010/11,imports,0.053
大豆,Burma,2010/11,imports,0
大豆,Costa Rica,2010/11,imports,0.227
大豆,Cuba,2010/11,imports,0.132
大豆,Ecuador,2010/11,imports,0
大豆,Ethiopia,2010/11,imports,0
大豆,Ghana,2010/11,imports,0
大豆,Guatemala,2010/11,imports,0.014
大豆,Israel,2010/11,imports,0.384
大豆,Kazakhstan,2010/11,imports,0
大豆,"Korea, North",2010/11,imports,0.027
大豆,Nicaragua,2010/11,imports,0
大豆,Nigeria,2010/11,imports,0.004
大豆,Norway,2010/11,imports,0.42
大豆,Panama,2010/11,imports,0.005
大豆,Serbia,2010/11,imports,0.01
大豆,Singapore,2010/11,imports,0.019
大豆,Switzerland,2010/11,imports,0.023
大豆,Syria,2010/11,imports,0.305
大豆,Trinidad and Tobago,2010/11,imports,0
大豆,Uganda,2010/11,imports,0
大豆,United Arab Emirates,2010/11,imports,0.002
大豆,Uzbekistan,2010/11,imports,0.027
大豆,Zambia,2010/11,imports,0
大豆,Zimbabwe,2010/11,imports,0
大豆,阿根廷,2010/11,production,49
大豆,埃及,2010/11,production,0.043
大豆,巴基斯坦,2010/11,production,0.001
大豆,巴拉圭,2010/11,production,7.128
大豆,巴西,2010/11,production,75.3
大豆,玻利维亚,2010/11,production,2.32
大豆,俄罗斯,2010/11,production,1.133
大豆,菲律宾,2010/11,production,0.001
大豆,哥伦比亚,2010/11,production,0.064
大豆,韩国,2010/11,production,0.105
大豆,加拿大,2010/11,production,4.445
大豆,马来西亚,2010/11,production,0
大豆,美国,2010/11,production,90.663
大豆,孟加拉国,2010/11,production,0.096
大豆,秘鲁,2010/11,production,0.003
大豆,摩洛哥,2010/11,production,0
大豆,墨西哥,2010/11,production,0.168
大豆,南非,2010/11,production,0.71
大豆,欧盟,2010/11,production,1.198
大豆,日本,2010/11,production,0.223
大豆,沙特阿拉伯,2010/11,production,0
大豆,泰国,2010/11,production,0.18
大豆,突尼斯,2010/11,production,0
大豆,土耳其,2010/11,production,0.072
大豆,委内瑞拉,2010/11,production,0.052
大豆,乌克兰,2010/11,production,1.68
大豆,乌拉圭,2010/11,production,1.931
大豆,伊朗,2010/11,production,0.157
大豆,印度,2010/11,production,10.13
大豆,印度尼西亚,2010/11,production,0.65
大豆,越南,2010/11,production,0.254
大豆,智利,2010/11,production,0
大豆,中国,2010/11,production,15.41
大豆,中国台湾,2010/11,production,0
大豆,Australia,2010/11,production,0.03
大豆,Barbados,2010/11,production,0
大豆,Bosnia and Herzegovina,2010/11,production,0.008
大豆,Burma,2010/11,production,0.254
大豆,Costa Rica,2010/11,production,0
大豆,Cuba,2010/11,production,0
大豆,Ecuador,2010/11,production,0.07
大豆,Ethiopia,2010/11,production,0.016
大豆,Ghana,2010/11,production,0.146
大豆,Guatemala,2010/11,production,0.036
大豆,Israel,2010/11,production,0
大豆,Kazakhstan,2010/11,production,0.114
大豆,"Korea, North",2010/11,production,0.155
大豆,Nicaragua,2010/11,production,0.003
大豆,Nigeria,2010/11,production,0.365
大豆,Norway,2010/11,production,0
大豆,Panama,2010/11,production,0
大豆,Serbia,2010/11,production,0.35
大豆,Singapore,2010/11,production,0
大豆,Switzerland,2010/11,production,0.003
大豆,Syria,2010/11,production,0.002
大豆,Trinidad and Tobago,2010/11,production,0
大豆,Uganda,2010/11,production,0.181
大豆,United Arab Emirates,2010/11,production,0
大豆,Uzbekistan,2010/11,production,0
大豆,Zambia,2010/11,production,0.112
大豆,Zimbabwe,2010/11,production,0.084
大豆,阿根廷,2011/12,consumption,38.636
大豆,埃及,2011/12,consumption,1.662
大豆,巴基斯坦,2011/12,consumption,0.001
大豆,巴拉圭,2011/12,consumption,1
大豆,巴西,2011/12,consumption,40.483
大豆,玻利维亚,2011/12,consumption,2.205
大豆,俄罗斯,2011/12,consumption,2.23
大豆,菲律宾,2011/12,consumption,0.071
大豆,哥伦比亚,2011/12,consumption,0.33
大豆,韩国,2011/12,consumption,1.235
大豆,加拿大,2011/12,consumption,1.83
大豆,马来西亚,2011/12,consumption,0.569
大豆,美国,2011/12,consumption,48.786
大豆,孟加拉国,2011/12,consumption,0.333
大豆,秘鲁,2011/12,consumption,0.097
大豆,摩洛哥,2011/12,consumption,0.076
大豆,墨西哥,2011/12,consumption,3.71
大豆,南非,2011/12,consumption,0.626
大豆,欧盟,2011/12,consumption,12.58
大豆,日本,2011/12,consumption,2.991
大豆,沙特阿拉伯,2011/12,consumption,0.53
大豆,泰国,2011/12,consumption,2.145
大豆,突尼斯,2011/12,consumption,0.451
大豆,土耳其,2011/12,consumption,1.41
大豆,委内瑞拉,2011/12,consumption,0.202
大豆,乌克兰,2011/12,consumption,1.03
大豆,乌拉圭,2011/12,consumption,0.135
大豆,伊朗,2011/12,consumption,0.305
大豆,印度,2011/12,consumption,11.5
大豆,印度尼西亚,2011/12,consumption,2.558
大豆,越南,2011/12,consumption,1.55
大豆,智利,2011/12,consumption,0.048
大豆,中国,2011/12,consumption,72.3
大豆,中国台湾,2011/12,consumption,2.385
大豆,Australia,2011/12,consumption,0.083
大豆,Barbados,2011/12,consumption,0.021
大豆,Bosnia and Herzegovina,2011/12,consumption,0.035
大豆,Burma,2011/12,consumption,0.255
大豆,Costa Rica,2011/12,consumption,0.255
大豆,Cuba,2011/12,consumption,0.132
大豆,Ecuador,2011/12,consumption,0.071
大豆,Ethiopia,2011/12,consumption,0.031
大豆,Ghana,2011/12,consumption,0.157
大豆,Guatemala,2011/12,consumption,0.051
大豆,Israel,2011/12,consumption,0.283
大豆,Kazakhstan,2011/12,consumption,0.118
大豆,"Korea, North",2011/12,consumption,0.188
大豆,Nicaragua,2011/12,consumption,0.003
大豆,Nigeria,2011/12,consumption,0.499
大豆,Norway,2011/12,consumption,0.4
大豆,Panama,2011/12,consumption,0.003
大豆,Serbia,2011/12,consumption,0.38
大豆,Singapore,2011/12,consumption,0.018
大豆,Switzerland,2011/12,consumption,0.023
大豆,Syria,2011/12,consumption,0.08
大豆,Trinidad and Tobago,2011/12,consumption,0
大豆,Uganda,2011/12,consumption,0.027
大豆,United Arab Emirates,2011/12,consumption,0.142
大豆,Uzbekistan,2011/12,consumption,0.01
大豆,Zambia,2011/12,consumption,0.117
大豆,Zimbabwe,2011/12,consumption,0.054
大豆,阿根廷,2011/12,exports,7.368
大豆,埃及,2011/12,exports,0.001
大豆,巴基斯坦,2011/12,exports,0
大豆,巴拉圭,2011/12,exports,3.162
大豆,巴西,2011/12,exports,36.257
大豆,玻利维亚,2011/12,exports,0.322
大豆,俄罗斯,2011/12,exports,0.09
大豆,菲律宾,2011/12,exports,0
大豆,哥伦比亚,2011/12,exports,0
大豆,韩国,2011/12,exports,0
大豆,加拿大,2011/12,exports,2.933
大豆,马来西亚,2011/12,exports,0.029
大豆,美国,2011/12,exports,37.186
大豆,孟加拉国,2011/12,exports,0
大豆,秘鲁,2011/12,exports,0
大豆,摩洛哥,2011/12,exports,0
大豆,墨西哥,2011/12,exports,0
大豆,南非,2011/12,exports,0.155
大豆,欧盟,2011/12,exports,0.054
大豆,日本,2011/12,exports,0
大豆,沙特阿拉伯,2011/12,exports,0
大豆,泰国,2011/12,exports,0.002
大豆,突尼斯,2011/12,exports,0
大豆,土耳其,2011/12,exports,0.003
大豆,委内瑞拉,2011/12,exports,0
大豆,乌克兰,2011/12,exports,1.338
大豆,乌拉圭,2011/12,exports,2.562
大豆,伊朗,2011/12,exports,0.001
大豆,印度,2011/12,exports,0.039
大豆,印度尼西亚,2011/12,exports,0.001
大豆,越南,2011/12,exports,0
大豆,智利,2011/12,exports,0.006
大豆,中国,2011/12,exports,0.275
大豆,中国台湾,2011/12,exports,0
大豆,Australia,2011/12,exports,0.002
大豆,Barbados,2011/12,exports,0
大豆,Bosnia and Herzegovina,2011/12,exports,0
大豆,Burma,2011/12,exports,0
大豆,Costa Rica,2011/12,exports,0
大豆,Cuba,2011/12,exports,0
大豆,Ecuador,2011/12,exports,0
大豆,Ethiopia,2011/12,exports,0
大豆,Ghana,2011/12,exports,0
大豆,Guatemala,2011/12,exports,0
大豆,Israel,2011/12,exports,0
大豆,Kazakhstan,2011/12,exports,0.017
大豆,"Korea, North",2011/12,exports,0
大豆,Nicaragua,2011/12,exports,0
大豆,Nigeria,2011/12,exports,0
大豆,Norway,2011/12,exports,0
大豆,Panama,2011/12,exports,0
大豆,Serbia,2011/12,exports,0.017
大豆,Singapore,2011/12,exports,0.001
大豆,Switzerland,2011/12,exports,0
大豆,Syria,2011/12,exports,0
大豆,Trinidad and Tobago,2011/12,exports,0
大豆,Uganda,2011/12,exports,0.005
大豆,United Arab Emirates,2011/12,exports,0
大豆,Uzbekistan,2011/12,exports,0
大豆,Zambia,2011/12,exports,0
大豆,Zimbabwe,2011/12,exports,0
大豆,阿根廷,2011/12,imports,0
大豆,埃及,2011/12,imports,1.661
大豆,巴基斯坦,2011/12,imports,0
大豆,巴拉圭,2011/12,imports,0.019
大豆,巴西,2011/12,imports,0.128
大豆,玻利维亚,2011/12,imports,0.01
大豆,俄罗斯,2011/12,imports,0.741
大豆,菲律宾,2011/12,imports,0.051
大豆,哥伦比亚,2011/12,imports,0.258
大豆,韩国,2011/12,imports,1.139
大豆,加拿大,2011/12,imports,0.23
大豆,马来西亚,2011/12,imports,0.609
大豆,美国,2011/12,imports,0.439
大豆,孟加拉国,2011/12,imports,0.256
大豆,秘鲁,2011/12,imports,0.093
大豆,摩洛哥,2011/12,imports,0.076
大豆,墨西哥,2011/12,imports,3.606
大豆,南非,2011/12,imports,0.001
大豆,欧盟,2011/12,imports,12.07
大豆,日本,2011/12,imports,2.758
大豆,沙特阿拉伯,2011/12,imports,0.564
大豆,泰国,2011/12,imports,1.907
大豆,突尼斯,2011/12,imports,0.451
大豆,土耳其,2011/12,imports,1.057
大豆,委内瑞拉,2011/12,imports,0.146
大豆,乌克兰,2011/12,imports,0.001
大豆,乌拉圭,2011/12,imports,0.015
大豆,伊朗,2011/12,imports,0.182
大豆,印度,2011/12,imports,0.001
大豆,印度尼西亚,2011/12,imports,1.922
大豆,越南,2011/12,imports,1.29
大豆,智利,2011/12,imports,0.029
大豆,中国,2011/12,imports,59.231
大豆,中国台湾,2011/12,imports,2.285
大豆,Australia,2011/12,imports,0.001
大豆,Barbados,2011/12,imports,0.026
大豆,Bosnia and Herzegovina,2011/12,imports,0.022
大豆,Burma,2011/12,imports,0
大豆,Costa Rica,2011/12,imports,0.259
大豆,Cuba,2011/12,imports,0.134
大豆,Ecuador,2011/12,imports,0
大豆,Ethiopia,2011/12,imports,0
大豆,Ghana,2011/12,imports,0
大豆,Guatemala,2011/12,imports,0.014
大豆,Israel,2011/12,imports,0.268
大豆,Kazakhstan,2011/12,imports,0.001
大豆,"Korea, North",2011/12,imports,0.021
大豆,Nicaragua,2011/12,imports,0
大豆,Nigeria,2011/12,imports,0.005
大豆,Norway,2011/12,imports,0.398
大豆,Panama,2011/12,imports,0.003
大豆,Serbia,2011/12,imports,0.007
大豆,Singapore,2011/12,imports,0.019
大豆,Switzerland,2011/12,imports,0.02
大豆,Syria,2011/12,imports,0.078
大豆,Trinidad and Tobago,2011/12,imports,0
大豆,Uganda,2011/12,imports,0
大豆,United Arab Emirates,2011/12,imports,0.153
大豆,Uzbekistan,2011/12,imports,0.003
大豆,Zambia,2011/12,imports,0
大豆,Zimbabwe,2011/12,imports,0
大豆,阿根廷,2011/12,production,40.1
大豆,埃及,2011/12,production,0.03
大豆,巴基斯坦,2011/12,production,0.001
大豆,巴拉圭,2011/12,production,4.2
大豆,巴西,2011/12,production,66.5
大豆,玻利维亚,2011/12,production,2.429
大豆,俄罗斯,2011/12,production,1.641
大豆,菲律宾,2011/12,production,0.001
大豆,哥伦比亚,2011/12,production,0.06
大豆,韩国,2011/12,production,0.129
大豆,加拿大,2011/12,production,4.467
大豆,马来西亚,2011/12,production,0
大豆,美国,2011/12,production,84.291
大豆,孟加拉国,2011/12,production,0.105
大豆,秘鲁,2011/12,production,0.003
大豆,摩洛哥,2011/12,production,0
大豆,墨西哥,2011/12,production,0.205
大豆,南非,2011/12,production,0.65
大豆,欧盟,2011/12,production,1.221
大豆,日本,2011/12,production,0.219
大豆,沙特阿拉伯,2011/12,production,0
大豆,泰国,2011/12,production,0.109
大豆,突尼斯,2011/12,production,0
大豆,土耳其,2011/12,production,0.05
大豆,委内瑞拉,2011/12,production,0.05
大豆,乌克兰,2011/12,production,2.264
大豆,乌拉圭,2011/12,production,2.629
大豆,伊朗,2011/12,production,0.116
大豆,印度,2011/12,production,11.94
大豆,印度尼西亚,2011/12,production,0.62
大豆,越南,2011/12,production,0.175
大豆,智利,2011/12,production,0
大豆,中国,2011/12,production,14.879
大豆,中国台湾,2011/12,production,0
大豆,Australia,2011/12,production,0.086
大豆,Barbados,2011/12,production,0
大豆,Bosnia and Herzegovina,2011/12,production,0.007
大豆,Burma,2011/12,production,0.255
大豆,Costa Rica,2011/12,production,0
大豆,Cuba,2011/12,production,0
大豆,Ecuador,2011/12,production,0.07
大豆,Ethiopia,2011/12,production,0.036
大豆,Ghana,2011/12,production,0.165
大豆,Guatemala,2011/12,production,0.036
大豆,Israel,2011/12,production,0
大豆,Kazakhstan,2011/12,production,0.133
大豆,"Korea, North",2011/12,production,0.175
大豆,Nicaragua,2011/12,production,0.003
大豆,Nigeria,2011/12,production,0.493
大豆,Norway,2011/12,production,0
大豆,Panama,2011/12,production,0
大豆,Serbia,2011/12,production,0.415
大豆,Singapore,2011/12,production,0
大豆,Switzerland,2011/12,production,0.003
大豆,Syria,2011/12,production,0.002
大豆,Trinidad and Tobago,2011/12,production,0
大豆,Uganda,2011/12,production,0.032
大豆,United Arab Emirates,2011/12,production,0
大豆,Uzbekistan,2011/12,production,0
大豆,Zambia,2011/12,production,0.117
大豆,Zimbabwe,2011/12,production,0.054
大豆,阿根廷,2012/13,consumption,38.611
大豆,埃及,2012/13,consumption,1.752
大豆,巴基斯坦,2012/13,consumption,0.001
大豆,巴拉圭,2012/13,consumption,3.025
大豆,巴西,2012/13,consumption,37.61
大豆,玻利维亚,2012/13,consumption,2.435
大豆,俄罗斯,2012/13,consumption,2.34
大豆,菲律宾,2012/13,consumption,0.071
大豆,哥伦比亚,2012/13,consumption,0.385
大豆,韩国,2012/13,consumption,1.248
大豆,加拿大,2012/13,consumption,1.959
大豆,马来西亚,2012/13,consumption,0.557
大豆,美国,2012/13,consumption,48.55
大豆,孟加拉国,2012/13,consumption,0.495
大豆,秘鲁,2012/13,consumption,0.166
大豆,摩洛哥,2012/13,consumption,0.074
大豆,墨西哥,2012/13,consumption,3.685
大豆,南非,2012/13,consumption,0.858
大豆,欧盟,2012/13,consumption,13.8
大豆,日本,2012/13,consumption,2.999
大豆,沙特阿拉伯,2012/13,consumption,0.63
大豆,泰国,2012/13,consumption,1.96
大豆,突尼斯,2012/13,consumption,0.439
大豆,土耳其,2012/13,consumption,1.43
大豆,委内瑞拉,2012/13,consumption,0.222
大豆,乌克兰,2012/13,consumption,0.99
大豆,乌拉圭,2012/13,consumption,0.155
大豆,伊朗,2012/13,consumption,0.305
大豆,印度,2012/13,consumption,12.096
大豆,印度尼西亚,2012/13,consumption,2.429
大豆,越南,2012/13,consumption,1.47
大豆,智利,2012/13,consumption,0.045
大豆,中国,2012/13,consumption,76.7
大豆,中国台湾,2012/13,consumption,2.3
大豆,Australia,2012/13,consumption,0.082
大豆,Barbados,2012/13,consumption,0.022
大豆,Bosnia and Herzegovina,2012/13,consumption,0.034
大豆,Burma,2012/13,consumption,0.162
大豆,Costa Rica,2012/13,consumption,0.255
大豆,Cuba,2012/13,consumption,0.13
大豆,Ecuador,2012/13,consumption,0.071
大豆,Ethiopia,2012/13,consumption,0.048
大豆,Ghana,2012/13,consumption,0.176
大豆,Guatemala,2012/13,consumption,0.054
大豆,Israel,2012/13,consumption,0.323
大豆,Kazakhstan,2012/13,consumption,0.147
大豆,"Korea, North",2012/13,consumption,0.188
大豆,Nicaragua,2012/13,consumption,0.007
大豆,Nigeria,2012/13,consumption,0.565
大豆,Norway,2012/13,consumption,0.41
大豆,Panama,2012/13,consumption,0.011
大豆,Serbia,2012/13,consumption,0.345
大豆,Singapore,2012/13,consumption,0.019
大豆,Switzerland,2012/13,consumption,0.021
大豆,Syria,2012/13,consumption,0.051
大豆,Trinidad and Tobago,2012/13,consumption,0
大豆,Uganda,2012/13,consumption,0.018
大豆,United Arab Emirates,2012/13,consumption,0.202
大豆,Uzbekistan,2012/13,consumption,0.01
大豆,Zambia,2012/13,consumption,0.183
大豆,Zimbabwe,2012/13,consumption,0.067
大豆,阿根廷,2012/13,exports,7.738
大豆,埃及,2012/13,exports,0.001
大豆,巴基斯坦,2012/13,exports,0
大豆,巴拉圭,2012/13,exports,5.082
大豆,巴西,2012/13,exports,41.904
大豆,玻利维亚,2012/13,exports,0.523
大豆,俄罗斯,2012/13,exports,0.102
大豆,菲律宾,2012/13,exports,0
大豆,哥伦比亚,2012/13,exports,0
大豆,韩国,2012/13,exports,0.002
大豆,加拿大,2012/13,exports,3.47
大豆,马来西亚,2012/13,exports,0.018
大豆,美国,2012/13,exports,36.129
大豆,孟加拉国,2012/13,exports,0
大豆,秘鲁,2012/13,exports,0
大豆,摩洛哥,2012/13,exports,0
大豆,墨西哥,2012/13,exports,0
大豆,南非,2012/13,exports,0.018
大豆,欧盟,2012/13,exports,0.092
大豆,日本,2012/13,exports,0
大豆,沙特阿拉伯,2012/13,exports,0
大豆,泰国,2012/13,exports,0.002
大豆,突尼斯,2012/13,exports,0
大豆,土耳其,2012/13,exports,0.026
大豆,委内瑞拉,2012/13,exports,0
大豆,乌克兰,2012/13,exports,1.323
大豆,乌拉圭,2012/13,exports,3.527
大豆,伊朗,2012/13,exports,0.001
大豆,印度,2012/13,exports,0.115
大豆,印度尼西亚,2012/13,exports,0.002
大豆,越南,2012/13,exports,0.001
大豆,智利,2012/13,exports,0.005
大豆,中国,2012/13,exports,0.266
大豆,中国台湾,2012/13,exports,0
大豆,Australia,2012/13,exports,0.009
大豆,Barbados,2012/13,exports,0
大豆,Bosnia and Herzegovina,2012/13,exports,0
大豆,Burma,2012/13,exports,0
大豆,Costa Rica,2012/13,exports,0
大豆,Cuba,2012/13,exports,0
大豆,Ecuador,2012/13,exports,0
大豆,Ethiopia,2012/13,exports,0.016
大豆,Ghana,2012/13,exports,0
大豆,Guatemala,2012/13,exports,0
大豆,Israel,2012/13,exports,0
大豆,Kazakhstan,2012/13,exports,0.021
大豆,"Korea, North",2012/13,exports,0
大豆,Nicaragua,2012/13,exports,0
大豆,Nigeria,2012/13,exports,0
大豆,Norway,2012/13,exports,0
大豆,Panama,2012/13,exports,0
大豆,Serbia,2012/13,exports,0.006
大豆,Singapore,2012/13,exports,0.001
大豆,Switzerland,2012/13,exports,0
大豆,Syria,2012/13,exports,0
大豆,Trinidad and Tobago,2012/13,exports,0
大豆,Uganda,2012/13,exports,0.005
大豆,United Arab Emirates,2012/13,exports,0
大豆,Uzbekistan,2012/13,exports,0
大豆,Zambia,2012/13,exports,0
大豆,Zimbabwe,2012/13,exports,0
大豆,阿根廷,2012/13,imports,0.002
大豆,埃及,2012/13,imports,1.725
大豆,巴基斯坦,2012/13,imports,0
大豆,巴拉圭,2012/13,imports,0.027
大豆,巴西,2012/13,imports,0.395
大豆,玻利维亚,2012/13,imports,0.01
大豆,俄罗斯,2012/13,imports,0.717
大豆,菲律宾,2012/13,imports,0.056
大豆,哥伦比亚,2012/13,imports,0.328
大豆,韩国,2012/13,imports,1.115
大豆,加拿大,2012/13,imports,0.27
大豆,马来西亚,2012/13,imports,0.574
大豆,美国,2012/13,imports,1.103
大豆,孟加拉国,2012/13,imports,0.398
大豆,秘鲁,2012/13,imports,0.162
大豆,摩洛哥,2012/13,imports,0.073
大豆,墨西哥,2012/13,imports,3.409
大豆,南非,2012/13,imports,0.006
大豆,欧盟,2012/13,imports,12.538
大豆,日本,2012/13,imports,2.83
大豆,沙特阿拉伯,2012/13,imports,0.598
大豆,泰国,2012/13,imports,1.867
大豆,突尼斯,2012/13,imports,0.479
大豆,土耳其,2012/13,imports,1.244
大豆,委内瑞拉,2012/13,imports,0.213
大豆,乌克兰,2012/13,imports,0.002
大豆,乌拉圭,2012/13,imports,0.016
大豆,伊朗,2012/13,imports,0.127
大豆,印度,2012/13,imports,0
大豆,印度尼西亚,2012/13,imports,1.795
大豆,越南,2012/13,imports,1.291
大豆,智利,2012/13,imports,0.05
大豆,中国,2012/13,imports,59.865
大豆,中国台湾,2012/13,imports,2.286
大豆,Australia,2012/13,imports,0.001
大豆,Barbados,2012/13,imports,0.017
大豆,Bosnia and Herzegovina,2012/13,imports,0.016
大豆,Burma,2012/13,imports,0
大豆,Costa Rica,2012/13,imports,0.251
大豆,Cuba,2012/13,imports,0.125
大豆,Ecuador,2012/13,imports,0
大豆,Ethiopia,2012/13,imports,0
大豆,Ghana,2012/13,imports,0
大豆,Guatemala,2012/13,imports,0.015
大豆,Israel,2012/13,imports,0.313
大豆,Kazakhstan,2012/13,imports,0.006
大豆,"Korea, North",2012/13,imports,0.015
大豆,Nicaragua,2012/13,imports,0
大豆,Nigeria,2012/13,imports,0
大豆,Norway,2012/13,imports,0.419
大豆,Panama,2012/13,imports,0.011
大豆,Serbia,2012/13,imports,0.049
大豆,Singapore,2012/13,imports,0.02
大豆,Switzerland,2012/13,imports,0.018
大豆,Syria,2012/13,imports,0.07
大豆,Trinidad and Tobago,2012/13,imports,0
大豆,Uganda,2012/13,imports,0
大豆,United Arab Emirates,2012/13,imports,0.21
大豆,Uzbekistan,2012/13,imports,0.004
大豆,Zambia,2012/13,imports,0
大豆,Zimbabwe,2012/13,imports,0
大豆,阿根廷,2012/13,production,49.3
大豆,埃及,2012/13,production,0.026
大豆,巴基斯坦,2012/13,production,0.001
大豆,巴拉圭,2012/13,production,7.95
大豆,巴西,2012/13,production,82
大豆,玻利维亚,2012/13,production,2.646
大豆,俄罗斯,2012/13,production,1.683
大豆,菲律宾,2012/13,production,0.001
大豆,哥伦比亚,2012/13,production,0.067
大豆,韩国,2012/13,production,0.123
大豆,加拿大,2012/13,production,5.086
大豆,马来西亚,2012/13,production,0
大豆,美国,2012/13,production,82.791
大豆,孟加拉国,2012/13,production,0.112
大豆,秘鲁,2012/13,production,0.003
大豆,摩洛哥,2012/13,production,0
大豆,墨西哥,2012/13,production,0.248
大豆,南非,2012/13,production,0.785
大豆,欧盟,2012/13,production,0.95
大豆,日本,2012/13,production,0.236
大豆,沙特阿拉伯,2012/13,production,0
大豆,泰国,2012/13,production,0.085
大豆,突尼斯,2012/13,production,0
大豆,土耳其,2012/13,production,0.07
大豆,委内瑞拉,2012/13,production,0.023
大豆,乌克兰,2012/13,production,2.41
大豆,乌拉圭,2012/13,production,3.595
大豆,伊朗,2012/13,production,0.168
大豆,印度,2012/13,production,12.186
大豆,印度尼西亚,2012/13,production,0.6
大豆,越南,2012/13,production,0.174
大豆,智利,2012/13,production,0
大豆,中国,2012/13,production,13.436
大豆,中国台湾,2012/13,production,0
大豆,Australia,2012/13,production,0.092
大豆,Barbados,2012/13,production,0
大豆,Bosnia and Herzegovina,2012/13,production,0.007
大豆,Burma,2012/13,production,0.162
大豆,Costa Rica,2012/13,production,0
大豆,Cuba,2012/13,production,0
大豆,Ecuador,2012/13,production,0.07
大豆,Ethiopia,2012/13,production,0.064
大豆,Ghana,2012/13,production,0.152
大豆,Guatemala,2012/13,production,0.036
大豆,Israel,2012/13,production,0
大豆,Kazakhstan,2012/13,production,0.17
大豆,"Korea, North",2012/13,production,0.17
大豆,Nicaragua,2012/13,production,0.007
大豆,Nigeria,2012/13,production,0.65
大豆,Norway,2012/13,production,0
大豆,Panama,2012/13,production,0
大豆,Serbia,2012/13,production,0.28
大豆,Singapore,2012/13,production,0
大豆,Switzerland,2012/13,production,0.003
大豆,Syria,2012/13,production,0.002
大豆,Trinidad and Tobago,2012/13,production,0
大豆,Uganda,2012/13,production,0.023
大豆,United Arab Emirates,2012/13,production,0
大豆,Uzbekistan,2012/13,production,0
大豆,Zambia,2012/13,production,0.203
大豆,Zimbabwe,2012/13,production,0.077
大豆,阿根廷,2013/14,consumption,41.173
大豆,埃及,2013/14,consumption,1.722
大豆,巴基斯坦,2013/14,consumption,0.012
大豆,巴拉圭,2013/14,consumption,3.575
大豆,巴西,2013/14,consumption,39.411
大豆,玻利维亚,2013/14,consumption,2.565
大豆,俄罗斯,2013/14,consumption,3.49
大豆,菲律宾,2013/14,consumption,0.114
大豆,哥伦比亚,2013/14,consumption,0.478
大豆,韩国,2013/14,consumption,1.348
大豆,加拿大,2013/14,consumption,2.148
大豆,马来西亚,2013/14,consumption,0.545
大豆,美国,2013/14,consumption,50.043
大豆,孟加拉国,2013/14,consumption,0.668
大豆,秘鲁,2013/14,consumption,0.267
大豆,摩洛哥,2013/14,consumption,0.134
大豆,墨西哥,2013/14,consumption,4.065
大豆,南非,2013/14,consumption,1.046
大豆,欧盟,2013/14,consumption,14.27
大豆,日本,2013/14,consumption,3.059
大豆,沙特阿拉伯,2013/14,consumption,0.668
大豆,泰国,2013/14,consumption,1.926
大豆,突尼斯,2013/14,consumption,0.484
大豆,土耳其,2013/14,consumption,1.65
大豆,委内瑞拉,2013/14,consumption,0.212
大豆,乌克兰,2013/14,consumption,1.35
大豆,乌拉圭,2013/14,consumption,0.22
大豆,伊朗,2013/14,consumption,0.407
大豆,印度,2013/14,consumption,9.908
大豆,印度尼西亚,2013/14,consumption,2.685
大豆,越南,2013/14,consumption,1.73
大豆,智利,2013/14,consumption,0.07
大豆,中国,2013/14,consumption,81
大豆,中国台湾,2013/14,consumption,2.305
大豆,Australia,2013/14,consumption,0.033
大豆,Barbados,2013/14,consumption,0.022
大豆,Bosnia and Herzegovina,2013/14,consumption,0.036
大豆,Burma,2013/14,consumption,0.163
大豆,Costa Rica,2013/14,consumption,0.225
大豆,Cuba,2013/14,consumption,0.126
大豆,Ecuador,2013/14,consumption,0.071
大豆,Ethiopia,2013/14,consumption,0.046
大豆,Ghana,2013/14,consumption,0.126
大豆,Guatemala,2013/14,consumption,0.06
大豆,Israel,2013/14,consumption,0.343
大豆,Kazakhstan,2013/14,consumption,0.185
大豆,"Korea, North",2013/14,consumption,0.167
大豆,Nicaragua,2013/14,consumption,0.007
大豆,Nigeria,2013/14,consumption,0.581
大豆,Norway,2013/14,consumption,0.39
大豆,Panama,2013/14,consumption,0.018
大豆,Serbia,2013/14,consumption,0.375
大豆,Singapore,2013/14,consumption,0.019
大豆,Switzerland,2013/14,consumption,0.018
大豆,Syria,2013/14,consumption,0.05
大豆,Trinidad and Tobago,2013/14,consumption,0
大豆,Uganda,2013/14,consumption,0.018
大豆,United Arab Emirates,2013/14,consumption,0.137
大豆,Uzbekistan,2013/14,consumption,0.01
大豆,Zambia,2013/14,consumption,0.236
大豆,Zimbabwe,2013/14,consumption,0.066
大豆,阿根廷,2013/14,exports,7.842
大豆,埃及,2013/14,exports,0
大豆,巴基斯坦,2013/14,exports,0
大豆,巴拉圭,2013/14,exports,4.844
大豆,巴西,2013/14,exports,46.829
大豆,玻利维亚,2013/14,exports,0.141
大豆,俄罗斯,2013/14,exports,0.024
大豆,菲律宾,2013/14,exports,0
大豆,哥伦比亚,2013/14,exports,0
大豆,韩国,2013/14,exports,0
大豆,加拿大,2013/14,exports,3.469
大豆,马来西亚,2013/14,exports,0.023
大豆,美国,2013/14,exports,44.594
大豆,孟加拉国,2013/14,exports,0
大豆,秘鲁,2013/14,exports,0
大豆,摩洛哥,2013/14,exports,0
大豆,墨西哥,2013/14,exports,0
大豆,南非,2013/14,exports,0.002
大豆,欧盟,2013/14,exports,0.057
大豆,日本,2013/14,exports,0
大豆,沙特阿拉伯,2013/14,exports,0
大豆,泰国,2013/14,exports,0.006
大豆,突尼斯,2013/14,exports,0
大豆,土耳其,2013/14,exports,0.047
大豆,委内瑞拉,2013/14,exports,0
大豆,乌克兰,2013/14,exports,1.261
大豆,乌拉圭,2013/14,exports,3.15
大豆,伊朗,2013/14,exports,0
大豆,印度,2013/14,exports,0.183
大豆,印度尼西亚,2013/14,exports,0.039
大豆,越南,2013/14,exports,0
大豆,智利,2013/14,exports,0.003
大豆,中国,2013/14,exports,0.215
大豆,中国台湾,2013/14,exports,0
大豆,Australia,2013/14,exports,0.003
大豆,Barbados,2013/14,exports,0
大豆,Bosnia and Herzegovina,2013/14,exports,0
大豆,Burma,2013/14,exports,0
大豆,Costa Rica,2013/14,exports,0
大豆,Cuba,2013/14,exports,0
大豆,Ecuador,2013/14,exports,0
大豆,Ethiopia,2013/14,exports,0.015
大豆,Ghana,2013/14,exports,0
大豆,Guatemala,2013/14,exports,0
大豆,Israel,2013/14,exports,0
大豆,Kazakhstan,2013/14,exports,0.021
大豆,"Korea, North",2013/14,exports,0
大豆,Nicaragua,2013/14,exports,0
大豆,Nigeria,2013/14,exports,0
大豆,Norway,2013/14,exports,0
大豆,Panama,2013/14,exports,0
大豆,Serbia,2013/14,exports,0.023
大豆,Singapore,2013/14,exports,0.001
大豆,Switzerland,2013/14,exports,0
大豆,Syria,2013/14,exports,0
大豆,Trinidad and Tobago,2013/14,exports,0
大豆,Uganda,2013/14,exports,0.005
大豆,United Arab Emirates,2013/14,exports,0.001
大豆,Uzbekistan,2013/14,exports,0
大豆,Zambia,2013/14,exports,0
大豆,Zimbabwe,2013/14,exports,0
大豆,阿根廷,2013/14,imports,0.001
大豆,埃及,2013/14,imports,1.694
大豆,巴基斯坦,2013/14,imports,0.011
大豆,巴拉圭,2013/14,imports,0.007
大豆,巴西,2013/14,imports,0.605
大豆,玻利维亚,2013/14,imports,0.007
大豆,俄罗斯,2013/14,imports,2.048
大豆,菲律宾,2013/14,imports,0.122
大豆,哥伦比亚,2013/14,imports,0.436
大豆,韩国,2013/14,imports,1.271
大豆,加拿大,2013/14,imports,0.34
大豆,马来西亚,2013/14,imports,0.554
大豆,美国,2013/14,imports,1.953
大豆,孟加拉国,2013/14,imports,0.572
大豆,秘鲁,2013/14,imports,0.266
大豆,摩洛哥,2013/14,imports,0.134
大豆,墨西哥,2013/14,imports,3.842
大豆,南非,2013/14,imports,0.102
大豆,欧盟,2013/14,imports,13.293
大豆,日本,2013/14,imports,2.894
大豆,沙特阿拉伯,2013/14,imports,0.671
大豆,泰国,2013/14,imports,1.798
大豆,突尼斯,2013/14,imports,0.444
大豆,土耳其,2013/14,imports,1.75
大豆,委内瑞拉,2013/14,imports,0.2
大豆,乌克兰,2013/14,imports,0.003
大豆,乌拉圭,2013/14,imports,0.015
大豆,伊朗,2013/14,imports,0.26
大豆,印度,2013/14,imports,0.004
大豆,印度尼西亚,2013/14,imports,2.241
大豆,越南,2013/14,imports,1.564
大豆,智利,2013/14,imports,0.077
大豆,中国,2013/14,imports,70.364
大豆,中国台湾,2013/14,imports,2.335
大豆,Australia,2013/14,imports,0.001
大豆,Barbados,2013/14,imports,0.022
大豆,Bosnia and Herzegovina,2013/14,imports,0.019
大豆,Burma,2013/14,imports,0
大豆,Costa Rica,2013/14,imports,0.225
大豆,Cuba,2013/14,imports,0.126
大豆,Ecuador,2013/14,imports,0
大豆,Ethiopia,2013/14,imports,0
大豆,Ghana,2013/14,imports,0
大豆,Guatemala,2013/14,imports,0.026
大豆,Israel,2013/14,imports,0.336
大豆,Kazakhstan,2013/14,imports,0
大豆,"Korea, North",2013/14,imports,0.002
大豆,Nicaragua,2013/14,imports,0
大豆,Nigeria,2013/14,imports,0.023
大豆,Norway,2013/14,imports,0.388
大豆,Panama,2013/14,imports,0.018
大豆,Serbia,2013/14,imports,0.012
大豆,Singapore,2013/14,imports,0.02
大豆,Switzerland,2013/14,imports,0.014
大豆,Syria,2013/14,imports,0.029
大豆,Trinidad and Tobago,2013/14,imports,0
大豆,Uganda,2013/14,imports,0
大豆,United Arab Emirates,2013/14,imports,0.134
大豆,Uzbekistan,2013/14,imports,0.009
大豆,Zambia,2013/14,imports,0
大豆,Zimbabwe,2013/14,imports,0
大豆,阿根廷,2013/14,production,53.4
大豆,埃及,2013/14,production,0.033
大豆,巴基斯坦,2013/14,production,0.001
大豆,巴拉圭,2013/14,production,8.1
大豆,巴西,2013/14,production,86.2
大豆,玻利维亚,2013/14,production,2.814
大豆,俄罗斯,2013/14,production,1.517
大豆,菲律宾,2013/14,production,0.001
大豆,哥伦比亚,2013/14,production,0.068
大豆,韩国,2013/14,production,0.154
大豆,加拿大,2013/14,production,5.356
大豆,马来西亚,2013/14,production,0
大豆,美国,2013/14,production,91.363
大豆,孟加拉国,2013/14,production,0.135
大豆,秘鲁,2013/14,production,0.003
大豆,摩洛哥,2013/14,production,0
大豆,墨西哥,2013/14,production,0.239
大豆,南非,2013/14,production,0.948
大豆,欧盟,2013/14,production,1.215
大豆,日本,2013/14,production,0.2
大豆,沙特阿拉伯,2013/14,production,0
大豆,泰国,2013/14,production,0.064
大豆,突尼斯,2013/14,production,0
大豆,土耳其,2013/14,production,0.13
大豆,委内瑞拉,2013/14,production,0.018
大豆,乌克兰,2013/14,production,2.774
大豆,乌拉圭,2013/14,production,3.585
大豆,伊朗,2013/14,production,0.151
大豆,印度,2013/14,production,9.477
大豆,印度尼西亚,2013/14,production,0.65
大豆,越南,2013/14,production,0.158
大豆,智利,2013/14,production,0
大豆,中国,2013/14,production,12.407
大豆,中国台湾,2013/14,production,0
大豆,Australia,2013/14,production,0.032
大豆,Barbados,2013/14,production,0
大豆,Bosnia and Herzegovina,2013/14,production,0.008
大豆,Burma,2013/14,production,0.163
大豆,Costa Rica,2013/14,production,0
大豆,Cuba,2013/14,production,0
大豆,Ecuador,2013/14,production,0.07
大豆,Ethiopia,2013/14,production,0.061
大豆,Ghana,2013/14,production,0.139
大豆,Guatemala,2013/14,production,0.036
大豆,Israel,2013/14,production,0
大豆,Kazakhstan,2013/14,production,0.203
大豆,"Korea, North",2013/14,production,0.165
大豆,Nicaragua,2013/14,production,0.007
大豆,Nigeria,2013/14,production,0.518
大豆,Norway,2013/14,production,0
大豆,Panama,2013/14,production,0
大豆,Serbia,2013/14,production,0.4
大豆,Singapore,2013/14,production,0
大豆,Switzerland,2013/14,production,0.004
大豆,Syria,2013/14,production,0.002
大豆,Trinidad and Tobago,2013/14,production,0
大豆,Uganda,2013/14,production,0.023
大豆,United Arab Emirates,2013/14,production,0
大豆,Uzbekistan,2013/14,production,0
大豆,Zambia,2013/14,production,0.261
大豆,Zimbabwe,2013/14,production,0.067
大豆,阿根廷,2014/15,consumption,45.485
大豆,埃及,2014/15,consumption,1.992
大豆,巴基斯坦,2014/15,consumption,0.501
大豆,巴拉圭,2014/15,consumption,3.45
大豆,巴西,2014/15,consumption,43.085
大豆,玻利维亚,2014/15,consumption,2.815
大豆,俄罗斯,2014/15,consumption,4.06
大豆,菲律宾,2014/15,consumption,0.115
大豆,哥伦比亚,2014/15,consumption,0.585
大豆,韩国,2014/15,consumption,1.457
大豆,加拿大,2014/15,consumption,2.306
大豆,马来西亚,2014/15,consumption,0.612
大豆,美国,2014/15,consumption,54.989
大豆,孟加拉国,2014/15,consumption,0.892
大豆,秘鲁,2014/15,consumption,0.302
大豆,摩洛哥,2014/15,consumption,0.128
大豆,墨西哥,2014/15,consumption,4.21
大豆,南非,2014/15,consumption,1.168
大豆,欧盟,2014/15,consumption,16.04
大豆,日本,2014/15,consumption,3.274
大豆,沙特阿拉伯,2014/15,consumption,0.718
大豆,泰国,2014/15,consumption,2.245
大豆,突尼斯,2014/15,consumption,0.489
大豆,土耳其,2014/15,consumption,2.25
大豆,委内瑞拉,2014/15,consumption,0.142
大豆,乌克兰,2014/15,consumption,1.581
大豆,乌拉圭,2014/15,consumption,0.21
大豆,伊朗,2014/15,consumption,1.527
大豆,印度,2014/15,consumption,8.888
大豆,印度尼西亚,2014/15,consumption,2.75
大豆,越南,2014/15,consumption,1.65
大豆,智利,2014/15,consumption,0.084
大豆,中国,2014/15,consumption,87.8
大豆,中国台湾,2014/15,consumption,2.46
大豆,Australia,2014/15,consumption,0.036
大豆,Barbados,2014/15,consumption,0.026
大豆,Benin,2014/15,consumption,0.09
大豆,Bosnia and Herzegovina,2014/15,consumption,0.04
大豆,Burma,2014/15,consumption,0.161
大豆,Costa Rica,2014/15,consumption,0.255
大豆,Cuba,2014/15,consumption,0.055
大豆,Ecuador,2014/15,consumption,0.033
大豆,Ethiopia,2014/15,consumption,0.056
大豆,Ghana,2014/15,consumption,0.127
大豆,Guatemala,2014/15,consumption,0.06
大豆,Israel,2014/15,consumption,0.363
大豆,Kazakhstan,2014/15,consumption,0.207
大豆,"Korea, North",2014/15,consumption,0.166
大豆,Lebanon,2014/15,consumption,0.05
大豆,Nicaragua,2014/15,consumption,0.008
大豆,Nigeria,2014/15,consumption,0.6
大豆,Norway,2014/15,consumption,0.42
大豆,Panama,2014/15,consumption,0.03
大豆,Serbia,2014/15,consumption,0.34
大豆,Singapore,2014/15,consumption,0.021
大豆,Switzerland,2014/15,consumption,0.018
大豆,Syria,2014/15,consumption,0.056
大豆,Trinidad and Tobago,2014/15,consumption,0
大豆,Uganda,2014/15,consumption,0.023
大豆,United Arab Emirates,2014/15,consumption,0.059
大豆,Uzbekistan,2014/15,consumption,0.008
大豆,Zambia,2014/15,consumption,0.248
大豆,Zimbabwe,2014/15,consumption,0.075
大豆,阿根廷,2014/15,exports,10.575
大豆,埃及,2014/15,exports,0
大豆,巴基斯坦,2014/15,exports,0
大豆,巴拉圭,2014/15,exports,4.576
大豆,巴西,2014/15,exports,50.612
大豆,玻利维亚,2014/15,exports,0.008
大豆,俄罗斯,2014/15,exports,0.313
大豆,菲律宾,2014/15,exports,0
大豆,哥伦比亚,2014/15,exports,0
大豆,韩国,2014/15,exports,0
大豆,加拿大,2014/15,exports,3.855
大豆,马来西亚,2014/15,exports,0.016
大豆,美国,2014/15,exports,50.136
大豆,孟加拉国,2014/15,exports,0
大豆,秘鲁,2014/15,exports,0
大豆,摩洛哥,2014/15,exports,0
大豆,墨西哥,2014/15,exports,0
大豆,南非,2014/15,exports,0.006
大豆,欧盟,2014/15,exports,0.116
大豆,日本,2014/15,exports,0
大豆,沙特阿拉伯,2014/15,exports,0
大豆,泰国,2014/15,exports,0.013
大豆,突尼斯,2014/15,exports,0
大豆,土耳其,2014/15,exports,0.119
大豆,委内瑞拉,2014/15,exports,0
大豆,乌克兰,2014/15,exports,2.422
大豆,乌拉圭,2014/15,exports,3.113
大豆,伊朗,2014/15,exports,0
大豆,印度,2014/15,exports,0.234
大豆,印度尼西亚,2014/15,exports,0.003
大豆,越南,2014/15,exports,0
大豆,智利,2014/15,exports,0.004
大豆,中国,2014/15,exports,0.143
大豆,中国台湾,2014/15,exports,0
大豆,Australia,2014/15,exports,0.003
大豆,Barbados,2014/15,exports,0
大豆,Benin,2014/15,exports,0
大豆,Bosnia and Herzegovina,2014/15,exports,0
大豆,Burma,2014/15,exports,0
大豆,Costa Rica,2014/15,exports,0
大豆,Cuba,2014/15,exports,0
大豆,Ecuador,2014/15,exports,0
大豆,Ethiopia,2014/15,exports,0.016
大豆,Ghana,2014/15,exports,0
大豆,Guatemala,2014/15,exports,0
大豆,Israel,2014/15,exports,0
大豆,Kazakhstan,2014/15,exports,0.016
大豆,"Korea, North",2014/15,exports,0
大豆,Lebanon,2014/15,exports,0
大豆,Nicaragua,2014/15,exports,0
大豆,Nigeria,2014/15,exports,0
大豆,Norway,2014/15,exports,0
大豆,Panama,2014/15,exports,0
大豆,Serbia,2014/15,exports,0.136
大豆,Singapore,2014/15,exports,0.002
大豆,Switzerland,2014/15,exports,0
大豆,Syria,2014/15,exports,0
大豆,Trinidad and Tobago,2014/15,exports,0
大豆,Uganda,2014/15,exports,0.005
大豆,United Arab Emirates,2014/15,exports,0
大豆,Uzbekistan,2014/15,exports,0
大豆,Zambia,2014/15,exports,0
大豆,Zimbabwe,2014/15,exports,0
大豆,阿根廷,2014/15,imports,0.002
大豆,埃及,2014/15,imports,1.947
大豆,巴基斯坦,2014/15,imports,0.538
大豆,巴拉圭,2014/15,imports,0.007
大豆,巴西,2014/15,imports,0.305
大豆,玻利维亚,2014/15,imports,0.011
大豆,俄罗斯,2014/15,imports,1.986
大豆,菲律宾,2014/15,imports,0.118
大豆,哥伦比亚,2014/15,imports,0.552
大豆,韩国,2014/15,imports,1.246
大豆,加拿大,2014/15,imports,0.337
大豆,马来西亚,2014/15,imports,0.643
大豆,美国,2014/15,imports,0.904
大豆,孟加拉国,2014/15,imports,0.696
大豆,秘鲁,2014/15,imports,0.334
大豆,摩洛哥,2014/15,imports,0.128
大豆,墨西哥,2014/15,imports,3.819
大豆,南非,2014/15,imports,0.129
大豆,欧盟,2014/15,imports,13.914
大豆,日本,2014/15,imports,3.004
大豆,沙特阿拉伯,2014/15,imports,0.696
大豆,泰国,2014/15,imports,2.411
大豆,突尼斯,2014/15,imports,0.489
大豆,土耳其,2014/15,imports,2.256
大豆,委内瑞拉,2014/15,imports,0.118
大豆,乌克兰,2014/15,imports,0.004
大豆,乌拉圭,2014/15,imports,0.006
大豆,伊朗,2014/15,imports,1.384
大豆,印度,2014/15,imports,0.011
大豆,印度尼西亚,2014/15,imports,2.006
大豆,越南,2014/15,imports,1.707
大豆,智利,2014/15,imports,0.099
大豆,中国,2014/15,imports,78.35
大豆,中国台湾,2014/15,imports,2.52
大豆,Australia,2014/15,imports,0.001
大豆,Barbados,2014/15,imports,0.028
大豆,Benin,2014/15,imports,0
大豆,Bosnia and Herzegovina,2014/15,imports,0.033
大豆,Burma,2014/15,imports,0
大豆,Costa Rica,2014/15,imports,0.265
大豆,Cuba,2014/15,imports,0.055
大豆,Ecuador,2014/15,imports,0
大豆,Ethiopia,2014/15,imports,0
大豆,Ghana,2014/15,imports,0
大豆,Guatemala,2014/15,imports,0.021
大豆,Israel,2014/15,imports,0.369
大豆,Kazakhstan,2014/15,imports,0.009
大豆,"Korea, North",2014/15,imports,0.009
大豆,Lebanon,2014/15,imports,0.11
大豆,Nicaragua,2014/15,imports,0.001
大豆,Nigeria,2014/15,imports,0.147
大豆,Norway,2014/15,imports,0.422
大豆,Panama,2014/15,imports,0.03
大豆,Serbia,2014/15,imports,0.031
大豆,Singapore,2014/15,imports,0.023
大豆,Switzerland,2014/15,imports,0.015
大豆,Syria,2014/15,imports,0.054
大豆,Trinidad and Tobago,2014/15,imports,0
大豆,Uganda,2014/15,imports,0
大豆,United Arab Emirates,2014/15,imports,0.048
大豆,Uzbekistan,2014/15,imports,0.008
大豆,Zambia,2014/15,imports,0
大豆,Zimbabwe,2014/15,imports,0
大豆,阿根廷,2014/15,production,61.45
大豆,埃及,2014/15,production,0.04
大豆,巴基斯坦,2014/15,production,0.001
大豆,巴拉圭,2014/15,production,8.404
大豆,巴西,2014/15,production,97.1
大豆,玻利维亚,2014/15,production,3.106
大豆,俄罗斯,2014/15,production,2.362
大豆,菲律宾,2014/15,production,0.001
大豆,哥伦比亚,2014/15,production,0.07
大豆,韩国,2014/15,production,0.139
大豆,加拿大,2014/15,production,6.045
大豆,马来西亚,2014/15,production,0
大豆,美国,2014/15,production,106.905
大豆,孟加拉国,2014/15,production,0.133
大豆,秘鲁,2014/15,production,0.003
大豆,摩洛哥,2014/15,production,0
大豆,墨西哥,2014/15,production,0.387
大豆,南非,2014/15,production,1.07
大豆,欧盟,2014/15,production,1.839
大豆,日本,2014/15,production,0.226
大豆,沙特阿拉伯,2014/15,production,0
大豆,泰国,2014/15,production,0.058
大豆,突尼斯,2014/15,production,0
大豆,土耳其,2014/15,production,0.135
大豆,委内瑞拉,2014/15,production,0.005
大豆,乌克兰,2014/15,production,3.9
大豆,乌拉圭,2014/15,production,3.394
大豆,伊朗,2014/15,production,0.143
大豆,印度,2014/15,production,8.711
大豆,印度尼西亚,2014/15,production,0.63
大豆,越南,2014/15,production,0.146
大豆,智利,2014/15,production,0
大豆,中国,2014/15,production,12.686
大豆,中国台湾,2014/15,production,0.001
大豆,Australia,2014/15,production,0.037
大豆,Barbados,2014/15,production,0
大豆,Benin,2014/15,production,0.1
大豆,Bosnia and Herzegovina,2014/15,production,0.007
大豆,Burma,2014/15,production,0.161
大豆,Costa Rica,2014/15,production,0
大豆,Cuba,2014/15,production,0
大豆,Ecuador,2014/15,production,0.033
大豆,Ethiopia,2014/15,production,0.072
大豆,Ghana,2014/15,production,0.141
大豆,Guatemala,2014/15,production,0.036
大豆,Israel,2014/15,production,0
大豆,Kazakhstan,2014/15,production,0.218
大豆,"Korea, North",2014/15,production,0.16
大豆,Lebanon,2014/15,production,0
大豆,Nicaragua,2014/15,production,0.007
大豆,Nigeria,2014/15,production,0.624
大豆,Norway,2014/15,production,0
大豆,Panama,2014/15,production,0
大豆,Serbia,2014/15,production,0.44
大豆,Singapore,2014/15,production,0
大豆,Switzerland,2014/15,production,0.003
大豆,Syria,2014/15,production,0.002
大豆,Trinidad and Tobago,2014/15,production,0
大豆,Uganda,2014/15,production,0.028
大豆,United Arab Emirates,2014/15,production,0
大豆,Uzbekistan,2014/15,production,0
大豆,Zambia,2014/15,production,0.214
大豆,Zimbabwe,2014/15,production,0.071
大豆,阿尔及利亚,2015/16,consumption,0
大豆,阿根廷,2015/16,consumption,49.467
大豆,埃及,2015/16,consumption,1.642
大豆,巴基斯坦,2015/16,consumption,1.251
大豆,巴拉圭,2015/16,consumption,3.975
大豆,巴西,2015/16,consumption,42.422
大豆,玻利维亚,2015/16,consumption,2.92
大豆,俄罗斯,2015/16,consumption,4.55
大豆,菲律宾,2015/16,consumption,0.223
大豆,哥伦比亚,2015/16,consumption,0.64
大豆,韩国,2015/16,consumption,1.391
大豆,加拿大,2015/16,consumption,2.584
大豆,马来西亚,2015/16,consumption,0.792
大豆,美国,2015/16,consumption,54.475
大豆,孟加拉国,2015/16,consumption,0.901
大豆,秘鲁,2015/16,consumption,0.292
大豆,摩洛哥,2015/16,consumption,0.1
大豆,墨西哥,2015/16,consumption,4.434
大豆,南非,2015/16,consumption,1.012
大豆,欧盟,2015/16,consumption,16.606
大豆,日本,2015/16,consumption,3.385
大豆,沙特阿拉伯,2015/16,consumption,0.685
大豆,泰国,2015/16,consumption,2.905
大豆,突尼斯,2015/16,consumption,0.51
大豆,土耳其,2015/16,consumption,2.35
大豆,委内瑞拉,2015/16,consumption,0.132
大豆,乌克兰,2015/16,consumption,1.621
大豆,乌拉圭,2015/16,consumption,0.215
大豆,伊朗,2015/16,consumption,1.807
大豆,印度,2015/16,consumption,6.71
大豆,印度尼西亚,2015/16,consumption,2.854
大豆,越南,2015/16,consumption,1.395
大豆,智利,2015/16,consumption,0.1
大豆,中国,2015/16,consumption,95.9
大豆,中国台湾,2015/16,consumption,2.51
大豆,Australia,2015/16,consumption,0.037
大豆,Barbados,2015/16,consumption,0.026
大豆,Belarus,2015/16,consumption,0.05
大豆,Benin,2015/16,consumption,0.132
大豆,Bosnia and Herzegovina,2015/16,consumption,0.033
大豆,Burma,2015/16,consumption,0.157
大豆,Costa Rica,2015/16,consumption,0.27
大豆,Cuba,2015/16,consumption,0.099
大豆,Ecuador,2015/16,consumption,0.033
大豆,Ethiopia,2015/16,consumption,0.014
大豆,Ghana,2015/16,consumption,0.137
大豆,Guatemala,2015/16,consumption,0.052
大豆,Iraq,2015/16,consumption,0
大豆,Israel,2015/16,consumption,0.388
大豆,Kazakhstan,2015/16,consumption,0.212
大豆,"Korea, North",2015/16,consumption,0.22
大豆,Lebanon,2015/16,consumption,0.2
大豆,Nicaragua,2015/16,consumption,0.009
大豆,Nigeria,2015/16,consumption,0.75
大豆,Norway,2015/16,consumption,0.42
大豆,Panama,2015/16,consumption,0.035
大豆,Serbia,2015/16,consumption,0.48
大豆,Singapore,2015/16,consumption,0.022
大豆,Switzerland,2015/16,consumption,0.014
大豆,Syria,2015/16,consumption,0.017
大豆,Trinidad and Tobago,2015/16,consumption,0
大豆,Uganda,2015/16,consumption,0.025
大豆,United Arab Emirates,2015/16,consumption,0.037
大豆,Uzbekistan,2015/16,consumption,0.008
大豆,Zambia,2015/16,consumption,0.193
大豆,Zimbabwe,2015/16,consumption,0.068
大豆,阿尔及利亚,2015/16,exports,0
大豆,阿根廷,2015/16,exports,9.922
大豆,埃及,2015/16,exports,0
大豆,巴基斯坦,2015/16,exports,0
大豆,巴拉圭,2015/16,exports,5.4
大豆,巴西,2015/16,exports,54.383
大豆,玻利维亚,2015/16,exports,0.091
大豆,俄罗斯,2015/16,exports,0.456
大豆,菲律宾,2015/16,exports,0
大豆,哥伦比亚,2015/16,exports,0
大豆,韩国,2015/16,exports,0.001
大豆,加拿大,2015/16,exports,4.236
大豆,马来西亚,2015/16,exports,0.058
大豆,美国,2015/16,exports,52.869
大豆,孟加拉国,2015/16,exports,0
大豆,秘鲁,2015/16,exports,0
大豆,摩洛哥,2015/16,exports,0
大豆,墨西哥,2015/16,exports,0
大豆,南非,2015/16,exports,0.008
大豆,欧盟,2015/16,exports,0.144
大豆,日本,2015/16,exports,0
大豆,沙特阿拉伯,2015/16,exports,0
大豆,泰国,2015/16,exports,0.006
大豆,突尼斯,2015/16,exports,0
大豆,土耳其,2015/16,exports,0.199
大豆,委内瑞拉,2015/16,exports,0
大豆,乌克兰,2015/16,exports,2.369
大豆,乌拉圭,2015/16,exports,2.221
大豆,伊朗,2015/16,exports,0
大豆,印度,2015/16,exports,0.134
大豆,印度尼西亚,2015/16,exports,0.002
大豆,越南,2015/16,exports,0
大豆,智利,2015/16,exports,0.005
大豆,中国,2015/16,exports,0.114
大豆,中国台湾,2015/16,exports,0
大豆,Australia,2015/16,exports,0.004
大豆,Barbados,2015/16,exports,0
大豆,Belarus,2015/16,exports,0
大豆,Benin,2015/16,exports,0.003
大豆,Bosnia and Herzegovina,2015/16,exports,0
大豆,Burma,2015/16,exports,0
大豆,Costa Rica,2015/16,exports,0
大豆,Cuba,2015/16,exports,0
大豆,Ecuador,2015/16,exports,0
大豆,Ethiopia,2015/16,exports,0.075
大豆,Ghana,2015/16,exports,0.004
大豆,Guatemala,2015/16,exports,0
大豆,Iraq,2015/16,exports,0
大豆,Israel,2015/16,exports,0
大豆,Kazakhstan,2015/16,exports,0.018
大豆,"Korea, North",2015/16,exports,0
大豆,Lebanon,2015/16,exports,0
大豆,Nicaragua,2015/16,exports,0
大豆,Nigeria,2015/16,exports,0.001
大豆,Norway,2015/16,exports,0
大豆,Panama,2015/16,exports,0
大豆,Serbia,2015/16,exports,0.068
大豆,Singapore,2015/16,exports,0
大豆,Switzerland,2015/16,exports,0
大豆,Syria,2015/16,exports,0
大豆,Trinidad and Tobago,2015/16,exports,0
大豆,Uganda,2015/16,exports,0.005
大豆,United Arab Emirates,2015/16,exports,0
大豆,Uzbekistan,2015/16,exports,0
大豆,Zambia,2015/16,exports,0.041
大豆,Zimbabwe,2015/16,exports,0
大豆,阿尔及利亚,2015/16,imports,0
大豆,阿根廷,2015/16,imports,0.676
大豆,埃及,2015/16,imports,1.575
大豆,巴基斯坦,2015/16,imports,1.251
大豆,巴拉圭,2015/16,imports,0.006
大豆,巴西,2015/16,imports,0.41
大豆,玻利维亚,2015/16,imports,0.008
大豆,俄罗斯,2015/16,imports,2.336
大豆,菲律宾,2015/16,imports,0.268
大豆,哥伦比亚,2015/16,imports,0.544
大豆,韩国,2015/16,imports,1.249
大豆,加拿大,2015/16,imports,0.286
大豆,马来西亚,2015/16,imports,0.885
大豆,美国,2015/16,imports,0.641
大豆,孟加拉国,2015/16,imports,1.128
大豆,秘鲁,2015/16,imports,0.263
大豆,摩洛哥,2015/16,imports,0.1
大豆,墨西哥,2015/16,imports,4.126
大豆,南非,2015/16,imports,0.274
大豆,欧盟,2015/16,imports,15.12
大豆,日本,2015/16,imports,3.186
大豆,沙特阿拉伯,2015/16,imports,0.711
大豆,泰国,2015/16,imports,2.798
大豆,突尼斯,2015/16,imports,0.546
大豆,土耳其,2015/16,imports,2.376
大豆,委内瑞拉,2015/16,imports,0.121
大豆,乌克兰,2015/16,imports,0.005
大豆,乌拉圭,2015/16,imports,0.026
大豆,伊朗,2015/16,imports,1.864
大豆,印度,2015/16,imports,0.053
大豆,印度尼西亚,2015/16,imports,2.274
大豆,越南,2015/16,imports,1.362
大豆,智利,2015/16,imports,0.111
大豆,中国,2015/16,imports,83.23
大豆,中国台湾,2015/16,imports,2.476
大豆,Australia,2015/16,imports,0.001
大豆,Barbados,2015/16,imports,0.026
大豆,Belarus,2015/16,imports,0.055
大豆,Benin,2015/16,imports,0
大豆,Bosnia and Herzegovina,2015/16,imports,0.025
大豆,Burma,2015/16,imports,0
大豆,Costa Rica,2015/16,imports,0.285
大豆,Cuba,2015/16,imports,0.099
大豆,Ecuador,2015/16,imports,0
大豆,Ethiopia,2015/16,imports,0
大豆,Ghana,2015/16,imports,0
大豆,Guatemala,2015/16,imports,0.015
大豆,Iraq,2015/16,imports,0
大豆,Israel,2015/16,imports,0.392
大豆,Kazakhstan,2015/16,imports,0.004
大豆,"Korea, North",2015/16,imports,0.005
大豆,Lebanon,2015/16,imports,0.188
大豆,Nicaragua,2015/16,imports,0.002
大豆,Nigeria,2015/16,imports,0.012
大豆,Norway,2015/16,imports,0.417
大豆,Panama,2015/16,imports,0.035
大豆,Serbia,2015/16,imports,0.087
大豆,Singapore,2015/16,imports,0.022
大豆,Switzerland,2015/16,imports,0.011
大豆,Syria,2015/16,imports,0.017
大豆,Trinidad and Tobago,2015/16,imports,0
大豆,Uganda,2015/16,imports,0
大豆,United Arab Emirates,2015/16,imports,0.035
大豆,Uzbekistan,2015/16,imports,0.007
大豆,Zambia,2015/16,imports,0
大豆,Zimbabwe,2015/16,imports,0.019
大豆,阿尔及利亚,2015/16,production,0
大豆,阿根廷,2015/16,production,58.8
大豆,埃及,2015/16,production,0.047
大豆,巴基斯坦,2015/16,production,0.001
大豆,巴拉圭,2015/16,production,9.295
大豆,巴西,2015/16,production,95.7
大豆,玻利维亚,2015/16,production,3.205
大豆,俄罗斯,2015/16,production,2.707
大豆,菲律宾,2015/16,production,0.001
大豆,哥伦比亚,2015/16,production,0.088
大豆,韩国,2015/16,production,0.104
大豆,加拿大,2015/16,production,6.456
大豆,马来西亚,2015/16,production,0
大豆,美国,2015/16,production,106.869
大豆,孟加拉国,2015/16,production,0.152
大豆,秘鲁,2015/16,production,0.003
大豆,摩洛哥,2015/16,production,0
大豆,墨西哥,2015/16,production,0.341
大豆,南非,2015/16,production,0.742
大豆,欧盟,2015/16,production,2.332
大豆,日本,2015/16,production,0.242
大豆,沙特阿拉伯,2015/16,production,0
大豆,泰国,2015/16,production,0.058
大豆,突尼斯,2015/16,production,0
大豆,土耳其,2015/16,production,0.1
大豆,委内瑞拉,2015/16,production,0.01
大豆,乌克兰,2015/16,production,3.932
大豆,乌拉圭,2015/16,production,2.256
大豆,伊朗,2015/16,production,0.14
大豆,印度,2015/16,production,6.929
大豆,印度尼西亚,2015/16,production,0.58
大豆,越南,2015/16,production,0.148
大豆,智利,2015/16,production,0
大豆,中国,2015/16,production,12.367
大豆,中国台湾,2015/16,production,0.003
大豆,Australia,2015/16,production,0.04
大豆,Barbados,2015/16,production,0
大豆,Belarus,2015/16,production,0
大豆,Benin,2015/16,production,0.14
大豆,Bosnia and Herzegovina,2015/16,production,0.007
大豆,Burma,2015/16,production,0.157
大豆,Costa Rica,2015/16,production,0
大豆,Cuba,2015/16,production,0
大豆,Ecuador,2015/16,production,0.033
大豆,Ethiopia,2015/16,production,0.09
大豆,Ghana,2015/16,production,0.142
大豆,Guatemala,2015/16,production,0.036
大豆,Iraq,2015/16,production,0
大豆,Israel,2015/16,production,0
大豆,Kazakhstan,2015/16,production,0.22
大豆,"Korea, North",2015/16,production,0.225
大豆,Lebanon,2015/16,production,0
大豆,Nicaragua,2015/16,production,0.007
大豆,Nigeria,2015/16,production,0.589
大豆,Norway,2015/16,production,0
大豆,Panama,2015/16,production,0
大豆,Serbia,2015/16,production,0.475
大豆,Singapore,2015/16,production,0
大豆,Switzerland,2015/16,production,0.003
大豆,Syria,2015/16,production,0.002
大豆,Trinidad and Tobago,2015/16,production,0
大豆,Uganda,2015/16,production,0.03
大豆,United Arab Emirates,2015/16,production,0
大豆,Uzbekistan,2015/16,production,0
大豆,Zambia,2015/16,production,0.226
大豆,Zimbabwe,2015/16,production,0.042
大豆,阿尔及利亚,2016/17,consumption,0
大豆,阿根廷,2016/17,consumption,49.809
大豆,埃及,2016/17,consumption,2.142
大豆,巴基斯坦,2016/17,consumption,1.681
大豆,巴拉圭,2016/17,consumption,3.975
大豆,巴西,2016/17,consumption,43.186
大豆,玻利维亚,2016/17,consumption,2.52
大豆,俄罗斯,2016/17,consumption,4.93
大豆,菲律宾,2016/17,consumption,0.24
大豆,哥伦比亚,2016/17,consumption,0.645
大豆,韩国,2016/17,consumption,1.34
大豆,加拿大,2016/17,consumption,2.516
大豆,马来西亚,2016/17,consumption,0.741
大豆,美国,2016/17,consumption,55.719
大豆,孟加拉国,2016/17,consumption,1.259
大豆,秘鲁,2016/17,consumption,0.312
大豆,摩洛哥,2016/17,consumption,0.067
大豆,墨西哥,2016/17,consumption,4.846
大豆,南非,2016/17,consumption,1.096
大豆,欧盟,2016/17,consumption,15.54
大豆,日本,2016/17,consumption,3.456
大豆,沙特阿拉伯,2016/17,consumption,0.622
大豆,泰国,2016/17,consumption,3.11
大豆,突尼斯,2016/17,consumption,0.462
大豆,土耳其,2016/17,consumption,2.2
大豆,委内瑞拉,2016/17,consumption,0.072
大豆,乌克兰,2016/17,consumption,1.351
大豆,乌拉圭,2016/17,consumption,0.21
大豆,伊朗,2016/17,consumption,2.006
大豆,印度,2016/17,consumption,10.261
大豆,印度尼西亚,2016/17,consumption,3
大豆,越南,2016/17,consumption,1.65
大豆,智利,2016/17,consumption,0.1
大豆,中国,2016/17,consumption,103.5
大豆,中国台湾,2016/17,consumption,2.56
大豆,Australia,2016/17,consumption,0.029
大豆,Barbados,2016/17,consumption,0.028
大豆,Belarus,2016/17,consumption,0.105
大豆,Benin,2016/17,consumption,0.098
大豆,Bosnia and Herzegovina,2016/17,consumption,0.028
大豆,Burma,2016/17,consumption,0.17
大豆,Costa Rica,2016/17,consumption,0.29
大豆,Cuba,2016/17,consumption,0.12
大豆,Ecuador,2016/17,consumption,0.042
大豆,Ethiopia,2016/17,consumption,0.013
大豆,Ghana,2016/17,consumption,0.144
大豆,Guatemala,2016/17,consumption,0.049
大豆,Iraq,2016/17,consumption,0
大豆,Israel,2016/17,consumption,0.395
大豆,Kazakhstan,2016/17,consumption,0.218
大豆,"Korea, North",2016/17,consumption,0.25
大豆,Lebanon,2016/17,consumption,0.2
大豆,Nicaragua,2016/17,consumption,0.009
大豆,Nigeria,2016/17,consumption,0.82
大豆,Norway,2016/17,consumption,0.42
大豆,Panama,2016/17,consumption,0.036
大豆,Serbia,2016/17,consumption,0.47
大豆,Singapore,2016/17,consumption,0.02
大豆,Switzerland,2016/17,consumption,0.018
大豆,Syria,2016/17,consumption,0.012
大豆,Trinidad and Tobago,2016/17,consumption,0
大豆,Uganda,2016/17,consumption,0.02
大豆,United Arab Emirates,2016/17,consumption,0.016
大豆,United Kingdom,2016/17,consumption,0.727
大豆,Uzbekistan,2016/17,consumption,0.01
大豆,Zambia,2016/17,consumption,0.201
大豆,Zimbabwe,2016/17,consumption,0.073
大豆,阿尔及利亚,2016/17,exports,0
大豆,阿根廷,2016/17,exports,7.025
大豆,埃及,2016/17,exports,0
大豆,巴基斯坦,2016/17,exports,0
大豆,巴拉圭,2016/17,exports,6.124
大豆,巴西,2016/17,exports,63.137
大豆,玻利维亚,2016/17,exports,0.013
大豆,俄罗斯,2016/17,exports,0.375
大豆,菲律宾,2016/17,exports,0
大豆,哥伦比亚,2016/17,exports,0
大豆,韩国,2016/17,exports,0
大豆,加拿大,2016/17,exports,4.592
大豆,马来西亚,2016/17,exports,0.047
大豆,美国,2016/17,exports,58.964
大豆,孟加拉国,2016/17,exports,0
大豆,秘鲁,2016/17,exports,0
大豆,摩洛哥,2016/17,exports,0
大豆,墨西哥,2016/17,exports,0
大豆,南非,2016/17,exports,0.002
大豆,欧盟,2016/17,exports,0.255
大豆,日本,2016/17,exports,0
大豆,沙特阿拉伯,2016/17,exports,0
大豆,泰国,2016/17,exports,0.005
大豆,突尼斯,2016/17,exports,0
大豆,土耳其,2016/17,exports,0.187
大豆,委内瑞拉,2016/17,exports,0
大豆,乌克兰,2016/17,exports,2.904
大豆,乌拉圭,2016/17,exports,3.199
大豆,伊朗,2016/17,exports,0
大豆,印度,2016/17,exports,0.268
大豆,印度尼西亚,2016/17,exports,0.002
大豆,越南,2016/17,exports,0
大豆,智利,2016/17,exports,0.008
大豆,中国,2016/17,exports,0.114
大豆,中国台湾,2016/17,exports,0
大豆,Australia,2016/17,exports,0.003
大豆,Barbados,2016/17,exports,0
大豆,Belarus,2016/17,exports,0
大豆,Benin,2016/17,exports,0.056
大豆,Bosnia and Herzegovina,2016/17,exports,0.003
大豆,Burma,2016/17,exports,0
大豆,Costa Rica,2016/17,exports,0
大豆,Cuba,2016/17,exports,0
大豆,Ecuador,2016/17,exports,0
大豆,Ethiopia,2016/17,exports,0.041
大豆,Ghana,2016/17,exports,0.017
大豆,Guatemala,2016/17,exports,0
大豆,Iraq,2016/17,exports,0
大豆,Israel,2016/17,exports,0
大豆,Kazakhstan,2016/17,exports,0.016
大豆,"Korea, North",2016/17,exports,0
大豆,Lebanon,2016/17,exports,0
大豆,Nicaragua,2016/17,exports,0
大豆,Nigeria,2016/17,exports,0.115
大豆,Norway,2016/17,exports,0
大豆,Panama,2016/17,exports,0
大豆,Serbia,2016/17,exports,0.186
大豆,Singapore,2016/17,exports,0
大豆,Switzerland,2016/17,exports,0
大豆,Syria,2016/17,exports,0
大豆,Trinidad and Tobago,2016/17,exports,0
大豆,Uganda,2016/17,exports,0.01
大豆,United Arab Emirates,2016/17,exports,0.001
大豆,United Kingdom,2016/17,exports,0.01
大豆,Uzbekistan,2016/17,exports,0
大豆,Zambia,2016/17,exports,0.057
大豆,Zimbabwe,2016/17,exports,0
大豆,阿尔及利亚,2016/17,imports,0
大豆,阿根廷,2016/17,imports,1.674
大豆,埃及,2016/17,imports,2.114
大豆,巴基斯坦,2016/17,imports,1.669
大豆,巴拉圭,2016/17,imports,0.012
大豆,巴西,2016/17,imports,0.252
大豆,玻利维亚,2016/17,imports,0.01
大豆,俄罗斯,2016/17,imports,2.221
大豆,菲律宾,2016/17,imports,0.248
大豆,哥伦比亚,2016/17,imports,0.561
大豆,韩国,2016/17,imports,1.286
大豆,加拿大,2016/17,imports,0.486
大豆,马来西亚,2016/17,imports,0.768
大豆,美国,2016/17,imports,0.606
大豆,孟加拉国,2016/17,imports,0.813
大豆,秘鲁,2016/17,imports,0.32
大豆,摩洛哥,2016/17,imports,0.067
大豆,墨西哥,2016/17,imports,4.479
大豆,南非,2016/17,imports,0.028
大豆,欧盟,2016/17,imports,12.742
大豆,日本,2016/17,imports,3.175
大豆,沙特阿拉伯,2016/17,imports,0.596
大豆,泰国,2016/17,imports,3.078
大豆,突尼斯,2016/17,imports,0.471
大豆,土耳其,2016/17,imports,2.273
大豆,委内瑞拉,2016/17,imports,0.062
大豆,乌克兰,2016/17,imports,0.007
大豆,乌拉圭,2016/17,imports,0.003
大豆,伊朗,2016/17,imports,1.914
大豆,印度,2016/17,imports,0.079
大豆,印度尼西亚,2016/17,imports,2.649
大豆,越南,2016/17,imports,1.646
大豆,智利,2016/17,imports,0.096
大豆,中国,2016/17,imports,93.495
大豆,中国台湾,2016/17,imports,2.566
大豆,Australia,2016/17,imports,0.001
大豆,Barbados,2016/17,imports,0.027
大豆,Belarus,2016/17,imports,0.112
大豆,Benin,2016/17,imports,0
大豆,Bosnia and Herzegovina,2016/17,imports,0.019
大豆,Burma,2016/17,imports,0.016
大豆,Costa Rica,2016/17,imports,0.316
大豆,Cuba,2016/17,imports,0.12
大豆,Ecuador,2016/17,imports,0
大豆,Ethiopia,2016/17,imports,0
大豆,Ghana,2016/17,imports,0
大豆,Guatemala,2016/17,imports,0.012
大豆,Iraq,2016/17,imports,0
大豆,Israel,2016/17,imports,0.376
大豆,Kazakhstan,2016/17,imports,0.01
大豆,"Korea, North",2016/17,imports,0.003
大豆,Lebanon,2016/17,imports,0.183
大豆,Nicaragua,2016/17,imports,0.002
大豆,Nigeria,2016/17,imports,0
大豆,Norway,2016/17,imports,0.433
大豆,Panama,2016/17,imports,0.037
大豆,Serbia,2016/17,imports,0.014
大豆,Singapore,2016/17,imports,0.02
大豆,Switzerland,2016/17,imports,0.015
大豆,Syria,2016/17,imports,0.004
大豆,Trinidad and Tobago,2016/17,imports,0
大豆,Uganda,2016/17,imports,0
大豆,United Arab Emirates,2016/17,imports,0.017
大豆,United Kingdom,2016/17,imports,0.745
大豆,Uzbekistan,2016/17,imports,0.009
大豆,Zambia,2016/17,imports,0
大豆,Zimbabwe,2016/17,imports,0.045
大豆,阿尔及利亚,2016/17,production,0
大豆,阿根廷,2016/17,production,55
大豆,埃及,2016/17,production,0.045
大豆,巴基斯坦,2016/17,production,0.001
大豆,巴拉圭,2016/17,production,10.032
大豆,巴西,2016/17,production,114.9
大豆,玻利维亚,2016/17,production,2.671
大豆,俄罗斯,2016/17,production,3.134
大豆,菲律宾,2016/17,production,0.001
大豆,哥伦比亚,2016/17,production,0.081
大豆,韩国,2016/17,production,0.075
大豆,加拿大,2016/17,production,6.597
大豆,马来西亚,2016/17,production,0
大豆,美国,2016/17,production,116.931
大豆,孟加拉国,2016/17,production,0.153
大豆,秘鲁,2016/17,production,0.003
大豆,摩洛哥,2016/17,production,0
大豆,墨西哥,2016/17,production,0.521
大豆,南非,2016/17,production,1.316
大豆,欧盟,2016/17,production,2.465
大豆,日本,2016/17,production,0.238
大豆,沙特阿拉伯,2016/17,production,0
大豆,泰国,2016/17,production,0.057
大豆,突尼斯,2016/17,production,0
大豆,土耳其,2016/17,production,0.1
大豆,委内瑞拉,2016/17,production,0.002
大豆,乌克兰,2016/17,production,4.286
大豆,乌拉圭,2016/17,production,3.688
大豆,伊朗,2016/17,production,0.139
大豆,印度,2016/17,production,10.992
大豆,印度尼西亚,2016/17,production,0.565
大豆,越南,2016/17,production,0.102
大豆,智利,2016/17,production,0
大豆,中国,2016/17,production,13.596
大豆,中国台湾,2016/17,production,0.003
大豆,Australia,2016/17,production,0.031
大豆,Barbados,2016/17,production,0
大豆,Belarus,2016/17,production,0
大豆,Benin,2016/17,production,0.157
大豆,Bosnia and Herzegovina,2016/17,production,0.007
大豆,Burma,2016/17,production,0.154
大豆,Costa Rica,2016/17,production,0
大豆,Cuba,2016/17,production,0
大豆,Ecuador,2016/17,production,0.042
大豆,Ethiopia,2016/17,production,0.081
大豆,Ghana,2016/17,production,0.143
大豆,Guatemala,2016/17,production,0.036
大豆,Iraq,2016/17,production,0
大豆,Israel,2016/17,production,0
大豆,Kazakhstan,2016/17,production,0.231
大豆,"Korea, North",2016/17,production,0.282
大豆,Lebanon,2016/17,production,0
大豆,Nicaragua,2016/17,production,0.007
大豆,Nigeria,2016/17,production,0.937
大豆,Norway,2016/17,production,0
大豆,Panama,2016/17,production,0
大豆,Serbia,2016/17,production,0.65
大豆,Singapore,2016/17,production,0
大豆,Switzerland,2016/17,production,0.003
大豆,Syria,2016/17,production,0.004
大豆,Trinidad and Tobago,2016/17,production,0
大豆,Uganda,2016/17,production,0.03
大豆,United Arab Emirates,2016/17,production,0
大豆,United Kingdom,2016/17,production,0
大豆,Uzbekistan,2016/17,production,0
大豆,Zambia,2016/17,production,0.268
大豆,Zimbabwe,2016/17,production,0.048
大豆,阿尔及利亚,2017/18,consumption,0
大豆,阿根廷,2017/18,consumption,43.633
大豆,埃及,2017/18,consumption,3.242
大豆,巴基斯坦,2017/18,consumption,2.03
大豆,巴拉圭,2017/18,consumption,4.025
大豆,巴西,2017/18,consumption,47.04
大豆,玻利维亚,2017/18,consumption,2.875
大豆,俄罗斯,2017/18,consumption,5.1
大豆,菲律宾,2017/18,consumption,0.215
大豆,哥伦比亚,2017/18,consumption,0.675
大豆,韩国,2017/18,consumption,1.355
大豆,加拿大,2017/18,consumption,2.984
大豆,马来西亚,2017/18,consumption,0.69
大豆,美国,2017/18,consumption,58.873
大豆,孟加拉国,2017/18,consumption,1.39
大豆,秘鲁,2017/18,consumption,0.322
大豆,摩洛哥,2017/18,consumption,0.027
大豆,墨西哥,2017/18,consumption,5.497
大豆,南非,2017/18,consumption,1.343
大豆,欧盟,2017/18,consumption,16.07
大豆,日本,2017/18,consumption,3.517
大豆,沙特阿拉伯,2017/18,consumption,0.531
大豆,泰国,2017/18,consumption,2.56
大豆,突尼斯,2017/18,consumption,0.613
大豆,土耳其,2017/18,consumption,2.7
大豆,委内瑞拉,2017/18,consumption,0.247
大豆,乌克兰,2017/18,consumption,1.311
大豆,乌拉圭,2017/18,consumption,0.21
大豆,伊朗,2017/18,consumption,2.205
大豆,印度,2017/18,consumption,8.84
大豆,印度尼西亚,2017/18,consumption,3.05
大豆,越南,2017/18,consumption,2.025
大豆,智利,2017/18,consumption,0.1
大豆,中国,2017/18,consumption,106.8
大豆,中国台湾,2017/18,consumption,2.585
大豆,Australia,2017/18,consumption,0.044
大豆,Barbados,2017/18,consumption,0.028
大豆,Belarus,2017/18,consumption,0.315
大豆,Benin,2017/18,consumption,0.122
大豆,Bosnia and Herzegovina,2017/18,consumption,0.031
大豆,Burma,2017/18,consumption,0.168
大豆,Costa Rica,2017/18,consumption,0.295
大豆,Cuba,2017/18,consumption,0.119
大豆,Ecuador,2017/18,consumption,0.035
大豆,Ethiopia,2017/18,consumption,0.013
大豆,Ghana,2017/18,consumption,0.174
大豆,Guatemala,2017/18,consumption,0.037
大豆,Iraq,2017/18,consumption,0
大豆,Israel,2017/18,consumption,0.426
大豆,Kazakhstan,2017/18,consumption,0.23
大豆,"Korea, North",2017/18,consumption,0.25
大豆,Lebanon,2017/18,consumption,0.25
大豆,Nicaragua,2017/18,consumption,0.009
大豆,Nigeria,2017/18,consumption,0.9
大豆,Norway,2017/18,consumption,0.415
大豆,Panama,2017/18,consumption,0.038
大豆,Serbia,2017/18,consumption,0.48
大豆,Singapore,2017/18,consumption,0.021
大豆,Switzerland,2017/18,consumption,0.017
大豆,Syria,2017/18,consumption,0.007
大豆,Trinidad and Tobago,2017/18,consumption,0
大豆,Uganda,2017/18,consumption,0.02
大豆,United Arab Emirates,2017/18,consumption,0.032
大豆,United Kingdom,2017/18,consumption,0.723
大豆,Uzbekistan,2017/18,consumption,0.015
大豆,Zambia,2017/18,consumption,0.325
大豆,Zimbabwe,2017/18,consumption,0.063
大豆,阿尔及利亚,2017/18,exports,0
大豆,阿根廷,2017/18,exports,2.132
大豆,埃及,2017/18,exports,0
大豆,巴基斯坦,2017/18,exports,0.001
大豆,巴拉圭,2017/18,exports,6.029
大豆,巴西,2017/18,exports,76.136
大豆,玻利维亚,2017/18,exports,0.008
大豆,俄罗斯,2017/18,exports,0.891
大豆,菲律宾,2017/18,exports,0
大豆,哥伦比亚,2017/18,exports,0
大豆,韩国,2017/18,exports,0
大豆,加拿大,2017/18,exports,4.925
大豆,马来西亚,2017/18,exports,0.017
大豆,美国,2017/18,exports,58.071
大豆,孟加拉国,2017/18,exports,0
大豆,秘鲁,2017/18,exports,0
大豆,摩洛哥,2017/18,exports,0
大豆,墨西哥,2017/18,exports,0
大豆,南非,2017/18,exports,0.034
大豆,欧盟,2017/18,exports,0.327
大豆,日本,2017/18,exports,0
大豆,沙特阿拉伯,2017/18,exports,0
大豆,泰国,2017/18,exports,0.003
大豆,突尼斯,2017/18,exports,0
大豆,土耳其,2017/18,exports,0.061
大豆,委内瑞拉,2017/18,exports,0
大豆,乌克兰,2017/18,exports,2.757
大豆,乌拉圭,2017/18,exports,1.354
大豆,伊朗,2017/18,exports,0
大豆,印度,2017/18,exports,0.217
大豆,印度尼西亚,2017/18,exports,0.001
大豆,越南,2017/18,exports,0
大豆,智利,2017/18,exports,0.007
大豆,中国,2017/18,exports,0.134
大豆,中国台湾,2017/18,exports,0
大豆,Australia,2017/18,exports,0.003
大豆,Barbados,2017/18,exports,0
大豆,Belarus,2017/18,exports,0.026
大豆,Benin,2017/18,exports,0.043
大豆,Bosnia and Herzegovina,2017/18,exports,0.002
大豆,Burma,2017/18,exports,0
大豆,Costa Rica,2017/18,exports,0
大豆,Cuba,2017/18,exports,0
大豆,Ecuador,2017/18,exports,0
大豆,Ethiopia,2017/18,exports,0.093
大豆,Ghana,2017/18,exports,0.004
大豆,Guatemala,2017/18,exports,0
大豆,Iraq,2017/18,exports,0
大豆,Israel,2017/18,exports,0.001
大豆,Kazakhstan,2017/18,exports,0.032
大豆,"Korea, North",2017/18,exports,0
大豆,Lebanon,2017/18,exports,0
大豆,Nicaragua,2017/18,exports,0
大豆,Nigeria,2017/18,exports,0.028
大豆,Norway,2017/18,exports,0
大豆,Panama,2017/18,exports,0
大豆,Serbia,2017/18,exports,0.028
大豆,Singapore,2017/18,exports,0
大豆,Switzerland,2017/18,exports,0
大豆,Syria,2017/18,exports,0
大豆,Trinidad and Tobago,2017/18,exports,0
大豆,Uganda,2017/18,exports,0.01
大豆,United Arab Emirates,2017/18,exports,0.004
大豆,United Kingdom,2017/18,exports,0.021
大豆,Uzbekistan,2017/18,exports,0
大豆,Zambia,2017/18,exports,0.003
大豆,Zimbabwe,2017/18,exports,0
大豆,阿尔及利亚,2017/18,imports,0
大豆,阿根廷,2017/18,imports,4.703
大豆,埃及,2017/18,imports,3.255
大豆,巴基斯坦,2017/18,imports,2.381
大豆,巴拉圭,2017/18,imports,0.006
大豆,巴西,2017/18,imports,0.175
大豆,玻利维亚,2017/18,imports,0.003
大豆,俄罗斯,2017/18,imports,2.237
大豆,菲律宾,2017/18,imports,0.193
大豆,哥伦比亚,2017/18,imports,0.599
大豆,韩国,2017/18,imports,1.256
大豆,加拿大,2017/18,imports,0.488
大豆,马来西亚,2017/18,imports,0.69
大豆,美国,2017/18,imports,0.594
大豆,孟加拉国,2017/18,imports,1.179
大豆,秘鲁,2017/18,imports,0.31
大豆,摩洛哥,2017/18,imports,0.027
大豆,墨西哥,2017/18,imports,5.134
大豆,南非,2017/18,imports,0.008
大豆,欧盟,2017/18,imports,13.915
大豆,日本,2017/18,imports,3.256
大豆,沙特阿拉伯,2017/18,imports,0.536
大豆,泰国,2017/18,imports,2.482
大豆,突尼斯,2017/18,imports,0.683
大豆,土耳其,2017/18,imports,2.872
大豆,委内瑞拉,2017/18,imports,0.261
大豆,乌克兰,2017/18,imports,0.008
大豆,乌拉圭,2017/18,imports,0.019
大豆,伊朗,2017/18,imports,2.559
大豆,印度,2017/18,imports,0.166
大豆,印度尼西亚,2017/18,imports,2.484
大豆,越南,2017/18,imports,1.806
大豆,智利,2017/18,imports,0.122
大豆,中国,2017/18,imports,94.093
大豆,中国台湾,2017/18,imports,2.666
大豆,Australia,2017/18,imports,0.001
大豆,Barbados,2017/18,imports,0.032
大豆,Belarus,2017/18,imports,0.343
大豆,Benin,2017/18,imports,0
大豆,Bosnia and Herzegovina,2017/18,imports,0.026
大豆,Burma,2017/18,imports,0.019
大豆,Costa Rica,2017/18,imports,0.296
大豆,Cuba,2017/18,imports,0.119
大豆,Ecuador,2017/18,imports,0
大豆,Ethiopia,2017/18,imports,0.001
大豆,Ghana,2017/18,imports,0.016
大豆,Guatemala,2017/18,imports,0
大豆,Iraq,2017/18,imports,0
大豆,Israel,2017/18,imports,0.438
大豆,Kazakhstan,2017/18,imports,0.003
大豆,"Korea, North",2017/18,imports,0.002
大豆,Lebanon,2017/18,imports,0.287
大豆,Nicaragua,2017/18,imports,0.002
大豆,Nigeria,2017/18,imports,0.042
大豆,Norway,2017/18,imports,0.391
大豆,Panama,2017/18,imports,0.039
大豆,Serbia,2017/18,imports,0.092
大豆,Singapore,2017/18,imports,0.021
大豆,Switzerland,2017/18,imports,0.014
大豆,Syria,2017/18,imports,0.003
大豆,Trinidad and Tobago,2017/18,imports,0
大豆,Uganda,2017/18,imports,0
大豆,United Arab Emirates,2017/18,imports,0.047
大豆,United Kingdom,2017/18,imports,0.746
大豆,Uzbekistan,2017/18,imports,0.01
大豆,Zambia,2017/18,imports,0
大豆,Zimbabwe,2017/18,imports,0.009
大豆,阿尔及利亚,2017/18,production,0
大豆,阿根廷,2017/18,production,37.8
大豆,埃及,2017/18,production,0.036
大豆,巴基斯坦,2017/18,production,0.001
大豆,巴拉圭,2017/18,production,9.906
大豆,巴西,2017/18,production,123.4
大豆,玻利维亚,2017/18,production,2.819
大豆,俄罗斯,2017/18,production,3.621
大豆,菲律宾,2017/18,production,0.001
大豆,哥伦比亚,2017/18,production,0.08
大豆,韩国,2017/18,production,0.086
大豆,加拿大,2017/18,production,7.717
大豆,马来西亚,2017/18,production,0
大豆,美国,2017/18,production,120.065
大豆,孟加拉国,2017/18,production,0.156
大豆,秘鲁,2017/18,production,0.003
大豆,摩洛哥,2017/18,production,0
大豆,墨西哥,2017/18,production,0.433
大豆,南非,2017/18,production,1.54
大豆,欧盟,2017/18,production,2.619
大豆,日本,2017/18,production,0.249
大豆,沙特阿拉伯,2017/18,production,0
大豆,泰国,2017/18,production,0.055
大豆,突尼斯,2017/18,production,0
大豆,土耳其,2017/18,production,0.09
大豆,委内瑞拉,2017/18,production,0.008
大豆,乌克兰,2017/18,production,3.985
大豆,乌拉圭,2017/18,production,1.427
大豆,伊朗,2017/18,production,0.2
大豆,印度,2017/18,production,8.35
大豆,印度尼西亚,2017/18,production,0.54
大豆,越南,2017/18,production,0.09
大豆,智利,2017/18,production,0
大豆,中国,2017/18,production,15.283
大豆,中国台湾,2017/18,production,0.005
大豆,Australia,2017/18,production,0.051
大豆,Barbados,2017/18,production,0
大豆,Belarus,2017/18,production,0
大豆,Benin,2017/18,production,0.165
大豆,Bosnia and Herzegovina,2017/18,production,0.007
大豆,Burma,2017/18,production,0.149
大豆,Costa Rica,2017/18,production,0
大豆,Cuba,2017/18,production,0
大豆,Ecuador,2017/18,production,0.035
大豆,Ethiopia,2017/18,production,0.086
大豆,Ghana,2017/18,production,0.17
大豆,Guatemala,2017/18,production,0.036
大豆,Iraq,2017/18,production,0
大豆,Israel,2017/18,production,0
大豆,Kazakhstan,2017/18,production,0.252
大豆,"Korea, North",2017/18,production,0.225
大豆,Lebanon,2017/18,production,0
大豆,Nicaragua,2017/18,production,0.007
大豆,Nigeria,2017/18,production,0.994
大豆,Norway,2017/18,production,0
大豆,Panama,2017/18,production,0
大豆,Serbia,2017/18,production,0.46
大豆,Singapore,2017/18,production,0
大豆,Switzerland,2017/18,production,0.003
大豆,Syria,2017/18,production,0.004
大豆,Trinidad and Tobago,2017/18,production,0
大豆,Uganda,2017/18,production,0.03
大豆,United Arab Emirates,2017/18,production,0
大豆,United Kingdom,2017/18,production,0
大豆,Uzbekistan,2017/18,production,0.006
大豆,Zambia,2017/18,production,0.351
大豆,Zimbabwe,2017/18,production,0.036
大豆,阿尔及利亚,2018/19,consumption,0.05
大豆,阿根廷,2018/19,consumption,47.467
大豆,埃及,2018/19,consumption,3.542
大豆,巴基斯坦,2018/19,consumption,2.021
大豆,巴拉圭,2018/19,consumption,3.895
大豆,巴西,2018/19,consumption,45.427
大豆,玻利维亚,2018/19,consumption,2.975
大豆,俄罗斯,2018/19,consumption,5.25
大豆,菲律宾,2018/19,consumption,0.16
大豆,哥伦比亚,2018/19,consumption,0.69
大豆,韩国,2018/19,consumption,1.372
大豆,加拿大,2018/19,consumption,3.301
大豆,马来西亚,2018/19,consumption,0.73
大豆,美国,2018/19,consumption,59.924
大豆,孟加拉国,2018/19,consumption,1.88
大豆,秘鲁,2018/19,consumption,0.337
大豆,摩洛哥,2018/19,consumption,0.028
大豆,墨西哥,2018/19,consumption,6.198
大豆,南非,2018/19,consumption,1.536
大豆,欧盟,2018/19,consumption,16.62
大豆,日本,2018/19,consumption,3.55
大豆,沙特阿拉伯,2018/19,consumption,0.563
大豆,泰国,2018/19,consumption,3.159
大豆,突尼斯,2018/19,consumption,0.61
大豆,土耳其,2018/19,consumption,2.65
大豆,委内瑞拉,2018/19,consumption,0.042
大豆,乌克兰,2018/19,consumption,2.156
大豆,乌拉圭,2018/19,consumption,0.21
大豆,伊朗,2018/19,consumption,2.305
大豆,印度,2018/19,consumption,10.88
大豆,印度尼西亚,2018/19,consumption,3.16
大豆,越南,2018/19,consumption,1.8
大豆,智利,2018/19,consumption,0.095
大豆,中国,2018/19,consumption,102.6
大豆,中国台湾,2018/19,consumption,2.7
大豆,Australia,2018/19,consumption,0.024
大豆,Barbados,2018/19,consumption,0.028
大豆,Belarus,2018/19,consumption,0.425
大豆,Benin,2018/19,consumption,0.176
大豆,Bosnia and Herzegovina,2018/19,consumption,0.024
大豆,Burma,2018/19,consumption,0.176
大豆,Costa Rica,2018/19,consumption,0.28
大豆,Cuba,2018/19,consumption,0.106
大豆,Ecuador,2018/19,consumption,0.026
大豆,Ethiopia,2018/19,consumption,0.032
大豆,Ghana,2018/19,consumption,0.175
大豆,Guatemala,2018/19,consumption,0.036
大豆,Iraq,2018/19,consumption,0
大豆,Israel,2018/19,consumption,0.377
大豆,Kazakhstan,2018/19,consumption,0.246
大豆,"Korea, North",2018/19,consumption,0.174
大豆,Lebanon,2018/19,consumption,0.3
大豆,Nicaragua,2018/19,consumption,0.009
大豆,Nigeria,2018/19,consumption,1.02
大豆,Norway,2018/19,consumption,0.4
大豆,Panama,2018/19,consumption,0.038
大豆,Serbia,2018/19,consumption,0.495
大豆,Singapore,2018/19,consumption,0.021
大豆,Switzerland,2018/19,consumption,0.017
大豆,Syria,2018/19,consumption,0.006
大豆,Trinidad and Tobago,2018/19,consumption,0
大豆,Uganda,2018/19,consumption,0.099
大豆,United Arab Emirates,2018/19,consumption,0.014
大豆,United Kingdom,2018/19,consumption,0.646
大豆,Uzbekistan,2018/19,consumption,0.028
大豆,Zambia,2018/19,consumption,0.303
大豆,Zimbabwe,2018/19,consumption,0.062
大豆,阿尔及利亚,2018/19,exports,0
大豆,阿根廷,2018/19,exports,9.104
大豆,埃及,2018/19,exports,0
大豆,巴基斯坦,2018/19,exports,0
大豆,巴拉圭,2018/19,exports,4.901
大豆,巴西,2018/19,exports,74.887
大豆,玻利维亚,2018/19,exports,0.013
大豆,俄罗斯,2018/19,exports,0.797
大豆,菲律宾,2018/19,exports,0
大豆,哥伦比亚,2018/19,exports,0
大豆,韩国,2018/19,exports,0
大豆,加拿大,2018/19,exports,5.239
大豆,马来西亚,2018/19,exports,0.013
大豆,美国,2018/19,exports,47.721
大豆,孟加拉国,2018/19,exports,0
大豆,秘鲁,2018/19,exports,0
大豆,摩洛哥,2018/19,exports,0
大豆,墨西哥,2018/19,exports,0
大豆,南非,2018/19,exports,0.007
大豆,欧盟,2018/19,exports,0.227
大豆,日本,2018/19,exports,0
大豆,沙特阿拉伯,2018/19,exports,0
大豆,泰国,2018/19,exports,0.004
大豆,突尼斯,2018/19,exports,0
大豆,土耳其,2018/19,exports,0.116
大豆,委内瑞拉,2018/19,exports,0
大豆,乌克兰,2018/19,exports,2.531
大豆,乌拉圭,2018/19,exports,2.967
大豆,伊朗,2018/19,exports,0
大豆,印度,2018/19,exports,0.165
大豆,印度尼西亚,2018/19,exports,0.004
大豆,越南,2018/19,exports,0
大豆,智利,2018/19,exports,0.005
大豆,中国,2018/19,exports,0.116
大豆,中国台湾,2018/19,exports,0
大豆,Australia,2018/19,exports,0.002
大豆,Barbados,2018/19,exports,0
大豆,Belarus,2018/19,exports,0.007
大豆,Benin,2018/19,exports,0.039
大豆,Bosnia and Herzegovina,2018/19,exports,0.001
大豆,Burma,2018/19,exports,0.003
大豆,Costa Rica,2018/19,exports,0
大豆,Cuba,2018/19,exports,0
大豆,Ecuador,2018/19,exports,0
大豆,Ethiopia,2018/19,exports,0.123
大豆,Ghana,2018/19,exports,0.008
大豆,Guatemala,2018/19,exports,0
大豆,Iraq,2018/19,exports,0
大豆,Israel,2018/19,exports,0
大豆,Kazakhstan,2018/19,exports,0.03
大豆,"Korea, North",2018/19,exports,0
大豆,Lebanon,2018/19,exports,0
大豆,Nicaragua,2018/19,exports,0
大豆,Nigeria,2018/19,exports,0.007
大豆,Norway,2018/19,exports,0
大豆,Panama,2018/19,exports,0
大豆,Serbia,2018/19,exports,0.143
大豆,Singapore,2018/19,exports,0
大豆,Switzerland,2018/19,exports,0
大豆,Syria,2018/19,exports,0
大豆,Trinidad and Tobago,2018/19,exports,0
大豆,Uganda,2018/19,exports,0.009
大豆,United Arab Emirates,2018/19,exports,0.004
大豆,United Kingdom,2018/19,exports,0.019
大豆,Uzbekistan,2018/19,exports,0
大豆,Zambia,2018/19,exports,0.01
大豆,Zimbabwe,2018/19,exports,0
大豆,阿尔及利亚,2018/19,imports,0.097
大豆,阿根廷,2018/19,imports,6.408
大豆,埃及,2018/19,imports,3.6
大豆,巴基斯坦,2018/19,imports,1.726
大豆,巴拉圭,2018/19,imports,0.013
大豆,巴西,2018/19,imports,0.14
大豆,玻利维亚,2018/19,imports,0.004
大豆,俄罗斯,2018/19,imports,2.162
大豆,菲律宾,2018/19,imports,0.149
大豆,哥伦比亚,2018/19,imports,0.619
大豆,韩国,2018/19,imports,1.373
大豆,加拿大,2018/19,imports,1.172
大豆,马来西亚,2018/19,imports,0.747
大豆,美国,2018/19,imports,0.383
大豆,孟加拉国,2018/19,imports,1.733
大豆,秘鲁,2018/19,imports,0.378
大豆,摩洛哥,2018/19,imports,0.028
大豆,墨西哥,2018/19,imports,5.933
大豆,南非,2018/19,imports,0.009
大豆,欧盟,2018/19,imports,14.346
大豆,日本,2018/19,imports,3.314
大豆,沙特阿拉伯,2018/19,imports,0.562
大豆,泰国,2018/19,imports,3.155
大豆,突尼斯,2018/19,imports,0.513
大豆,土耳其,2018/19,imports,2.411
大豆,委内瑞拉,2018/19,imports,0.007
大豆,乌克兰,2018/19,imports,0.003
大豆,乌拉圭,2018/19,imports,0.001
大豆,伊朗,2018/19,imports,2.36
大豆,印度,2018/19,imports,0.204
大豆,印度尼西亚,2018/19,imports,2.623
大豆,越南,2018/19,imports,1.644
大豆,智利,2018/19,imports,0.096
大豆,中国,2018/19,imports,82.537
大豆,中国台湾,2018/19,imports,2.614
大豆,Australia,2018/19,imports,0.005
大豆,Barbados,2018/19,imports,0.028
大豆,Belarus,2018/19,imports,0.439
大豆,Benin,2018/19,imports,0
大豆,Bosnia and Herzegovina,2018/19,imports,0.018
大豆,Burma,2018/19,imports,0.034
大豆,Costa Rica,2018/19,imports,0.274
大豆,Cuba,2018/19,imports,0.106
大豆,Ecuador,2018/19,imports,0
大豆,Ethiopia,2018/19,imports,0
大豆,Ghana,2018/19,imports,0.006
大豆,Guatemala,2018/19,imports,0
大豆,Iraq,2018/19,imports,0
大豆,Israel,2018/19,imports,0.397
大豆,Kazakhstan,2018/19,imports,0.021
大豆,"Korea, North",2018/19,imports,0.002
大豆,Lebanon,2018/19,imports,0.302
大豆,Nicaragua,2018/19,imports,0.002
大豆,Nigeria,2018/19,imports,0.051
大豆,Norway,2018/19,imports,0.404
大豆,Panama,2018/19,imports,0.039
大豆,Serbia,2018/19,imports,0.001
大豆,Singapore,2018/19,imports,0.021
大豆,Switzerland,2018/19,imports,0.013
大豆,Syria,2018/19,imports,0.004
大豆,Trinidad and Tobago,2018/19,imports,0
大豆,Uganda,2018/19,imports,0
大豆,United Arab Emirates,2018/19,imports,0.006
大豆,United Kingdom,2018/19,imports,0.664
大豆,Uzbekistan,2018/19,imports,0.018
大豆,Zambia,2018/19,imports,0
大豆,Zimbabwe,2018/19,imports,0.004
大豆,阿尔及利亚,2018/19,production,0
大豆,阿根廷,2018/19,production,55.3
大豆,埃及,2018/19,production,0.047
大豆,巴基斯坦,2018/19,production,0.001
大豆,巴拉圭,2018/19,production,8.844
大豆,巴西,2018/19,production,120.5
大豆,玻利维亚,2018/19,production,2.991
大豆,俄罗斯,2018/19,production,4.027
大豆,菲律宾,2018/19,production,0.001
大豆,哥伦比亚,2018/19,production,0.092
大豆,韩国,2018/19,production,0.089
大豆,加拿大,2018/19,production,7.417
大豆,马来西亚,2018/19,production,0
大豆,美国,2018/19,production,120.515
大豆,孟加拉国,2018/19,production,0.156
大豆,秘鲁,2018/19,production,0.003
大豆,摩洛哥,2018/19,production,0
大豆,墨西哥,2018/19,production,0.335
大豆,南非,2018/19,production,1.17
大豆,欧盟,2018/19,production,2.737
大豆,日本,2018/19,production,0.213
大豆,沙特阿拉伯,2018/19,production,0
大豆,泰国,2018/19,production,0.055
大豆,突尼斯,2018/19,production,0
大豆,土耳其,2018/19,production,0.095
大豆,委内瑞拉,2018/19,production,0.012
大豆,乌克兰,2018/19,production,4.831
大豆,乌拉圭,2018/19,production,3.045
大豆,伊朗,2018/19,production,0.16
大豆,印度,2018/19,production,10.93
大豆,印度尼西亚,2018/19,production,0.52
大豆,越南,2018/19,production,0.081
大豆,智利,2018/19,production,0
大豆,中国,2018/19,production,15.967
大豆,中国台湾,2018/19,production,0.004
大豆,Australia,2018/19,production,0.015
大豆,Barbados,2018/19,production,0
大豆,Belarus,2018/19,production,0
大豆,Benin,2018/19,production,0.222
大豆,Bosnia and Herzegovina,2018/19,production,0.007
大豆,Burma,2018/19,production,0.145
大豆,Costa Rica,2018/19,production,0
大豆,Cuba,2018/19,production,0
大豆,Ecuador,2018/19,production,0.026
大豆,Ethiopia,2018/19,production,0.149
大豆,Ghana,2018/19,production,0.177
大豆,Guatemala,2018/19,production,0.036
大豆,Iraq,2018/19,production,0
大豆,Israel,2018/19,production,0
大豆,Kazakhstan,2018/19,production,0.255
大豆,"Korea, North",2018/19,production,0.14
大豆,Lebanon,2018/19,production,0
大豆,Nicaragua,2018/19,production,0.007
大豆,Nigeria,2018/19,production,1
大豆,Norway,2018/19,production,0
大豆,Panama,2018/19,production,0
大豆,Serbia,2018/19,production,0.646
大豆,Singapore,2018/19,production,0
大豆,Switzerland,2018/19,production,0.004
大豆,Syria,2018/19,production,0.002
大豆,Trinidad and Tobago,2018/19,production,0
大豆,Uganda,2018/19,production,0.108
大豆,United Arab Emirates,2018/19,production,0
大豆,United Kingdom,2018/19,production,0
大豆,Uzbekistan,2018/19,production,0.011
大豆,Zambia,2018/19,production,0.303
大豆,Zimbabwe,2018/19,production,0.06
大豆,阿尔及利亚,2019/20,consumption,0.5
大豆,阿根廷,2019/20,consumption,46.02
大豆,埃及,2019/20,consumption,4.742
大豆,巴基斯坦,2019/20,consumption,2.321
大豆,巴拉圭,2019/20,consumption,3.625
大豆,巴西,2019/20,consumption,49.842
大豆,玻利维亚,2019/20,consumption,3.125
大豆,俄罗斯,2019/20,consumption,5.15
大豆,菲律宾,2019/20,consumption,0.165
大豆,哥伦比亚,2019/20,consumption,0.64
大豆,韩国,2019/20,consumption,1.415
大豆,加拿大,2019/20,consumption,2.578
大豆,马来西亚,2019/20,consumption,0.74
大豆,美国,2019/20,consumption,61.782
大豆,孟加拉国,2019/20,consumption,2.31
大豆,秘鲁,2019/20,consumption,0.352
大豆,摩洛哥,2019/20,consumption,0.101
大豆,墨西哥,2019/20,consumption,6.052
大豆,南非,2019/20,consumption,1.455
大豆,欧盟,2019/20,consumption,17.22
大豆,日本,2019/20,consumption,3.475
大豆,沙特阿拉伯,2019/20,consumption,0.745
大豆,泰国,2019/20,consumption,3.815
大豆,突尼斯,2019/20,consumption,0.605
大豆,土耳其,2019/20,consumption,2.975
大豆,委内瑞拉,2019/20,consumption,0.048
大豆,乌克兰,2019/20,consumption,2.021
大豆,乌拉圭,2019/20,consumption,0.21
大豆,伊朗,2019/20,consumption,2.305
大豆,印度,2019/20,consumption,9.83
大豆,印度尼西亚,2019/20,consumption,3.154
大豆,越南,2019/20,consumption,1.875
大豆,智利,2019/20,consumption,0.095
大豆,中国,2019/20,consumption,110.4
大豆,中国台湾,2019/20,consumption,2.69
大豆,Australia,2019/20,consumption,0.02
大豆,Barbados,2019/20,consumption,0.029
大豆,Belarus,2019/20,consumption,0.545
大豆,Benin,2019/20,consumption,0.013
大豆,Bosnia and Herzegovina,2019/20,consumption,0.013
大豆,Burma,2019/20,consumption,0.168
大豆,Costa Rica,2019/20,consumption,0.275
大豆,Cuba,2019/20,consumption,0.094
大豆,Ecuador,2019/20,consumption,0.04
大豆,Ethiopia,2019/20,consumption,0.044
大豆,Ghana,2019/20,consumption,0.181
大豆,Guatemala,2019/20,consumption,0.04
大豆,Iraq,2019/20,consumption,0
大豆,Israel,2019/20,consumption,0.353
大豆,Kazakhstan,2019/20,consumption,0.268
大豆,"Korea, North",2019/20,consumption,0.233
大豆,Lebanon,2019/20,consumption,0.25
大豆,Nicaragua,2019/20,consumption,0.009
大豆,Nigeria,2019/20,consumption,1.12
大豆,Norway,2019/20,consumption,0.41
大豆,Panama,2019/20,consumption,0.035
大豆,Serbia,2019/20,consumption,0.484
大豆,Singapore,2019/20,consumption,0.021
大豆,Switzerland,2019/20,consumption,0.015
大豆,Syria,2019/20,consumption,0.004
大豆,Trinidad and Tobago,2019/20,consumption,0
大豆,Uganda,2019/20,consumption,0.118
大豆,United Arab Emirates,2019/20,consumption,0.01
大豆,United Kingdom,2019/20,consumption,0.734
大豆,Uzbekistan,2019/20,consumption,0.032
大豆,Zambia,2019/20,consumption,0.253
大豆,Zimbabwe,2019/20,consumption,0.07
大豆,阿尔及利亚,2019/20,exports,0
大豆,阿根廷,2019/20,exports,10.004
大豆,埃及,2019/20,exports,0
大豆,巴基斯坦,2019/20,exports,0
大豆,巴拉圭,2019/20,exports,6.619
大豆,巴西,2019/20,exports,92.135
大豆,玻利维亚,2019/20,exports,0.017
大豆,俄罗斯,2019/20,exports,1.298
大豆,菲律宾,2019/20,exports,0
大豆,哥伦比亚,2019/20,exports,0
大豆,韩国,2019/20,exports,0
大豆,加拿大,2019/20,exports,3.909
大豆,马来西亚,2019/20,exports,0.014
大豆,美国,2019/20,exports,45.8
大豆,孟加拉国,2019/20,exports,0
大豆,秘鲁,2019/20,exports,0
大豆,摩洛哥,2019/20,exports,0
大豆,墨西哥,2019/20,exports,0
大豆,南非,2019/20,exports,0.002
大豆,欧盟,2019/20,exports,0.229
大豆,日本,2019/20,exports,0
大豆,沙特阿拉伯,2019/20,exports,0
大豆,泰国,2019/20,exports,0.003
大豆,突尼斯,2019/20,exports,0
大豆,土耳其,2019/20,exports,0.105
大豆,委内瑞拉,2019/20,exports,0
大豆,乌克兰,2019/20,exports,2.633
大豆,乌拉圭,2019/20,exports,2.148
大豆,伊朗,2019/20,exports,0
大豆,印度,2019/20,exports,0.08
大豆,印度尼西亚,2019/20,exports,0.002
大豆,越南,2019/20,exports,0
大豆,智利,2019/20,exports,0.008
大豆,中国,2019/20,exports,0.09
大豆,中国台湾,2019/20,exports,0
大豆,Australia,2019/20,exports,0.001
大豆,Barbados,2019/20,exports,0
大豆,Belarus,2019/20,exports,0.001
大豆,Benin,2019/20,exports,0.239
大豆,Bosnia and Herzegovina,2019/20,exports,0.006
大豆,Burma,2019/20,exports,0.014
大豆,Costa Rica,2019/20,exports,0
大豆,Cuba,2019/20,exports,0
大豆,Ecuador,2019/20,exports,0
大豆,Ethiopia,2019/20,exports,0.076
大豆,Ghana,2019/20,exports,0.027
大豆,Guatemala,2019/20,exports,0
大豆,Iraq,2019/20,exports,0
大豆,Israel,2019/20,exports,0
大豆,Kazakhstan,2019/20,exports,0.042
大豆,"Korea, North",2019/20,exports,0
大豆,Lebanon,2019/20,exports,0
大豆,Nicaragua,2019/20,exports,0
大豆,Nigeria,2019/20,exports,0.008
大豆,Norway,2019/20,exports,0
大豆,Panama,2019/20,exports,0
大豆,Serbia,2019/20,exports,0.252
大豆,Singapore,2019/20,exports,0
大豆,Switzerland,2019/20,exports,0
大豆,Syria,2019/20,exports,0
大豆,Trinidad and Tobago,2019/20,exports,0
大豆,Uganda,2019/20,exports,0.009
大豆,United Arab Emirates,2019/20,exports,0
大豆,United Kingdom,2019/20,exports,0.025
大豆,Uzbekistan,2019/20,exports,0
大豆,Zambia,2019/20,exports,0.027
大豆,Zimbabwe,2019/20,exports,0
大豆,阿尔及利亚,2019/20,imports,0.593
大豆,阿根廷,2019/20,imports,4.882
大豆,埃及,2019/20,imports,4.882
大豆,巴基斯坦,2019/20,imports,2.438
大豆,巴拉圭,2019/20,imports,0.01
大豆,巴西,2019/20,imports,0.549
大豆,玻利维亚,2019/20,imports,0.006
大豆,俄罗斯,2019/20,imports,2.047
大豆,菲律宾,2019/20,imports,0.157
大豆,哥伦比亚,2019/20,imports,0.542
大豆,韩国,2019/20,imports,1.291
大豆,加拿大,2019/20,imports,0.263
大豆,马来西亚,2019/20,imports,0.795
大豆,美国,2019/20,imports,0.419
大豆,孟加拉国,2019/20,imports,2.551
大豆,秘鲁,2019/20,imports,0.3
大豆,摩洛哥,2019/20,imports,0.101
大豆,墨西哥,2019/20,imports,5.667
大豆,南非,2019/20,imports,0.119
大豆,欧盟,2019/20,imports,15.017
大豆,日本,2019/20,imports,3.325
大豆,沙特阿拉伯,2019/20,imports,0.805
大豆,泰国,2019/20,imports,3.831
大豆,突尼斯,2019/20,imports,0.61
大豆,土耳其,2019/20,imports,3.148
大豆,委内瑞拉,2019/20,imports,0.045
大豆,乌克兰,2019/20,imports,0.024
大豆,乌拉圭,2019/20,imports,0.016
大豆,伊朗,2019/20,imports,1.547
大豆,印度,2019/20,imports,0.52
大豆,印度尼西亚,2019/20,imports,2.636
大豆,越南,2019/20,imports,1.903
大豆,智利,2019/20,imports,0.096
大豆,中国,2019/20,imports,98.532
大豆,中国台湾,2019/20,imports,2.708
大豆,Australia,2019/20,imports,0.004
大豆,Barbados,2019/20,imports,0.024
大豆,Belarus,2019/20,imports,0.549
大豆,Benin,2019/20,imports,0
大豆,Bosnia and Herzegovina,2019/20,imports,0.012
大豆,Burma,2019/20,imports,0.038
大豆,Costa Rica,2019/20,imports,0.247
大豆,Cuba,2019/20,imports,0.094
大豆,Ecuador,2019/20,imports,0
大豆,Ethiopia,2019/20,imports,0
大豆,Ghana,2019/20,imports,0
大豆,Guatemala,2019/20,imports,0.004
大豆,Iraq,2019/20,imports,0
大豆,Israel,2019/20,imports,0.387
大豆,Kazakhstan,2019/20,imports,0.028
大豆,"Korea, North",2019/20,imports,0
大豆,Lebanon,2019/20,imports,0.226
大豆,Nicaragua,2019/20,imports,0.002
大豆,Nigeria,2019/20,imports,0.052
大豆,Norway,2019/20,imports,0.412
大豆,Panama,2019/20,imports,0.033
大豆,Serbia,2019/20,imports,0
大豆,Singapore,2019/20,imports,0.021
大豆,Switzerland,2019/20,imports,0.01
大豆,Syria,2019/20,imports,0.002
大豆,Trinidad and Tobago,2019/20,imports,0
大豆,Uganda,2019/20,imports,0
大豆,United Arab Emirates,2019/20,imports,0.01
大豆,United Kingdom,2019/20,imports,0.757
大豆,Uzbekistan,2019/20,imports,0.02
大豆,Zambia,2019/20,imports,0.001
大豆,Zimbabwe,2019/20,imports,0.01
大豆,阿尔及利亚,2019/20,production,0
大豆,阿根廷,2019/20,production,48.8
大豆,埃及,2019/20,production,0.036
大豆,巴基斯坦,2019/20,production,0.001
大豆,巴拉圭,2019/20,production,10.553
大豆,巴西,2019/20,production,128.5
大豆,玻利维亚,2019/20,production,3.194
大豆,俄罗斯,2019/20,production,4.359
大豆,菲律宾,2019/20,production,0.001
大豆,哥伦比亚,2019/20,production,0.114
大豆,韩国,2019/20,production,0.105
大豆,加拿大,2019/20,production,6.145
大豆,马来西亚,2019/20,production,0
大豆,美国,2019/20,production,96.644
大豆,孟加拉国,2019/20,production,0.156
大豆,秘鲁,2019/20,production,0.003
大豆,摩洛哥,2019/20,production,0
大豆,墨西哥,2019/20,production,0.235
大豆,南非,2019/20,production,1.246
大豆,欧盟,2019/20,production,2.711
大豆,日本,2019/20,production,0.212
大豆,沙特阿拉伯,2019/20,production,0
大豆,泰国,2019/20,production,0.052
大豆,突尼斯,2019/20,production,0
大豆,土耳其,2019/20,production,0.105
大豆,委内瑞拉,2019/20,production,0.005
大豆,乌克兰,2019/20,production,4.499
大豆,乌拉圭,2019/20,production,2.33
大豆,伊朗,2019/20,production,0.17
大豆,印度,2019/20,production,9.3
大豆,印度尼西亚,2019/20,production,0.48
大豆,越南,2019/20,production,0.066
大豆,智利,2019/20,production,0
大豆,中国,2019/20,production,18.092
大豆,中国台湾,2019/20,production,0.005
大豆,Australia,2019/20,production,0.017
大豆,Barbados,2019/20,production,0
大豆,Belarus,2019/20,production,0
大豆,Benin,2019/20,production,0.257
大豆,Bosnia and Herzegovina,2019/20,production,0.007
大豆,Burma,2019/20,production,0.144
大豆,Costa Rica,2019/20,production,0
大豆,Cuba,2019/20,production,0
大豆,Ecuador,2019/20,production,0.04
大豆,Ethiopia,2019/20,production,0.126
大豆,Ghana,2019/20,production,0.193
大豆,Guatemala,2019/20,production,0.036
大豆,Iraq,2019/20,production,0
大豆,Israel,2019/20,production,0
大豆,Kazakhstan,2019/20,production,0.282
大豆,"Korea, North",2019/20,production,0.264
大豆,Lebanon,2019/20,production,0
大豆,Nicaragua,2019/20,production,0.007
大豆,Nigeria,2019/20,production,1.049
大豆,Norway,2019/20,production,0
大豆,Panama,2019/20,production,0
大豆,Serbia,2019/20,production,0.701
大豆,Singapore,2019/20,production,0
大豆,Switzerland,2019/20,production,0.005
大豆,Syria,2019/20,production,0.002
大豆,Trinidad and Tobago,2019/20,production,0
大豆,Uganda,2019/20,production,0.127
大豆,United Arab Emirates,2019/20,production,0
大豆,United Kingdom,2019/20,production,0
大豆,Uzbekistan,2019/20,production,0.011
大豆,Zambia,2019/20,production,0.281
大豆,Zimbabwe,2019/20,production,0.06
大豆,阿尔及利亚,2020/21,consumption,0.95
大豆,阿根廷,2020/21,consumption,47.512
大豆,埃及,2020/21,consumption,3.742
大豆,巴基斯坦,2020/21,consumption,2.52
大豆,巴拉圭,2020/21,consumption,3.425
大豆,巴西,2020/21,consumption,49.875
大豆,玻利维亚,2020/21,consumption,3.475
大豆,俄罗斯,2020/21,consumption,5.05
大豆,菲律宾,2020/21,consumption,0.175
大豆,哥伦比亚,2020/21,consumption,0.59
大豆,韩国,2020/21,consumption,1.408
大豆,加拿大,2020/21,consumption,2.646
大豆,马来西亚,2020/21,consumption,0.745
大豆,美国,2020/21,consumption,61.287
大豆,孟加拉国,2020/21,consumption,2.66
大豆,秘鲁,2020/21,consumption,0.277
大豆,摩洛哥,2020/21,consumption,0.027
大豆,墨西哥,2020/21,consumption,6.251
大豆,南非,2020/21,consumption,1.74
大豆,欧盟,2020/21,consumption,17.37
大豆,日本,2020/21,consumption,3.377
大豆,沙特阿拉伯,2020/21,consumption,0.765
大豆,泰国,2020/21,consumption,4.032
大豆,突尼斯,2020/21,consumption,0.545
大豆,土耳其,2020/21,consumption,2.975
大豆,委内瑞拉,2020/21,consumption,0.068
大豆,乌克兰,2020/21,consumption,1.526
大豆,乌拉圭,2020/21,consumption,0.22
大豆,伊朗,2020/21,consumption,2.405
大豆,印度,2020/21,consumption,11.19
大豆,印度尼西亚,2020/21,consumption,3.13
大豆,越南,2020/21,consumption,1.94
大豆,智利,2020/21,consumption,0.095
大豆,中国,2020/21,consumption,114.9
大豆,中国台湾,2020/21,consumption,2.64
大豆,Australia,2020/21,consumption,0.033
大豆,Barbados,2020/21,consumption,0.019
大豆,Belarus,2020/21,consumption,0.4
大豆,Benin,2020/21,consumption,-0.035
大豆,Bosnia and Herzegovina,2020/21,consumption,0.001
大豆,Burma,2020/21,consumption,0.146
大豆,Costa Rica,2020/21,consumption,0.27
大豆,Cuba,2020/21,consumption,0.024
大豆,Ecuador,2020/21,consumption,0.027
大豆,Ethiopia,2020/21,consumption,0.143
大豆,Ghana,2020/21,consumption,0.177
大豆,Guatemala,2020/21,consumption,0.042
大豆,Iraq,2020/21,consumption,0
大豆,Israel,2020/21,consumption,0.27
大豆,Kazakhstan,2020/21,consumption,0.266
大豆,"Korea, North",2020/21,consumption,0.234
大豆,Lebanon,2020/21,consumption,0.095
大豆,Nicaragua,2020/21,consumption,0.007
大豆,Nigeria,2020/21,consumption,1.24
大豆,Norway,2020/21,consumption,0.425
大豆,Panama,2020/21,consumption,0.029
大豆,Serbia,2020/21,consumption,0.514
大豆,Singapore,2020/21,consumption,0.022
大豆,Switzerland,2020/21,consumption,0.019
大豆,Syria,2020/21,consumption,0.009
大豆,Trinidad and Tobago,2020/21,consumption,0.001
大豆,Uganda,2020/21,consumption,0.121
大豆,United Arab Emirates,2020/21,consumption,0.052
大豆,United Kingdom,2020/21,consumption,0.66
大豆,Uzbekistan,2020/21,consumption,0.027
大豆,Zambia,2020/21,consumption,0.273
大豆,Zimbabwe,2020/21,consumption,0.09
大豆,阿尔及利亚,2020/21,exports,0
大豆,阿根廷,2020/21,exports,5.195
大豆,埃及,2020/21,exports,0.002
大豆,巴基斯坦,2020/21,exports,0
大豆,巴拉圭,2020/21,exports,6.33
大豆,巴西,2020/21,exports,81.65
大豆,玻利维亚,2020/21,exports,0.111
大豆,俄罗斯,2020/21,exports,1.355
大豆,菲律宾,2020/21,exports,0
大豆,哥伦比亚,2020/21,exports,0
大豆,韩国,2020/21,exports,0
大豆,加拿大,2020/21,exports,4.554
大豆,马来西亚,2020/21,exports,0.007
大豆,美国,2020/21,exports,61.664
大豆,孟加拉国,2020/21,exports,0
大豆,秘鲁,2020/21,exports,0
大豆,摩洛哥,2020/21,exports,0
大豆,墨西哥,2020/21,exports,0
大豆,南非,2020/21,exports,0.047
大豆,欧盟,2020/21,exports,0.187
大豆,日本,2020/21,exports,0
大豆,沙特阿拉伯,2020/21,exports,0
大豆,泰国,2020/21,exports,0.001
大豆,突尼斯,2020/21,exports,0
大豆,土耳其,2020/21,exports,0.061
大豆,委内瑞拉,2020/21,exports,0
大豆,乌克兰,2020/21,exports,1.466
大豆,乌拉圭,2020/21,exports,1.774
大豆,伊朗,2020/21,exports,0
大豆,印度,2020/21,exports,0.032
大豆,印度尼西亚,2020/21,exports,0.003
大豆,越南,2020/21,exports,0
大豆,智利,2020/21,exports,0.007
大豆,中国,2020/21,exports,0.07
大豆,中国台湾,2020/21,exports,0
大豆,Australia,2020/21,exports,0.012
大豆,Barbados,2020/21,exports,0
大豆,Belarus,2020/21,exports,0.001
大豆,Benin,2020/21,exports,0.299
大豆,Bosnia and Herzegovina,2020/21,exports,0.014
大豆,Burma,2020/21,exports,0.016
大豆,Costa Rica,2020/21,exports,0
大豆,Cuba,2020/21,exports,0
大豆,Ecuador,2020/21,exports,0
大豆,Ethiopia,2020/21,exports,0.066
大豆,Ghana,2020/21,exports,0.029
大豆,Guatemala,2020/21,exports,0
大豆,Iraq,2020/21,exports,0
大豆,Israel,2020/21,exports,0
大豆,Kazakhstan,2020/21,exports,0.03
大豆,"Korea, North",2020/21,exports,0
大豆,Lebanon,2020/21,exports,0
大豆,Nicaragua,2020/21,exports,0
大豆,Nigeria,2020/21,exports,0.007
大豆,Norway,2020/21,exports,0
大豆,Panama,2020/21,exports,0
大豆,Serbia,2020/21,exports,0.143
大豆,Singapore,2020/21,exports,0
大豆,Switzerland,2020/21,exports,0
大豆,Syria,2020/21,exports,0
大豆,Trinidad and Tobago,2020/21,exports,0
大豆,Uganda,2020/21,exports,0.017
大豆,United Arab Emirates,2020/21,exports,0
大豆,United Kingdom,2020/21,exports,0.005
大豆,Uzbekistan,2020/21,exports,0
大豆,Zambia,2020/21,exports,0.021
大豆,Zimbabwe,2020/21,exports,0
大豆,阿尔及利亚,2020/21,imports,0.93
大豆,阿根廷,2020/21,imports,4.816
大豆,埃及,2020/21,imports,3.607
大豆,巴基斯坦,2020/21,imports,2.52
大豆,巴拉圭,2020/21,imports,0.018
大豆,巴西,2020/21,imports,1.015
大豆,玻利维亚,2020/21,imports,0.005
大豆,俄罗斯,2020/21,imports,2.042
大豆,菲律宾,2020/21,imports,0.171
大豆,哥伦比亚,2020/21,imports,0.443
大豆,韩国,2020/21,imports,1.336
大豆,加拿大,2020/21,imports,0.516
大豆,马来西亚,2020/21,imports,0.743
大豆,美国,2020/21,imports,0.539
大豆,孟加拉国,2020/21,imports,2.255
大豆,秘鲁,2020/21,imports,0.272
大豆,摩洛哥,2020/21,imports,0.027
大豆,墨西哥,2020/21,imports,6.088
大豆,南非,2020/21,imports,0.012
大豆,欧盟,2020/21,imports,14.786
大豆,日本,2020/21,imports,3.085
大豆,沙特阿拉伯,2020/21,imports,0.776
大豆,泰国,2020/21,imports,4.157
大豆,突尼斯,2020/21,imports,0.535
大豆,土耳其,2020/21,imports,2.745
大豆,委内瑞拉,2020/21,imports,0.067
大豆,乌克兰,2020/21,imports,0.002
大豆,乌拉圭,2020/21,imports,0.069
大豆,伊朗,2020/21,imports,2.777
大豆,印度,2020/21,imports,0.548
大豆,印度尼西亚,2020/21,imports,2.617
大豆,越南,2020/21,imports,1.951
大豆,智利,2020/21,imports,0.099
大豆,中国,2020/21,imports,99.74
大豆,中国台湾,2020/21,imports,2.615
大豆,Australia,2020/21,imports,0.002
大豆,Barbados,2020/21,imports,0.019
大豆,Belarus,2020/21,imports,0.387
大豆,Benin,2020/21,imports,0
大豆,Bosnia and Herzegovina,2020/21,imports,0.008
大豆,Burma,2020/21,imports,0.02
大豆,Costa Rica,2020/21,imports,0.272
大豆,Cuba,2020/21,imports,0.024
大豆,Ecuador,2020/21,imports,0
大豆,Ethiopia,2020/21,imports,0
大豆,Ghana,2020/21,imports,0
大豆,Guatemala,2020/21,imports,0.006
大豆,Iraq,2020/21,imports,0
大豆,Israel,2020/21,imports,0.229
大豆,Kazakhstan,2020/21,imports,0.039
大豆,"Korea, North",2020/21,imports,0
大豆,Lebanon,2020/21,imports,0.061
大豆,Nicaragua,2020/21,imports,0
大豆,Nigeria,2020/21,imports,0.001
大豆,Norway,2020/21,imports,0.462
大豆,Panama,2020/21,imports,0.028
大豆,Serbia,2020/21,imports,0.004
大豆,Singapore,2020/21,imports,0.022
大豆,Switzerland,2020/21,imports,0.014
大豆,Syria,2020/21,imports,0.003
大豆,Trinidad and Tobago,2020/21,imports,0.001
大豆,Uganda,2020/21,imports,0
大豆,United Arab Emirates,2020/21,imports,0.058
大豆,United Kingdom,2020/21,imports,0.667
大豆,Uzbekistan,2020/21,imports,0.021
大豆,Zambia,2020/21,imports,0.001
大豆,Zimbabwe,2020/21,imports,0.036
大豆,阿尔及利亚,2020/21,production,0
大豆,阿根廷,2020/21,production,46.2
大豆,埃及,2020/21,production,0.036
大豆,巴基斯坦,2020/21,production,0.001
大豆,巴拉圭,2020/21,production,9.642
大豆,巴西,2020/21,production,139.5
大豆,玻利维亚,2020/21,production,3.648
大豆,俄罗斯,2020/21,production,4.307
大豆,菲律宾,2020/21,production,0.001
大豆,哥伦比亚,2020/21,production,0.119
大豆,韩国,2020/21,production,0.081
大豆,加拿大,2020/21,production,6.359
大豆,马来西亚,2020/21,production,0
大豆,美国,2020/21,production,114.749
大豆,孟加拉国,2020/21,production,0.135
大豆,秘鲁,2020/21,production,0.003
大豆,摩洛哥,2020/21,production,0
大豆,墨西哥,2020/21,production,0.246
大豆,南非,2020/21,production,1.897
大豆,欧盟,2020/21,production,2.6
大豆,日本,2020/21,production,0.219
大豆,沙特阿拉伯,2020/21,production,0
大豆,泰国,2020/21,production,0.052
大豆,突尼斯,2020/21,production,0
大豆,土耳其,2020/21,production,0.11
大豆,委内瑞拉,2020/21,production,0.007
大豆,乌克兰,2020/21,production,3
大豆,乌拉圭,2020/21,production,1.997
大豆,伊朗,2020/21,production,0.169
大豆,印度,2020/21,production,10.456
大豆,印度尼西亚,2020/21,production,0.475
大豆,越南,2020/21,production,0.058
大豆,智利,2020/21,production,0
大豆,中国,2020/21,production,19.602
大豆,中国台湾,2020/21,production,0.004
大豆,Australia,2020/21,production,0.044
大豆,Barbados,2020/21,production,0
大豆,Belarus,2020/21,production,0
大豆,Benin,2020/21,production,0.254
大豆,Bosnia and Herzegovina,2020/21,production,0.007
大豆,Burma,2020/21,production,0.142
大豆,Costa Rica,2020/21,production,0
大豆,Cuba,2020/21,production,0
大豆,Ecuador,2020/21,production,0.027
大豆,Ethiopia,2020/21,production,0.209
大豆,Ghana,2020/21,production,0.209
大豆,Guatemala,2020/21,production,0.036
大豆,Iraq,2020/21,production,0
大豆,Israel,2020/21,production,0
大豆,Kazakhstan,2020/21,production,0.261
大豆,"Korea, North",2020/21,production,0.23
大豆,Lebanon,2020/21,production,0
大豆,Nicaragua,2020/21,production,0.007
大豆,Nigeria,2020/21,production,1.262
大豆,Norway,2020/21,production,0
大豆,Panama,2020/21,production,0
大豆,Serbia,2020/21,production,0.752
大豆,Singapore,2020/21,production,0
大豆,Switzerland,2020/21,production,0.005
大豆,Syria,2020/21,production,0.006
大豆,Trinidad and Tobago,2020/21,production,0
大豆,Uganda,2020/21,production,0.138
大豆,United Arab Emirates,2020/21,production,0
大豆,United Kingdom,2020/21,production,0
大豆,Uzbekistan,2020/21,production,0.007
大豆,Zambia,2020/21,production,0.297
大豆,Zimbabwe,2020/21,production,0.06
大豆,阿尔及利亚,2021/22,consumption,1.5
大豆,阿根廷,2021/22,consumption,46
大豆,埃及,2021/22,consumption,4.542
大豆,巴基斯坦,2021/22,consumption,1.87
大豆,巴拉圭,2021/22,consumption,2.25
大豆,巴西,2021/22,consumption,54.017
大豆,玻利维亚,2021/22,consumption,3.525
大豆,俄罗斯,2021/22,consumption,5.51
大豆,菲律宾,2021/22,consumption,0.175
大豆,哥伦比亚,2021/22,consumption,0.6
大豆,韩国,2021/22,consumption,1.419
大豆,加拿大,2021/22,consumption,2.485
大豆,马来西亚,2021/22,consumption,0.69
大豆,美国,2021/22,consumption,62.893
大豆,孟加拉国,2021/22,consumption,2.435
大豆,秘鲁,2021/22,consumption,0.292
大豆,摩洛哥,2021/22,consumption,0.053
大豆,墨西哥,2021/22,consumption,6.41
大豆,南非,2021/22,consumption,1.922
大豆,欧盟,2021/22,consumption,16.97
大豆,日本,2021/22,consumption,3.616
大豆,沙特阿拉伯,2021/22,consumption,0.787
大豆,泰国,2021/22,consumption,3.66
大豆,突尼斯,2021/22,consumption,0.53
大豆,土耳其,2021/22,consumption,2.95
大豆,委内瑞拉,2021/22,consumption,0.068
大豆,乌克兰,2021/22,consumption,1.501
大豆,乌拉圭,2021/22,consumption,0.225
大豆,伊朗,2021/22,consumption,2.505
大豆,印度,2021/22,consumption,11.01
大豆,印度尼西亚,2021/22,consumption,2.772
大豆,越南,2021/22,consumption,2.03
大豆,智利,2021/22,consumption,0.08
大豆,中国,2021/22,consumption,110.3
大豆,中国台湾,2021/22,consumption,2.675
大豆,Australia,2021/22,consumption,0.046
大豆,Barbados,2021/22,consumption,0.007
大豆,Belarus,2021/22,consumption,0.34
大豆,Benin,2021/22,consumption,-0.066
大豆,Bosnia and Herzegovina,2021/22,consumption,0.007
大豆,Burma,2021/22,consumption,0.15
大豆,Costa Rica,2021/22,consumption,0.275
大豆,Cuba,2021/22,consumption,0.016
大豆,Ecuador,2021/22,consumption,0.02
大豆,Ethiopia,2021/22,consumption,0.188
大豆,Ghana,2021/22,consumption,0.182
大豆,Guatemala,2021/22,consumption,0.018
大豆,Iraq,2021/22,consumption,0
大豆,Israel,2021/22,consumption,0.317
大豆,Kazakhstan,2021/22,consumption,0.239
大豆,"Korea, North",2021/22,consumption,0.205
大豆,Lebanon,2021/22,consumption,0.11
大豆,Nicaragua,2021/22,consumption,0.014
大豆,Nigeria,2021/22,consumption,1.175
大豆,Norway,2021/22,consumption,0.34
大豆,Panama,2021/22,consumption,0.033
大豆,Serbia,2021/22,consumption,0.614
大豆,Singapore,2021/22,consumption,0.022
大豆,Switzerland,2021/22,consumption,0.02
大豆,Syria,2021/22,consumption,0.005
大豆,Trinidad and Tobago,2021/22,consumption,0.004
大豆,Uganda,2021/22,consumption,0.135
大豆,United Arab Emirates,2021/22,consumption,0.044
大豆,United Kingdom,2021/22,consumption,0.865
大豆,Uzbekistan,2021/22,consumption,0.06
大豆,Zambia,2021/22,consumption,0.389
大豆,Zimbabwe,2021/22,consumption,0.077
大豆,阿尔及利亚,2021/22,exports,0
大豆,阿根廷,2021/22,exports,2.861
大豆,埃及,2021/22,exports,0
大豆,巴基斯坦,2021/22,exports,0
大豆,巴拉圭,2021/22,exports,2.273
大豆,巴西,2021/22,exports,79.063
大豆,玻利维亚,2021/22,exports,0.588
大豆,俄罗斯,2021/22,exports,0.9
大豆,菲律宾,2021/22,exports,0
大豆,哥伦比亚,2021/22,exports,0
大豆,韩国,2021/22,exports,0
大豆,加拿大,2021/22,exports,4.289
大豆,马来西亚,2021/22,exports,0.009
大豆,美国,2021/22,exports,58.57
大豆,孟加拉国,2021/22,exports,0
大豆,秘鲁,2021/22,exports,0
大豆,摩洛哥,2021/22,exports,0
大豆,墨西哥,2021/22,exports,0.006
大豆,南非,2021/22,exports,0.282
大豆,欧盟,2021/22,exports,0.291
大豆,日本,2021/22,exports,0
大豆,沙特阿拉伯,2021/22,exports,0
大豆,泰国,2021/22,exports,0.001
大豆,突尼斯,2021/22,exports,0
大豆,土耳其,2021/22,exports,0.134
大豆,委内瑞拉,2021/22,exports,0
大豆,乌克兰,2021/22,exports,1.385
大豆,乌拉圭,2021/22,exports,3.049
大豆,伊朗,2021/22,exports,0
大豆,印度,2021/22,exports,0.061
大豆,印度尼西亚,2021/22,exports,0.012
大豆,越南,2021/22,exports,0
大豆,智利,2021/22,exports,0.003
大豆,中国,2021/22,exports,0.102
大豆,中国台湾,2021/22,exports,0
大豆,Australia,2021/22,exports,0.012
大豆,Barbados,2021/22,exports,0
大豆,Belarus,2021/22,exports,0.001
大豆,Benin,2021/22,exports,0.357
大豆,Bosnia and Herzegovina,2021/22,exports,0.011
大豆,Burma,2021/22,exports,0
大豆,Costa Rica,2021/22,exports,0
大豆,Cuba,2021/22,exports,0
大豆,Ecuador,2021/22,exports,0
大豆,Ethiopia,2021/22,exports,0.053
大豆,Ghana,2021/22,exports,0.032
大豆,Guatemala,2021/22,exports,0
大豆,Iraq,2021/22,exports,0
大豆,Israel,2021/22,exports,0
大豆,Kazakhstan,2021/22,exports,0.033
大豆,"Korea, North",2021/22,exports,0
大豆,Lebanon,2021/22,exports,0
大豆,Nicaragua,2021/22,exports,0
大豆,Nigeria,2021/22,exports,0.007
大豆,Norway,2021/22,exports,0
大豆,Panama,2021/22,exports,0
大豆,Serbia,2021/22,exports,0.015
大豆,Singapore,2021/22,exports,0.001
大豆,Switzerland,2021/22,exports,0
大豆,Syria,2021/22,exports,0
大豆,Trinidad and Tobago,2021/22,exports,0
大豆,Uganda,2021/22,exports,0.003
大豆,United Arab Emirates,2021/22,exports,0
大豆,United Kingdom,2021/22,exports,0.001
大豆,Uzbekistan,2021/22,exports,0
大豆,Zambia,2021/22,exports,0.016
大豆,Zimbabwe,2021/22,exports,0.001
大豆,阿尔及利亚,2021/22,imports,1.535
大豆,阿根廷,2021/22,imports,3.839
大豆,埃及,2021/22,imports,4.566
大豆,巴基斯坦,2021/22,imports,1.824
大豆,巴拉圭,2021/22,imports,0.04
大豆,巴西,2021/22,imports,0.539
大豆,玻利维亚,2021/22,imports,0.004
大豆,俄罗斯,2021/22,imports,1.85
大豆,菲律宾,2021/22,imports,0.178
大豆,哥伦比亚,2021/22,imports,0.526
大豆,韩国,2021/22,imports,1.268
大豆,加拿大,2021/22,imports,0.541
大豆,马来西亚,2021/22,imports,0.694
大豆,美国,2021/22,imports,0.433
大豆,孟加拉国,2021/22,imports,2.54
大豆,秘鲁,2021/22,imports,0.292
大豆,摩洛哥,2021/22,imports,0.053
大豆,墨西哥,2021/22,imports,6.397
大豆,南非,2021/22,imports,0.005
大豆,欧盟,2021/22,imports,14.545
大豆,日本,2021/22,imports,3.455
大豆,沙特阿拉伯,2021/22,imports,0.765
大豆,泰国,2021/22,imports,3.243
大豆,突尼斯,2021/22,imports,0.533
大豆,土耳其,2021/22,imports,2.949
大豆,委内瑞拉,2021/22,imports,0.058
大豆,乌克兰,2021/22,imports,0.001
大豆,乌拉圭,2021/22,imports,0.016
大豆,伊朗,2021/22,imports,1.817
大豆,印度,2021/22,imports,0.555
大豆,印度尼西亚,2021/22,imports,2.307
大豆,越南,2021/22,imports,1.839
大豆,智利,2021/22,imports,0.078
大豆,中国,2021/22,imports,90.297
大豆,中国台湾,2021/22,imports,2.622
大豆,Australia,2021/22,imports,0.002
大豆,Barbados,2021/22,imports,0.007
大豆,Belarus,2021/22,imports,0.342
大豆,Benin,2021/22,imports,0
大豆,Bosnia and Herzegovina,2021/22,imports,0.011
大豆,Burma,2021/22,imports,0.015
大豆,Costa Rica,2021/22,imports,0.264
大豆,Cuba,2021/22,imports,0.016
大豆,Ecuador,2021/22,imports,0
大豆,Ethiopia,2021/22,imports,0
大豆,Ghana,2021/22,imports,0
大豆,Guatemala,2021/22,imports,0
大豆,Iraq,2021/22,imports,0
大豆,Israel,2021/22,imports,0.316
大豆,Kazakhstan,2021/22,imports,0.033
大豆,"Korea, North",2021/22,imports,0.006
大豆,Lebanon,2021/22,imports,0.112
大豆,Nicaragua,2021/22,imports,0.007
大豆,Nigeria,2021/22,imports,0
大豆,Norway,2021/22,imports,0.308
大豆,Panama,2021/22,imports,0.033
大豆,Serbia,2021/22,imports,0.072
大豆,Singapore,2021/22,imports,0.023
大豆,Switzerland,2021/22,imports,0.014
大豆,Syria,2021/22,imports,0.001
大豆,Trinidad and Tobago,2021/22,imports,0.004
大豆,Uganda,2021/22,imports,0
大豆,United Arab Emirates,2021/22,imports,0.049
大豆,United Kingdom,2021/22,imports,0.871
大豆,Uzbekistan,2021/22,imports,0.03
大豆,Zambia,2021/22,imports,0.001
大豆,Zimbabwe,2021/22,imports,0.026
大豆,阿尔及利亚,2021/22,production,0
大豆,阿根廷,2021/22,production,43.9
大豆,埃及,2021/22,production,0.025
大豆,巴基斯坦,2021/22,production,0.001
大豆,巴拉圭,2021/22,production,4.183
大豆,巴西,2021/22,production,130.5
大豆,玻利维亚,2021/22,production,3.617
大豆,俄罗斯,2021/22,production,4.76
大豆,菲律宾,2021/22,production,0.001
大豆,哥伦比亚,2021/22,production,0.122
大豆,韩国,2021/22,production,0.111
大豆,加拿大,2021/22,production,6.224
大豆,马来西亚,2021/22,production,0
大豆,美国,2021/22,production,121.504
大豆,孟加拉国,2021/22,production,0.14
大豆,秘鲁,2021/22,production,0.003
大豆,摩洛哥,2021/22,production,0
大豆,墨西哥,2021/22,production,0.288
大豆,南非,2021/22,production,2.23
大豆,欧盟,2021/22,production,2.833
大豆,日本,2021/22,production,0.238
大豆,沙特阿拉伯,2021/22,production,0
大豆,泰国,2021/22,production,0.052
大豆,突尼斯,2021/22,production,0
大豆,土耳其,2021/22,production,0.125
大豆,委内瑞拉,2021/22,production,0.008
大豆,乌克兰,2021/22,production,3.8
大豆,乌拉圭,2021/22,production,3.241
大豆,伊朗,2021/22,production,0.16
大豆,印度,2021/22,production,11.889
大豆,印度尼西亚,2021/22,production,0.425
大豆,越南,2021/22,production,0.052
大豆,智利,2021/22,production,0
大豆,中国,2021/22,production,16.395
大豆,中国台湾,2021/22,production,0.004
大豆,Australia,2021/22,production,0.057
大豆,Barbados,2021/22,production,0
大豆,Belarus,2021/22,production,0
大豆,Benin,2021/22,production,0.291
大豆,Bosnia and Herzegovina,2021/22,production,0.007
大豆,Burma,2021/22,production,0.135
大豆,Costa Rica,2021/22,production,0
大豆,Cuba,2021/22,production,0
大豆,Ecuador,2021/22,production,0.02
大豆,Ethiopia,2021/22,production,0.271
大豆,Ghana,2021/22,production,0.218
大豆,Guatemala,2021/22,production,0.018
大豆,Iraq,2021/22,production,0
大豆,Israel,2021/22,production,0
大豆,Kazakhstan,2021/22,production,0.238
大豆,"Korea, North",2021/22,production,0.19
大豆,Lebanon,2021/22,production,0
大豆,Nicaragua,2021/22,production,0.007
大豆,Nigeria,2021/22,production,1.166
大豆,Norway,2021/22,production,0
大豆,Panama,2021/22,production,0
大豆,Serbia,2021/22,production,0.54
大豆,Singapore,2021/22,production,0
大豆,Switzerland,2021/22,production,0.006
大豆,Syria,2021/22,production,0.004
大豆,Trinidad and Tobago,2021/22,production,0
大豆,Uganda,2021/22,production,0.138
大豆,United Arab Emirates,2021/22,production,0
大豆,United Kingdom,2021/22,production,0
大豆,Uzbekistan,2021/22,production,0.029
大豆,Zambia,2021/22,production,0.411
大豆,Zimbabwe,2021/22,production,0.054
大豆,阿尔及利亚,2022/23,consumption,1.35
大豆,阿根廷,2022/23,consumption,36.591
大豆,埃及,2022/23,consumption,2.242
大豆,巴基斯坦,2022/23,consumption,0.67
大豆,巴拉圭,2022/23,consumption,3.575
大豆,巴西,2022/23,consumption,57.209
大豆,玻利维亚,2022/23,consumption,3.475
大豆,俄罗斯,2022/23,consumption,6.035
大豆,菲律宾,2022/23,consumption,0.155
大豆,哥伦比亚,2022/23,consumption,0.56
大豆,韩国,2022/23,consumption,1.391
大豆,加拿大,2022/23,consumption,2.718
大豆,马来西亚,2022/23,consumption,0.665
大豆,美国,2022/23,consumption,63.302
大豆,孟加拉国,2022/23,consumption,1.51
大豆,秘鲁,2022/23,consumption,0.232
大豆,摩洛哥,2022/23,consumption,0.036
大豆,墨西哥,2022/23,consumption,6.71
大豆,南非,2022/23,consumption,2.025
大豆,欧盟,2022/23,consumption,15.82
大豆,日本,2022/23,consumption,3.635
大豆,沙特阿拉伯,2022/23,consumption,0.527
大豆,泰国,2022/23,consumption,3.22
大豆,突尼斯,2022/23,consumption,0.555
大豆,土耳其,2022/23,consumption,2.95
大豆,委内瑞拉,2022/23,consumption,0.073
大豆,乌克兰,2022/23,consumption,1.701
大豆,乌拉圭,2022/23,consumption,0.1
大豆,伊朗,2022/23,consumption,3.005
大豆,印度,2022/23,consumption,13
大豆,印度尼西亚,2022/23,consumption,2.69
大豆,越南,2022/23,consumption,1.93
大豆,智利,2022/23,consumption,0.065
大豆,中国,2022/23,consumption,117.5
大豆,中国台湾,2022/23,consumption,2.55
大豆,Australia,2022/23,consumption,0.051
大豆,Barbados,2022/23,consumption,0.003
大豆,Belarus,2022/23,consumption,0.45
大豆,Benin,2022/23,consumption,0.14
大豆,Bosnia and Herzegovina,2022/23,consumption,0.003
大豆,Burma,2022/23,consumption,0.141
大豆,Costa Rica,2022/23,consumption,0.255
大豆,Cuba,2022/23,consumption,0.007
大豆,Ecuador,2022/23,consumption,0.059
大豆,Ethiopia,2022/23,consumption,0.087
大豆,Ghana,2022/23,consumption,0.205
大豆,Guatemala,2022/23,consumption,0.036
大豆,Iraq,2022/23,consumption,0.61
大豆,Israel,2022/23,consumption,0.307
大豆,Kazakhstan,2022/23,consumption,0.244
大豆,"Korea, North",2022/23,consumption,0.195
大豆,Lebanon,2022/23,consumption,0.135
大豆,Nicaragua,2022/23,consumption,0.007
大豆,Nigeria,2022/23,consumption,1.325
大豆,Norway,2022/23,consumption,0.37
大豆,Panama,2022/23,consumption,0.036
大豆,Serbia,2022/23,consumption,0.615
大豆,Singapore,2022/23,consumption,0.022
大豆,Switzerland,2022/23,consumption,0.017
大豆,Syria,2022/23,consumption,0.003
大豆,Trinidad and Tobago,2022/23,consumption,0.008
大豆,Uganda,2022/23,consumption,0.153
大豆,United Arab Emirates,2022/23,consumption,0.062
大豆,United Kingdom,2022/23,consumption,0.915
大豆,Uzbekistan,2022/23,consumption,0.06
大豆,Zambia,2022/23,consumption,0.44
大豆,Zimbabwe,2022/23,consumption,0.077
大豆,阿尔及利亚,2022/23,exports,0
大豆,阿根廷,2022/23,exports,4.185
大豆,埃及,2022/23,exports,0
大豆,巴基斯坦,2022/23,exports,0
大豆,巴拉圭,2022/23,exports,6.495
大豆,巴西,2022/23,exports,95.504
大豆,玻利维亚,2022/23,exports,0.473
大豆,俄罗斯,2022/23,exports,1.5
大豆,菲律宾,2022/23,exports,0
大豆,哥伦比亚,2022/23,exports,0
大豆,韩国,2022/23,exports,0
大豆,加拿大,2022/23,exports,4.24
大豆,马来西亚,2022/23,exports,0.009
大豆,美国,2022/23,exports,53.864
大豆,孟加拉国,2022/23,exports,0
大豆,秘鲁,2022/23,exports,0
大豆,摩洛哥,2022/23,exports,0
大豆,墨西哥,2022/23,exports,0.001
大豆,南非,2022/23,exports,0.637
大豆,欧盟,2022/23,exports,0.227
大豆,日本,2022/23,exports,0
大豆,沙特阿拉伯,2022/23,exports,0
大豆,泰国,2022/23,exports,0.001
大豆,突尼斯,2022/23,exports,0
大豆,土耳其,2022/23,exports,0.07
大豆,委内瑞拉,2022/23,exports,0
大豆,乌克兰,2022/23,exports,3.097
大豆,乌拉圭,2022/23,exports,0.775
大豆,伊朗,2022/23,exports,0
大豆,印度,2022/23,exports,0.022
大豆,印度尼西亚,2022/23,exports,0.002
大豆,越南,2022/23,exports,0
大豆,智利,2022/23,exports,0.003
大豆,中国,2022/23,exports,0.089
大豆,中国台湾,2022/23,exports,0
大豆,Australia,2022/23,exports,0.005
大豆,Barbados,2022/23,exports,0
大豆,Belarus,2022/23,exports,0.001
大豆,Benin,2022/23,exports,0.166
大豆,Bosnia and Herzegovina,2022/23,exports,0.006
大豆,Burma,2022/23,exports,0.001
大豆,Costa Rica,2022/23,exports,0
大豆,Cuba,2022/23,exports,0
大豆,Ecuador,2022/23,exports,0
大豆,Ethiopia,2022/23,exports,0.17
大豆,Ghana,2022/23,exports,0.043
大豆,Guatemala,2022/23,exports,0
大豆,Iraq,2022/23,exports,0
大豆,Israel,2022/23,exports,0
大豆,Kazakhstan,2022/23,exports,0.045
大豆,"Korea, North",2022/23,exports,0
大豆,Lebanon,2022/23,exports,0
大豆,Nicaragua,2022/23,exports,0
大豆,Nigeria,2022/23,exports,0.04
大豆,Norway,2022/23,exports,0
大豆,Panama,2022/23,exports,0
大豆,Serbia,2022/23,exports,0.005
大豆,Singapore,2022/23,exports,0
大豆,Switzerland,2022/23,exports,0
大豆,Syria,2022/23,exports,0
大豆,Trinidad and Tobago,2022/23,exports,0
大豆,Uganda,2022/23,exports,0.019
大豆,United Arab Emirates,2022/23,exports,0
大豆,United Kingdom,2022/23,exports,0
大豆,Uzbekistan,2022/23,exports,0
大豆,Zambia,2022/23,exports,0.063
大豆,Zimbabwe,2022/23,exports,0
大豆,阿尔及利亚,2022/23,imports,1.355
大豆,阿根廷,2022/23,imports,9.059
大豆,埃及,2022/23,imports,1.993
大豆,巴基斯坦,2022/23,imports,0.571
大豆,巴拉圭,2022/23,imports,0.01
大豆,巴西,2022/23,imports,0.154
大豆,玻利维亚,2022/23,imports,0.004
大豆,俄罗斯,2022/23,imports,1.644
大豆,菲律宾,2022/23,imports,0.139
大豆,哥伦比亚,2022/23,imports,0.444
大豆,韩国,2022/23,imports,1.337
大豆,加拿大,2022/23,imports,0.5
大豆,马来西亚,2022/23,imports,0.684
大豆,美国,2022/23,imports,0.667
大豆,孟加拉国,2022/23,imports,1.039
大豆,秘鲁,2022/23,imports,0.228
大豆,摩洛哥,2022/23,imports,0.036
大豆,墨西哥,2022/23,imports,6.451
大豆,南非,2022/23,imports,0.004
大豆,欧盟,2022/23,imports,13.127
大豆,日本,2022/23,imports,3.332
大豆,沙特阿拉伯,2022/23,imports,0.504
大豆,泰国,2022/23,imports,3.238
大豆,突尼斯,2022/23,imports,0.574
大豆,土耳其,2022/23,imports,2.888
大豆,委内瑞拉,2022/23,imports,0.069
大豆,乌克兰,2022/23,imports,0.002
大豆,乌拉圭,2022/23,imports,0.026
大豆,伊朗,2022/23,imports,2.803
大豆,印度,2022/23,imports,0.702
大豆,印度尼西亚,2022/23,imports,2.308
大豆,越南,2022/23,imports,1.858
大豆,智利,2022/23,imports,0.067
大豆,中国,2022/23,imports,104.5
大豆,中国台湾,2022/23,imports,2.559
大豆,Australia,2022/23,imports,0.002
大豆,Barbados,2022/23,imports,0.003
大豆,Belarus,2022/23,imports,0.45
大豆,Benin,2022/23,imports,0
大豆,Bosnia and Herzegovina,2022/23,imports,0.002
大豆,Burma,2022/23,imports,0.008
大豆,Costa Rica,2022/23,imports,0.266
大豆,Cuba,2022/23,imports,0.007
大豆,Ecuador,2022/23,imports,0.03
大豆,Ethiopia,2022/23,imports,0
大豆,Ghana,2022/23,imports,0.001
大豆,Guatemala,2022/23,imports,0
大豆,Iraq,2022/23,imports,0.76
大豆,Israel,2022/23,imports,0.297
大豆,Kazakhstan,2022/23,imports,0.038
大豆,"Korea, North",2022/23,imports,0.005
大豆,Lebanon,2022/23,imports,0.136
大豆,Nicaragua,2022/23,imports,0
大豆,Nigeria,2022/23,imports,0
大豆,Norway,2022/23,imports,0.363
大豆,Panama,2022/23,imports,0.036
大豆,Serbia,2022/23,imports,0.152
大豆,Singapore,2022/23,imports,0.022
大豆,Switzerland,2022/23,imports,0.011
大豆,Syria,2022/23,imports,0.001
大豆,Trinidad and Tobago,2022/23,imports,0.008
大豆,Uganda,2022/23,imports,0
大豆,United Arab Emirates,2022/23,imports,0.065
大豆,United Kingdom,2022/23,imports,0.91
大豆,Uzbekistan,2022/23,imports,0.026
大豆,Zambia,2022/23,imports,0
大豆,Zimbabwe,2022/23,imports,0.027
大豆,阿尔及利亚,2022/23,production,0
大豆,阿根廷,2022/23,production,25
大豆,埃及,2022/23,production,0.056
大豆,巴基斯坦,2022/23,production,0.001
大豆,巴拉圭,2022/23,production,10.25
大豆,巴西,2022/23,production,162
大豆,玻利维亚,2022/23,production,3.67
大豆,俄罗斯,2022/23,production,5.996
大豆,菲律宾,2022/23,production,0.001
大豆,哥伦比亚,2022/23,production,0.142
大豆,韩国,2022/23,production,0.13
大豆,加拿大,2022/23,production,6.543
大豆,马来西亚,2022/23,production,0
大豆,美国,2022/23,production,116.221
大豆,孟加拉国,2022/23,production,0.145
大豆,秘鲁,2022/23,production,0.003
大豆,摩洛哥,2022/23,production,0
大豆,墨西哥,2022/23,production,0.175
大豆,南非,2022/23,production,2.77
大豆,欧盟,2022/23,production,2.61
大豆,日本,2022/23,production,0.243
大豆,沙特阿拉伯,2022/23,production,0
大豆,泰国,2022/23,production,0.052
大豆,突尼斯,2022/23,production,0
大豆,土耳其,2022/23,production,0.145
大豆,委内瑞拉,2022/23,production,0.006
大豆,乌克兰,2022/23,production,4.1
大豆,乌拉圭,2022/23,production,0.7
大豆,伊朗,2022/23,production,0.17
大豆,印度,2022/23,production,12.411
大豆,印度尼西亚,2022/23,production,0.39
大豆,越南,2022/23,production,0.048
大豆,智利,2022/23,production,0
大豆,中国,2022/23,production,20.284
大豆,中国台湾,2022/23,production,0.006
大豆,Australia,2022/23,production,0.052
大豆,Barbados,2022/23,production,0
大豆,Belarus,2022/23,production,0
大豆,Benin,2022/23,production,0.306
大豆,Bosnia and Herzegovina,2022/23,production,0.007
大豆,Burma,2022/23,production,0.134
大豆,Costa Rica,2022/23,production,0
大豆,Cuba,2022/23,production,0
大豆,Ecuador,2022/23,production,0.029
大豆,Ethiopia,2022/23,production,0.223
大豆,Ghana,2022/23,production,0.255
大豆,Guatemala,2022/23,production,0.036
大豆,Iraq,2022/23,production,0
大豆,Israel,2022/23,production,0
大豆,Kazakhstan,2022/23,production,0.25
大豆,"Korea, North",2022/23,production,0.18
大豆,Lebanon,2022/23,production,0
大豆,Nicaragua,2022/23,production,0.007
大豆,Nigeria,2022/23,production,1.32
大豆,Norway,2022/23,production,0
大豆,Panama,2022/23,production,0
大豆,Serbia,2022/23,production,0.399
大豆,Singapore,2022/23,production,0
大豆,Switzerland,2022/23,production,0.006
大豆,Syria,2022/23,production,0.002
大豆,Trinidad and Tobago,2022/23,production,0
大豆,Uganda,2022/23,production,0.172
大豆,United Arab Emirates,2022/23,production,0
大豆,United Kingdom,2022/23,production,0
大豆,Uzbekistan,2022/23,production,0.035
大豆,Zambia,2022/23,production,0.475
大豆,Zimbabwe,2022/23,production,0.054
大豆,阿尔及利亚,2023/24,consumption,1.5
大豆,阿根廷,2023/24,consumption,43.833
大豆,埃及,2023/24,consumption,3.292
大豆,巴基斯坦,2023/24,consumption,0.97
大豆,巴拉圭,2023/24,consumption,3.1
大豆,巴西,2023/24,consumption,58.255
大豆,玻利维亚,2023/24,consumption,2.88
大豆,俄罗斯,2023/24,consumption,6.57
大豆,菲律宾,2023/24,consumption,0.153
大豆,哥伦比亚,2023/24,consumption,0.63
大豆,韩国,2023/24,consumption,1.3
大豆,加拿大,2023/24,consumption,2.329
大豆,马来西亚,2023/24,consumption,0.685
大豆,美国,2023/24,consumption,65.361
大豆,孟加拉国,2023/24,consumption,2.105
大豆,秘鲁,2023/24,consumption,0.222
大豆,摩洛哥,2023/24,consumption,0.028
大豆,墨西哥,2023/24,consumption,6.595
大豆,南非,2023/24,consumption,1.925
大豆,欧盟,2023/24,consumption,16.07
大豆,日本,2023/24,consumption,3.364
大豆,沙特阿拉伯,2023/24,consumption,0.377
大豆,泰国,2023/24,consumption,3.52
大豆,突尼斯,2023/24,consumption,0.54
大豆,土耳其,2023/24,consumption,3.45
大豆,委内瑞拉,2023/24,consumption,0.133
大豆,乌克兰,2023/24,consumption,2
大豆,乌拉圭,2023/24,consumption,0.3
大豆,伊朗,2023/24,consumption,2.705
大豆,印度,2023/24,consumption,13.15
大豆,印度尼西亚,2023/24,consumption,2.91
大豆,越南,2023/24,consumption,2.13
大豆,智利,2023/24,consumption,0.07
大豆,中国,2023/24,consumption,121.8
大豆,中国台湾,2023/24,consumption,2.63
大豆,Australia,2023/24,consumption,0.061
大豆,Barbados,2023/24,consumption,0.014
大豆,Belarus,2023/24,consumption,0.5
大豆,Benin,2023/24,consumption,-0.057
大豆,Bosnia and Herzegovina,2023/24,consumption,0.013
大豆,Burma,2023/24,consumption,0.139
大豆,Costa Rica,2023/24,consumption,0.255
大豆,Cuba,2023/24,consumption,0.013
大豆,Ecuador,2023/24,consumption,0.013
大豆,Ethiopia,2023/24,consumption,0.108
大豆,Ghana,2023/24,consumption,0.28
大豆,Guatemala,2023/24,consumption,0.036
大豆,Iraq,2023/24,consumption,0.41
大豆,Israel,2023/24,consumption,0.287
大豆,Kazakhstan,2023/24,consumption,0.248
大豆,"Korea, North",2023/24,consumption,0.185
大豆,Lebanon,2023/24,consumption,0.135
大豆,Nicaragua,2023/24,consumption,0.007
大豆,Nigeria,2023/24,consumption,1.025
大豆,Norway,2023/24,consumption,0.345
大豆,Panama,2023/24,consumption,0.037
大豆,Serbia,2023/24,consumption,0.665
大豆,Singapore,2023/24,consumption,0.02
大豆,Switzerland,2023/24,consumption,0.018
大豆,Syria,2023/24,consumption,0.005
大豆,Trinidad and Tobago,2023/24,consumption,0.009
大豆,Uganda,2023/24,consumption,0.194
大豆,United Arab Emirates,2023/24,consumption,0.132
大豆,United Kingdom,2023/24,consumption,0.94
大豆,Uzbekistan,2023/24,consumption,0.05
大豆,Zambia,2023/24,consumption,0.72
大豆,Zimbabwe,2023/24,consumption,0.154
大豆,阿尔及利亚,2023/24,exports,0
大豆,阿根廷,2023/24,exports,5.114
大豆,埃及,2023/24,exports,0
大豆,巴基斯坦,2023/24,exports,0.001
大豆,巴拉圭,2023/24,exports,7.987
大豆,巴西,2023/24,exports,104.17
大豆,玻利维亚,2023/24,exports,0.179
大豆,俄罗斯,2023/24,exports,1.4
大豆,菲律宾,2023/24,exports,0
大豆,哥伦比亚,2023/24,exports,0
大豆,韩国,2023/24,exports,0
大豆,加拿大,2023/24,exports,4.861
大豆,马来西亚,2023/24,exports,0.013
大豆,美国,2023/24,exports,46.35
大豆,孟加拉国,2023/24,exports,0
大豆,秘鲁,2023/24,exports,0
大豆,摩洛哥,2023/24,exports,0
大豆,墨西哥,2023/24,exports,0.008
大豆,南非,2023/24,exports,0.148
大豆,欧盟,2023/24,exports,0.253
大豆,日本,2023/24,exports,0
大豆,沙特阿拉伯,2023/24,exports,0
大豆,泰国,2023/24,exports,0
大豆,突尼斯,2023/24,exports,0
大豆,土耳其,2023/24,exports,0.067
大豆,委内瑞拉,2023/24,exports,0
大豆,乌克兰,2023/24,exports,3.262
大豆,乌拉圭,2023/24,exports,2.732
大豆,伊朗,2023/24,exports,0
大豆,印度,2023/24,exports,0.008
大豆,印度尼西亚,2023/24,exports,0.003
大豆,越南,2023/24,exports,0
大豆,智利,2023/24,exports,0.003
大豆,中国,2023/24,exports,0.07
大豆,中国台湾,2023/24,exports,0
大豆,Australia,2023/24,exports,0.005
大豆,Barbados,2023/24,exports,0
大豆,Belarus,2023/24,exports,0.001
大豆,Benin,2023/24,exports,0.578
大豆,Bosnia and Herzegovina,2023/24,exports,0.007
大豆,Burma,2023/24,exports,0.002
大豆,Costa Rica,2023/24,exports,0
大豆,Cuba,2023/24,exports,0
大豆,Ecuador,2023/24,exports,0
大豆,Ethiopia,2023/24,exports,0.125
大豆,Ghana,2023/24,exports,0.077
大豆,Guatemala,2023/24,exports,0
大豆,Iraq,2023/24,exports,0
大豆,Israel,2023/24,exports,0
大豆,Kazakhstan,2023/24,exports,0.036
大豆,"Korea, North",2023/24,exports,0
大豆,Lebanon,2023/24,exports,0
大豆,Nicaragua,2023/24,exports,0
大豆,Nigeria,2023/24,exports,0.37
大豆,Norway,2023/24,exports,0
大豆,Panama,2023/24,exports,0
大豆,Serbia,2023/24,exports,0.008
大豆,Singapore,2023/24,exports,0.001
大豆,Switzerland,2023/24,exports,0
大豆,Syria,2023/24,exports,0
大豆,Trinidad and Tobago,2023/24,exports,0
大豆,Uganda,2023/24,exports,0.003
大豆,United Arab Emirates,2023/24,exports,0
大豆,United Kingdom,2023/24,exports,0.003
大豆,Uzbekistan,2023/24,exports,0
大豆,Zambia,2023/24,exports,0.001
大豆,Zimbabwe,2023/24,exports,0
大豆,阿尔及利亚,2023/24,imports,1.641
大豆,阿根廷,2023/24,imports,7.787
大豆,埃及,2023/24,imports,3.321
大豆,巴基斯坦,2023/24,imports,0.997
大豆,巴拉圭,2023/24,imports,0.006
大豆,巴西,2023/24,imports,0.867
大豆,玻利维亚,2023/24,imports,0.002
大豆,俄罗斯,2023/24,imports,1.303
大豆,菲律宾,2023/24,imports,0.149
大豆,哥伦比亚,2023/24,imports,0.447
大豆,韩国,2023/24,imports,1.118
大豆,加拿大,2023/24,imports,0.335
大豆,马来西亚,2023/24,imports,0.683
大豆,美国,2023/24,imports,0.567
大豆,孟加拉国,2023/24,imports,1.984
大豆,秘鲁,2023/24,imports,0.222
大豆,摩洛哥,2023/24,imports,0.028
大豆,墨西哥,2023/24,imports,6.457
大豆,南非,2023/24,imports,0.159
大豆,欧盟,2023/24,imports,13.55
大豆,日本,2023/24,imports,3.099
大豆,沙特阿拉伯,2023/24,imports,0.361
大豆,泰国,2023/24,imports,3.428
大豆,突尼斯,2023/24,imports,0.55
大豆,土耳其,2023/24,imports,3.252
大豆,委内瑞拉,2023/24,imports,0.138
大豆,乌克兰,2023/24,imports,0.001
大豆,乌拉圭,2023/24,imports,0.009
大豆,伊朗,2023/24,imports,2.554
大豆,印度,2023/24,imports,0.634
大豆,印度尼西亚,2023/24,imports,2.567
大豆,越南,2023/24,imports,2.265
大豆,智利,2023/24,imports,0.071
大豆,中国,2023/24,imports,112
大豆,中国台湾,2023/24,imports,2.577
大豆,Australia,2023/24,imports,0.001
大豆,Barbados,2023/24,imports,0.014
大豆,Belarus,2023/24,imports,0.51
大豆,Benin,2023/24,imports,0
大豆,Bosnia and Herzegovina,2023/24,imports,0.013
大豆,Burma,2023/24,imports,0.005
大豆,Costa Rica,2023/24,imports,0.256
大豆,Cuba,2023/24,imports,0.013
大豆,Ecuador,2023/24,imports,0
大豆,Ethiopia,2023/24,imports,0
大豆,Ghana,2023/24,imports,0.002
大豆,Guatemala,2023/24,imports,0
大豆,Iraq,2023/24,imports,0.264
大豆,Israel,2023/24,imports,0.285
大豆,Kazakhstan,2023/24,imports,0.077
大豆,"Korea, North",2023/24,imports,0.005
大豆,Lebanon,2023/24,imports,0.135
大豆,Nicaragua,2023/24,imports,0
大豆,Nigeria,2023/24,imports,0
大豆,Norway,2023/24,imports,0.347
大豆,Panama,2023/24,imports,0.037
大豆,Serbia,2023/24,imports,0.106
大豆,Singapore,2023/24,imports,0.021
大豆,Switzerland,2023/24,imports,0.01
大豆,Syria,2023/24,imports,0.001
大豆,Trinidad and Tobago,2023/24,imports,0.009
大豆,Uganda,2023/24,imports,0.003
大豆,United Arab Emirates,2023/24,imports,0.143
大豆,United Kingdom,2023/24,imports,0.976
大豆,Uzbekistan,2023/24,imports,0.031
大豆,Zambia,2023/24,imports,0
大豆,Zimbabwe,2023/24,imports,0.106
大豆,阿尔及利亚,2023/24,production,0
大豆,阿根廷,2023/24,production,48.21
大豆,埃及,2023/24,production,0.085
大豆,巴基斯坦,2023/24,production,0.001
大豆,巴拉圭,2023/24,production,11
大豆,巴西,2023/24,production,154.5
大豆,玻利维亚,2023/24,production,3.216
大豆,俄罗斯,2023/24,production,6.8
大豆,菲律宾,2023/24,production,0.001
大豆,哥伦比亚,2023/24,production,0.11
大豆,韩国,2023/24,production,0.141
大豆,加拿大,2023/24,production,7.035
大豆,马来西亚,2023/24,production,0
大豆,美国,2023/24,production,113.273
大豆,孟加拉国,2023/24,production,0.145
大豆,秘鲁,2023/24,production,0.003
大豆,摩洛哥,2023/24,production,0
大豆,墨西哥,2023/24,production,0.199
大豆,南非,2023/24,production,1.848
大豆,欧盟,2023/24,production,2.811
大豆,日本,2023/24,production,0.247
大豆,沙特阿拉伯,2023/24,production,0
大豆,泰国,2023/24,production,0.052
大豆,突尼斯,2023/24,production,0
大豆,土耳其,2023/24,production,0.14
大豆,委内瑞拉,2023/24,production,0.007
大豆,乌克兰,2023/24,production,5.2
大豆,乌拉圭,2023/24,production,3.293
大豆,伊朗,2023/24,production,0.165
大豆,印度,2023/24,production,11.875
大豆,印度尼西亚,2023/24,production,0.375
大豆,越南,2023/24,production,0.045
大豆,智利,2023/24,production,0
大豆,中国,2023/24,production,20.84
大豆,中国台湾,2023/24,production,0.006
大豆,Australia,2023/24,production,0.065
大豆,Barbados,2023/24,production,0
大豆,Belarus,2023/24,production,0
大豆,Benin,2023/24,production,0.521
大豆,Bosnia and Herzegovina,2023/24,production,0.007
大豆,Burma,2023/24,production,0.136
大豆,Costa Rica,2023/24,production,0
大豆,Cuba,2023/24,production,0
大豆,Ecuador,2023/24,production,0.013
大豆,Ethiopia,2023/24,production,0.24
大豆,Ghana,2023/24,production,0.36
大豆,Guatemala,2023/24,production,0.036
大豆,Iraq,2023/24,production,0
大豆,Israel,2023/24,production,0
大豆,Kazakhstan,2023/24,production,0.204
大豆,"Korea, North",2023/24,production,0.18
大豆,Lebanon,2023/24,production,0
大豆,Nicaragua,2023/24,production,0.007
大豆,Nigeria,2023/24,production,1.35
大豆,Norway,2023/24,production,0
大豆,Panama,2023/24,production,0
大豆,Serbia,2023/24,production,0.65
大豆,Singapore,2023/24,production,0
大豆,Switzerland,2023/24,production,0.008
大豆,Syria,2023/24,production,0.004
大豆,Trinidad and Tobago,2023/24,production,0
大豆,Uganda,2023/24,production,0.194
大豆,United Arab Emirates,2023/24,production,0
大豆,United Kingdom,2023/24,production,0
大豆,Uzbekistan,2023/24,production,0.019
大豆,Zambia,2023/24,production,0.76
大豆,Zimbabwe,2023/24,production,0.071
大豆,阿尔及利亚,2024/25,consumption,1.65
大豆,阿根廷,2024/25,consumption,48.936
大豆,埃及,2024/25,consumption,4.542
大豆,巴基斯坦,2024/25,consumption,1.82
大豆,巴拉圭,2024/25,consumption,3.8
大豆,巴西,2024/25,consumption,62.162
大豆,玻利维亚,2024/25,consumption,3.605
大豆,俄罗斯,2024/25,consumption,6.955
大豆,菲律宾,2024/25,consumption,0.141
大豆,哥伦比亚,2024/25,consumption,0.63
大豆,韩国,2024/25,consumption,1.31
大豆,加拿大,2024/25,consumption,2.381
大豆,马来西亚,2024/25,consumption,0.71
大豆,美国,2024/25,consumption,68.837
大豆,孟加拉国,2024/25,consumption,1.985
大豆,秘鲁,2024/25,consumption,0.202
大豆,摩洛哥,2024/25,consumption,0.034
大豆,墨西哥,2024/25,consumption,6.735
大豆,南非,2024/25,consumption,2.45
大豆,欧盟,2024/25,consumption,17.02
大豆,日本,2024/25,consumption,3.499
大豆,沙特阿拉伯,2024/25,consumption,0.167
大豆,泰国,2024/25,consumption,3.92
大豆,突尼斯,2024/25,consumption,0.52
大豆,土耳其,2024/25,consumption,4
大豆,委内瑞拉,2024/25,consumption,0.113
大豆,乌克兰,2024/25,consumption,3.075
大豆,乌拉圭,2024/25,consumption,0.45
大豆,伊朗,2024/25,consumption,2.855
大豆,印度,2024/25,consumption,13.15
大豆,印度尼西亚,2024/25,consumption,2.75
大豆,越南,2024/25,consumption,2.66
大豆,智利,2024/25,consumption,0.09
大豆,中国,2024/25,consumption,127.4
大豆,中国台湾,2024/25,consumption,2.77
大豆,Australia,2024/25,consumption,0.043
大豆,Barbados,2024/25,consumption,0.017
大豆,Belarus,2024/25,consumption,0.55
大豆,Benin,2024/25,consumption,0.615
大豆,Bosnia and Herzegovina,2024/25,consumption,0.013
大豆,Burma,2024/25,consumption,0.142
大豆,Costa Rica,2024/25,consumption,0.275
大豆,Cuba,2024/25,consumption,0
大豆,Ecuador,2024/25,consumption,0.025
大豆,Ethiopia,2024/25,consumption,0.193
大豆,Ghana,2024/25,consumption,0.305
大豆,Guatemala,2024/25,consumption,0.036
大豆,Iraq,2024/25,consumption,1.214
大豆,Israel,2024/25,consumption,0.267
大豆,Kazakhstan,2024/25,consumption,0.224
大豆,"Korea, North",2024/25,consumption,0.185
大豆,Lebanon,2024/25,consumption,0.21
大豆,Nicaragua,2024/25,consumption,0.007
大豆,Nigeria,2024/25,consumption,1.425
大豆,Norway,2024/25,consumption,0.4
大豆,Panama,2024/25,consumption,0.039
大豆,Serbia,2024/25,consumption,0.69
大豆,Singapore,2024/25,consumption,0.022
大豆,Switzerland,2024/25,consumption,0.018
大豆,Syria,2024/25,consumption,0.005
大豆,Trinidad and Tobago,2024/25,consumption,0
大豆,Uganda,2024/25,consumption,0.145
大豆,United Arab Emirates,2024/25,consumption,0.107
大豆,United Kingdom,2024/25,consumption,1.045
大豆,Uzbekistan,2024/25,consumption,0.046
大豆,Zambia,2024/25,consumption,0.21
大豆,Zimbabwe,2024/25,consumption,0.231
大豆,阿尔及利亚,2024/25,exports,0
大豆,阿根廷,2024/25,exports,7.874
大豆,埃及,2024/25,exports,0
大豆,巴基斯坦,2024/25,exports,0
大豆,巴拉圭,2024/25,exports,6.405
大豆,巴西,2024/25,exports,103.142
大豆,玻利维亚,2024/25,exports,0.053
大豆,俄罗斯,2024/25,exports,1.025
大豆,菲律宾,2024/25,exports,0
大豆,哥伦比亚,2024/25,exports,0.001
大豆,韩国,2024/25,exports,0
大豆,加拿大,2024/25,exports,5.551
大豆,马来西亚,2024/25,exports,0.01
大豆,美国,2024/25,exports,51.495
大豆,孟加拉国,2024/25,exports,0
大豆,秘鲁,2024/25,exports,0
大豆,摩洛哥,2024/25,exports,0
大豆,墨西哥,2024/25,exports,0
大豆,南非,2024/25,exports,0.261
大豆,欧盟,2024/25,exports,0.333
大豆,日本,2024/25,exports,0
大豆,沙特阿拉伯,2024/25,exports,0
大豆,泰国,2024/25,exports,0
大豆,突尼斯,2024/25,exports,0
大豆,土耳其,2024/25,exports,0.151
大豆,委内瑞拉,2024/25,exports,0
大豆,乌克兰,2024/25,exports,4.173
大豆,乌拉圭,2024/25,exports,3.594
大豆,伊朗,2024/25,exports,0
大豆,印度,2024/25,exports,0.012
大豆,印度尼西亚,2024/25,exports,0.003
大豆,越南,2024/25,exports,0
大豆,智利,2024/25,exports,0.001
大豆,中国,2024/25,exports,0.072
大豆,中国台湾,2024/25,exports,0
大豆,Australia,2024/25,exports,0.004
大豆,Barbados,2024/25,exports,0
大豆,Belarus,2024/25,exports,0.001
大豆,Benin,2024/25,exports,0.02
大豆,Bosnia and Herzegovina,2024/25,exports,0.004
大豆,Burma,2024/25,exports,0.003
大豆,Costa Rica,2024/25,exports,0
大豆,Cuba,2024/25,exports,0
大豆,Ecuador,2024/25,exports,0
大豆,Ethiopia,2024/25,exports,0.045
大豆,Ghana,2024/25,exports,0.04
大豆,Guatemala,2024/25,exports,0
大豆,Iraq,2024/25,exports,0
大豆,Israel,2024/25,exports,0
大豆,Kazakhstan,2024/25,exports,0.039
大豆,"Korea, North",2024/25,exports,0
大豆,Lebanon,2024/25,exports,0
大豆,Nicaragua,2024/25,exports,0
大豆,Nigeria,2024/25,exports,0.005
大豆,Norway,2024/25,exports,0
大豆,Panama,2024/25,exports,0
大豆,Serbia,2024/25,exports,0.006
大豆,Singapore,2024/25,exports,0
大豆,Switzerland,2024/25,exports,0
大豆,Syria,2024/25,exports,0
大豆,Trinidad and Tobago,2024/25,exports,0
大豆,Uganda,2024/25,exports,0.005
大豆,United Arab Emirates,2024/25,exports,0
大豆,United Kingdom,2024/25,exports,0.001
大豆,Uzbekistan,2024/25,exports,0
大豆,Zambia,2024/25,exports,0.001
大豆,Zimbabwe,2024/25,exports,0
大豆,阿尔及利亚,2024/25,imports,1.626
大豆,阿根廷,2024/25,imports,6.324
大豆,埃及,2024/25,imports,4.543
大豆,巴基斯坦,2024/25,imports,1.939
大豆,巴拉圭,2024/25,imports,0.004
大豆,巴西,2024/25,imports,0.731
大豆,玻利维亚,2024/25,imports,0.002
大豆,俄罗斯,2024/25,imports,1
大豆,菲律宾,2024/25,imports,0.136
大豆,哥伦比亚,2024/25,imports,0.561
大豆,韩国,2024/25,imports,1.128
大豆,加拿大,2024/25,imports,0.25
大豆,马来西亚,2024/25,imports,0.727
大豆,美国,2024/25,imports,0.806
大豆,孟加拉国,2024/25,imports,1.815
大豆,秘鲁,2024/25,imports,0.199
大豆,摩洛哥,2024/25,imports,0.034
大豆,墨西哥,2024/25,imports,6.434
大豆,南非,2024/25,imports,0.016
大豆,欧盟,2024/25,imports,14.71
大豆,日本,2024/25,imports,3.243
大豆,沙特阿拉伯,2024/25,imports,0.168
大豆,泰国,2024/25,imports,4.19
大豆,突尼斯,2024/25,imports,0.507
大豆,土耳其,2024/25,imports,4.183
大豆,委内瑞拉,2024/25,imports,0.1
大豆,乌克兰,2024/25,imports,0.001
大豆,乌拉圭,2024/25,imports,0.005
大豆,伊朗,2024/25,imports,2.693
大豆,印度,2024/25,imports,0.004
大豆,印度尼西亚,2024/25,imports,2.439
大豆,越南,2024/25,imports,2.609
大豆,智利,2024/25,imports,0.091
大豆,中国,2024/25,imports,108
大豆,中国台湾,2024/25,imports,2.768
大豆,Australia,2024/25,imports,0.002
大豆,Barbados,2024/25,imports,0.017
大豆,Belarus,2024/25,imports,0.55
大豆,Benin,2024/25,imports,0
大豆,Bosnia and Herzegovina,2024/25,imports,0.01
大豆,Burma,2024/25,imports,0.005
大豆,Costa Rica,2024/25,imports,0.281
大豆,Cuba,2024/25,imports,0
大豆,Ecuador,2024/25,imports,0
大豆,Ethiopia,2024/25,imports,0
大豆,Ghana,2024/25,imports,0
大豆,Guatemala,2024/25,imports,0
大豆,Iraq,2024/25,imports,1.438
大豆,Israel,2024/25,imports,0.266
大豆,Kazakhstan,2024/25,imports,0.055
大豆,"Korea, North",2024/25,imports,0.005
大豆,Lebanon,2024/25,imports,0.22
大豆,Nicaragua,2024/25,imports,0
大豆,Nigeria,2024/25,imports,0.193
大豆,Norway,2024/25,imports,0.399
大豆,Panama,2024/25,imports,0.039
大豆,Serbia,2024/25,imports,0.259
大豆,Singapore,2024/25,imports,0.022
大豆,Switzerland,2024/25,imports,0.01
大豆,Syria,2024/25,imports,0.001
大豆,Trinidad and Tobago,2024/25,imports,0
大豆,Uganda,2024/25,imports,0
大豆,United Arab Emirates,2024/25,imports,0.1
大豆,United Kingdom,2024/25,imports,1.079
大豆,Uzbekistan,2024/25,imports,0.033
大豆,Zambia,2024/25,imports,0.001
大豆,Zimbabwe,2024/25,imports,0.175
大豆,阿尔及利亚,2024/25,production,0
大豆,阿根廷,2024/25,production,51.108
大豆,埃及,2024/25,production,0.085
大豆,巴基斯坦,2024/25,production,0.001
大豆,巴拉圭,2024/25,production,10.2
大豆,巴西,2024/25,production,172.5
大豆,玻利维亚,2024/25,production,3.7
大豆,俄罗斯,2024/25,production,7.05
大豆,菲律宾,2024/25,production,0.001
大豆,哥伦比亚,2024/25,production,0.115
大豆,韩国,2024/25,production,0.155
大豆,加拿大,2024/25,production,7.728
大豆,马来西亚,2024/25,production,0
大豆,美国,2024/25,production,119.047
大豆,孟加拉国,2024/25,production,0.17
大豆,秘鲁,2024/25,production,0.003
大豆,摩洛哥,2024/25,production,0
大豆,墨西哥,2024/25,production,0.278
大豆,南非,2024/25,production,2.8
大豆,欧盟,2024/25,production,2.911
大豆,日本,2024/25,production,0.252
大豆,沙特阿拉伯,2024/25,production,0
大豆,泰国,2024/25,production,0.052
大豆,突尼斯,2024/25,production,0
大豆,土耳其,2024/25,production,0.15
大豆,委内瑞拉,2024/25,production,0.006
大豆,乌克兰,2024/25,production,7.2
大豆,乌拉圭,2024/25,production,4.239
大豆,伊朗,2024/25,production,0.17
大豆,印度,2024/25,production,12.882
大豆,印度尼西亚,2024/25,production,0.35
大豆,越南,2024/25,production,0.043
大豆,智利,2024/25,production,0
大豆,中国,2024/25,production,20.65
大豆,中国台湾,2024/25,production,0.006
大豆,Australia,2024/25,production,0.047
大豆,Barbados,2024/25,production,0
大豆,Belarus,2024/25,production,0
大豆,Benin,2024/25,production,0.652
大豆,Bosnia and Herzegovina,2024/25,production,0.007
大豆,Burma,2024/25,production,0.14
大豆,Costa Rica,2024/25,production,0
大豆,Cuba,2024/25,production,0
大豆,Ecuador,2024/25,production,0.025
大豆,Ethiopia,2024/25,production,0.25
大豆,Ghana,2024/25,production,0.358
大豆,Guatemala,2024/25,production,0.036
大豆,Iraq,2024/25,production,0
大豆,Israel,2024/25,production,0
大豆,Kazakhstan,2024/25,production,0.208
大豆,"Korea, North",2024/25,production,0.18
大豆,Lebanon,2024/25,production,0
大豆,Nicaragua,2024/25,production,0.007
大豆,Nigeria,2024/25,production,1.4
大豆,Norway,2024/25,production,0
大豆,Panama,2024/25,production,0
大豆,Serbia,2024/25,production,0.47
大豆,Singapore,2024/25,production,0
大豆,Switzerland,2024/25,production,0.008
大豆,Syria,2024/25,production,0.004
大豆,Trinidad and Tobago,2024/25,production,0
大豆,Uganda,2024/25,production,0.15
大豆,United Arab Emirates,2024/25,production,0
大豆,United Kingdom,2024/25,production,0
大豆,Uzbekistan,2024/25,production,0.013
大豆,Zambia,2024/25,production,0.17
大豆,Zimbabwe,2024/25,production,0.069
大豆,阿尔及利亚,2025/26,consumption,2.225
大豆,阿根廷,2025/26,consumption,48.9
大豆,埃及,2025/26,consumption,4.642
大豆,巴基斯坦,2025/26,consumption,2.925
大豆,巴拉圭,2025/26,consumption,3.73
大豆,巴西,2025/26,consumption,65.9
大豆,玻利维亚,2025/26,consumption,3.53
大豆,俄罗斯,2025/26,consumption,7.44
大豆,菲律宾,2025/26,consumption,0.151
大豆,哥伦比亚,2025/26,consumption,0.63
大豆,韩国,2025/26,consumption,1.305
大豆,加拿大,2025/26,consumption,2.05
大豆,马来西亚,2025/26,consumption,0.675
大豆,美国,2025/26,consumption,75.163
大豆,孟加拉国,2025/26,consumption,2.505
大豆,秘鲁,2025/26,consumption,0.277
大豆,摩洛哥,2025/26,consumption,0.05
大豆,墨西哥,2025/26,consumption,6.945
大豆,南非,2025/26,consumption,2.525
大豆,欧盟,2025/26,consumption,16.37
大豆,日本,2025/26,consumption,3.34
大豆,沙特阿拉伯,2025/26,consumption,0.297
大豆,泰国,2025/26,consumption,4.24
大豆,突尼斯,2025/26,consumption,0.565
大豆,土耳其,2025/26,consumption,3.95
大豆,委内瑞拉,2025/26,consumption,0.133
大豆,乌克兰,2025/26,consumption,3.175
大豆,乌拉圭,2025/26,consumption,0.25
大豆,伊朗,2025/26,consumption,2.505
大豆,印度,2025/26,consumption,11.625
大豆,印度尼西亚,2025/26,consumption,3.06
大豆,越南,2025/26,consumption,3.04
大豆,智利,2025/26,consumption,0.095
大豆,中国,2025/26,consumption,133.9
大豆,中国台湾,2025/26,consumption,2.8
大豆,Australia,2025/26,consumption,0.042
大豆,Barbados,2025/26,consumption,0.015
大豆,Belarus,2025/26,consumption,0.6
大豆,Benin,2025/26,consumption,0.67
大豆,Bosnia and Herzegovina,2025/26,consumption,0.013
大豆,Burma,2025/26,consumption,0.145
大豆,Costa Rica,2025/26,consumption,0.275
大豆,Cuba,2025/26,consumption,0.015
大豆,Ecuador,2025/26,consumption,0.019
大豆,Ethiopia,2025/26,consumption,0.208
大豆,Ghana,2025/26,consumption,0.28
大豆,Guatemala,2025/26,consumption,0.036
大豆,Iraq,2025/26,consumption,0.835
大豆,Israel,2025/26,consumption,0.317
大豆,Kazakhstan,2025/26,consumption,0.18
大豆,"Korea, North",2025/26,consumption,0.185
大豆,Lebanon,2025/26,consumption,0.2
大豆,Nicaragua,2025/26,consumption,0.007
大豆,Nigeria,2025/26,consumption,1.4
大豆,Norway,2025/26,consumption,0.425
大豆,Panama,2025/26,consumption,0.05
大豆,Serbia,2025/26,consumption,0.69
大豆,Singapore,2025/26,consumption,0.02
大豆,Switzerland,2025/26,consumption,0.018
大豆,Syria,2025/26,consumption,0.005
大豆,Trinidad and Tobago,2025/26,consumption,0.01
大豆,Uganda,2025/26,consumption,0.145
大豆,United Arab Emirates,2025/26,consumption,0.074
大豆,United Kingdom,2025/26,consumption,0.97
大豆,Uzbekistan,2025/26,consumption,0.055
大豆,Zambia,2025/26,consumption,0.285
大豆,Zimbabwe,2025/26,consumption,0.231
大豆,阿尔及利亚,2025/26,exports,0
大豆,阿根廷,2025/26,exports,9
大豆,埃及,2025/26,exports,0
大豆,巴基斯坦,2025/26,exports,0
大豆,巴拉圭,2025/26,exports,8.2
大豆,巴西,2025/26,exports,115
大豆,玻利维亚,2025/26,exports,0.3
大豆,俄罗斯,2025/26,exports,2
大豆,菲律宾,2025/26,exports,0
大豆,哥伦比亚,2025/26,exports,0
大豆,韩国,2025/26,exports,0
大豆,加拿大,2025/26,exports,5.3
大豆,马来西亚,2025/26,exports,0.012
大豆,美国,2025/26,exports,41.368
大豆,孟加拉国,2025/26,exports,0
大豆,秘鲁,2025/26,exports,0
大豆,摩洛哥,2025/26,exports,0
大豆,墨西哥,2025/26,exports,0.01
大豆,南非,2025/26,exports,0.45
大豆,欧盟,2025/26,exports,0.3
大豆,日本,2025/26,exports,0
大豆,沙特阿拉伯,2025/26,exports,0
大豆,泰国,2025/26,exports,0
大豆,突尼斯,2025/26,exports,0
大豆,土耳其,2025/26,exports,0.2
大豆,委内瑞拉,2025/26,exports,0
大豆,乌克兰,2025/26,exports,2.3
大豆,乌拉圭,2025/26,exports,2.1
大豆,伊朗,2025/26,exports,0
大豆,印度,2025/26,exports,0.02
大豆,印度尼西亚,2025/26,exports,0.002
大豆,越南,2025/26,exports,0
大豆,智利,2025/26,exports,0.002
大豆,中国,2025/26,exports,0.12
大豆,中国台湾,2025/26,exports,0
大豆,Australia,2025/26,exports,0.01
大豆,Barbados,2025/26,exports,0
大豆,Belarus,2025/26,exports,0.001
大豆,Benin,2025/26,exports,0.02
大豆,Bosnia and Herzegovina,2025/26,exports,0.004
大豆,Burma,2025/26,exports,0.005
大豆,Costa Rica,2025/26,exports,0
大豆,Cuba,2025/26,exports,0
大豆,Ecuador,2025/26,exports,0
大豆,Ethiopia,2025/26,exports,0.05
大豆,Ghana,2025/26,exports,0.08
大豆,Guatemala,2025/26,exports,0
大豆,Iraq,2025/26,exports,0
大豆,Israel,2025/26,exports,0
大豆,Kazakhstan,2025/26,exports,0.08
大豆,"Korea, North",2025/26,exports,0
大豆,Lebanon,2025/26,exports,0
大豆,Nicaragua,2025/26,exports,0
大豆,Nigeria,2025/26,exports,0.125
大豆,Norway,2025/26,exports,0
大豆,Panama,2025/26,exports,0
大豆,Serbia,2025/26,exports,0.01
大豆,Singapore,2025/26,exports,0
大豆,Switzerland,2025/26,exports,0
大豆,Syria,2025/26,exports,0
大豆,Trinidad and Tobago,2025/26,exports,0
大豆,Uganda,2025/26,exports,0.005
大豆,United Arab Emirates,2025/26,exports,0
大豆,United Kingdom,2025/26,exports,0.003
大豆,Uzbekistan,2025/26,exports,0
大豆,Zambia,2025/26,exports,0.001
大豆,Zimbabwe,2025/26,exports,0
大豆,阿尔及利亚,2025/26,imports,2.25
大豆,阿根廷,2025/26,imports,7.05
大豆,埃及,2025/26,imports,4.6
大豆,巴基斯坦,2025/26,imports,3
大豆,巴拉圭,2025/26,imports,0.02
大豆,巴西,2025/26,imports,0.9
大豆,玻利维亚,2025/26,imports,0.005
大豆,俄罗斯,2025/26,imports,0.6
大豆,菲律宾,2025/26,imports,0.15
大豆,哥伦比亚,2025/26,imports,0.53
大豆,韩国,2025/26,imports,1.16
大豆,加拿大,2025/26,imports,0.31
大豆,马来西亚,2025/26,imports,0.67
大豆,美国,2025/26,imports,0.68
大豆,孟加拉国,2025/26,imports,2.4
大豆,秘鲁,2025/26,imports,0.275
大豆,摩洛哥,2025/26,imports,0.05
大豆,墨西哥,2025/26,imports,6.7
大豆,南非,2025/26,imports,0.05
大豆,欧盟,2025/26,imports,13.8
大豆,日本,2025/26,imports,3.1
大豆,沙特阿拉伯,2025/26,imports,0.3
大豆,泰国,2025/26,imports,4.2
大豆,突尼斯,2025/26,imports,0.58
大豆,土耳其,2025/26,imports,4
大豆,委内瑞拉,2025/26,imports,0.13
大豆,乌克兰,2025/26,imports,0.002
大豆,乌拉圭,2025/26,imports,0.01
大豆,伊朗,2025/26,imports,2.15
大豆,印度,2025/26,imports,0.7
大豆,印度尼西亚,2025/26,imports,2.75
大豆,越南,2025/26,imports,3.05
大豆,智利,2025/26,imports,0.1
大豆,中国,2025/26,imports,113
大豆,中国台湾,2025/26,imports,2.8
大豆,Australia,2025/26,imports,0.002
大豆,Barbados,2025/26,imports,0.015
大豆,Belarus,2025/26,imports,0.6
大豆,Benin,2025/26,imports,0
大豆,Bosnia and Herzegovina,2025/26,imports,0.01
大豆,Burma,2025/26,imports,0.01
大豆,Costa Rica,2025/26,imports,0.28
大豆,Cuba,2025/26,imports,0.015
大豆,Ecuador,2025/26,imports,0
大豆,Ethiopia,2025/26,imports,0
大豆,Ghana,2025/26,imports,0
大豆,Guatemala,2025/26,imports,0
大豆,Iraq,2025/26,imports,0.65
大豆,Israel,2025/26,imports,0.32
大豆,Kazakhstan,2025/26,imports,0.05
大豆,"Korea, North",2025/26,imports,0.005
大豆,Lebanon,2025/26,imports,0.2
大豆,Nicaragua,2025/26,imports,0
大豆,Nigeria,2025/26,imports,0.001
大豆,Norway,2025/26,imports,0.425
大豆,Panama,2025/26,imports,0.05
大豆,Serbia,2025/26,imports,0.35
大豆,Singapore,2025/26,imports,0.02
大豆,Switzerland,2025/26,imports,0.01
大豆,Syria,2025/26,imports,0.001
大豆,Trinidad and Tobago,2025/26,imports,0.01
大豆,Uganda,2025/26,imports,0
大豆,United Arab Emirates,2025/26,imports,0.075
大豆,United Kingdom,2025/26,imports,0.95
大豆,Uzbekistan,2025/26,imports,0.045
大豆,Zambia,2025/26,imports,0.001
大豆,Zimbabwe,2025/26,imports,0.175
大豆,阿尔及利亚,2025/26,production,0
大豆,阿根廷,2025/26,production,50
大豆,埃及,2025/26,production,0.085
大豆,巴基斯坦,2025/26,production,0.001
大豆,巴拉圭,2025/26,production,12.1
大豆,巴西,2025/26,production,180
大豆,玻利维亚,2025/26,production,3.9
大豆,俄罗斯,2025/26,production,9
大豆,菲律宾,2025/26,production,0.001
大豆,哥伦比亚,2025/26,production,0.135
大豆,韩国,2025/26,production,0.156
大豆,加拿大,2025/26,production,6.918
大豆,马来西亚,2025/26,production,0
大豆,美国,2025/26,production,115.989
大豆,孟加拉国,2025/26,production,0.175
大豆,秘鲁,2025/26,production,0.003
大豆,摩洛哥,2025/26,production,0
大豆,墨西哥,2025/26,production,0.305
大豆,南非,2025/26,production,3.05
大豆,欧盟,2025/26,production,2.854
大豆,日本,2025/26,production,0.239
大豆,沙特阿拉伯,2025/26,production,0
大豆,泰国,2025/26,production,0.051
大豆,突尼斯,2025/26,production,0
大豆,土耳其,2025/26,production,0.15
大豆,委内瑞拉,2025/26,production,0.007
大豆,乌克兰,2025/26,production,5.5
大豆,乌拉圭,2025/26,production,2.1
大豆,伊朗,2025/26,production,0.17
大豆,印度,2025/26,production,11.027
大豆,印度尼西亚,2025/26,production,0.32
大豆,越南,2025/26,production,0.041
大豆,智利,2025/26,production,0
大豆,中国,2025/26,production,20.9
大豆,中国台湾,2025/26,production,0.007
大豆,Australia,2025/26,production,0.052
大豆,Barbados,2025/26,production,0
大豆,Belarus,2025/26,production,0
大豆,Benin,2025/26,production,0.7
大豆,Bosnia and Herzegovina,2025/26,production,0.007
大豆,Burma,2025/26,production,0.14
大豆,Costa Rica,2025/26,production,0
大豆,Cuba,2025/26,production,0
大豆,Ecuador,2025/26,production,0.019
大豆,Ethiopia,2025/26,production,0.26
大豆,Ghana,2025/26,production,0.36
大豆,Guatemala,2025/26,production,0.036
大豆,Iraq,2025/26,production,0
大豆,Israel,2025/26,production,0
大豆,Kazakhstan,2025/26,production,0.213
大豆,"Korea, North",2025/26,production,0.18
大豆,Lebanon,2025/26,production,0
大豆,Nicaragua,2025/26,production,0.007
大豆,Nigeria,2025/26,production,1.5
大豆,Norway,2025/26,production,0
大豆,Panama,2025/26,production,0
大豆,Serbia,2025/26,production,0.3
大豆,Singapore,2025/26,production,0
大豆,Switzerland,2025/26,production,0.008
大豆,Syria,2025/26,production,0.004
大豆,Trinidad and Tobago,2025/26,production,0
大豆,Uganda,2025/26,production,0.15
大豆,United Arab Emirates,2025/26,production,0
大豆,United Kingdom,2025/26,production,0
大豆,Uzbekistan,2025/26,production,0.01
大豆,Zambia,2025/26,production,0.289
大豆,Zimbabwe,2025/26,production,0.042
大豆,阿尔及利亚,2026/27,consumption,2.45
大豆,阿根廷,2026/27,consumption,49.9
大豆,埃及,2026/27,consumption,5.042
大豆,巴基斯坦,2026/27,consumption,3.325
大豆,巴拉圭,2026/27,consumption,3.73
大豆,巴西,2026/27,consumption,69.6
大豆,玻利维亚,2026/27,consumption,3.7
大豆,俄罗斯,2026/27,consumption,7.09
大豆,菲律宾,2026/27,consumption,0.161
大豆,哥伦比亚,2026/27,consumption,0.685
大豆,韩国,2026/27,consumption,1.355
大豆,加拿大,2026/27,consumption,2.2
大豆,马来西亚,2026/27,consumption,0.72
大豆,美国,2026/27,consumption,77.835
大豆,孟加拉国,2026/27,consumption,2.645
大豆,秘鲁,2026/27,consumption,0.302
大豆,摩洛哥,2026/27,consumption,0.055
大豆,墨西哥,2026/27,consumption,7.045
大豆,南非,2026/27,consumption,2.625
大豆,欧盟,2026/27,consumption,16.02
大豆,日本,2026/27,consumption,3.39
大豆,沙特阿拉伯,2026/27,consumption,0.322
大豆,泰国,2026/27,consumption,4.32
大豆,突尼斯,2026/27,consumption,0.6
大豆,土耳其,2026/27,consumption,4.5
大豆,委内瑞拉,2026/27,consumption,0.134
大豆,乌克兰,2026/27,consumption,3.175
大豆,乌拉圭,2026/27,consumption,0.3
大豆,伊朗,2026/27,consumption,2.205
大豆,印度,2026/27,consumption,11.875
大豆,印度尼西亚,2026/27,consumption,3.115
大豆,越南,2026/27,consumption,3.505
大豆,智利,2026/27,consumption,0.1
大豆,中国,2026/27,consumption,136
大豆,中国台湾,2026/27,consumption,2.82
大豆,Australia,2026/27,consumption,0.047
大豆,Barbados,2026/27,consumption,0.015
大豆,Belarus,2026/27,consumption,0.65
大豆,Benin,2026/27,consumption,0.68
大豆,Bosnia and Herzegovina,2026/27,consumption,0.013
大豆,Burma,2026/27,consumption,0.145
大豆,Costa Rica,2026/27,consumption,0.275
大豆,Cuba,2026/27,consumption,0.015
大豆,Ecuador,2026/27,consumption,0.025
大豆,Ethiopia,2026/27,consumption,0.21
大豆,Ghana,2026/27,consumption,0.28
大豆,Guatemala,2026/27,consumption,0.025
大豆,Iraq,2026/27,consumption,0.97
大豆,Israel,2026/27,consumption,0.302
大豆,Kazakhstan,2026/27,consumption,0.245
大豆,"Korea, North",2026/27,consumption,0.185
大豆,Lebanon,2026/27,consumption,0.2
大豆,Nicaragua,2026/27,consumption,0.007
大豆,Nigeria,2026/27,consumption,1.45
大豆,Norway,2026/27,consumption,0.425
大豆,Panama,2026/27,consumption,0.05
大豆,Serbia,2026/27,consumption,0.715
大豆,Singapore,2026/27,consumption,0.022
大豆,Switzerland,2026/27,consumption,0.018
大豆,Syria,2026/27,consumption,0.005
大豆,Trinidad and Tobago,2026/27,consumption,0.01
大豆,Uganda,2026/27,consumption,0.145
大豆,United Arab Emirates,2026/27,consumption,0.075
大豆,United Kingdom,2026/27,consumption,1.045
大豆,Uzbekistan,2026/27,consumption,0.05
大豆,Zambia,2026/27,consumption,0.335
大豆,Zimbabwe,2026/27,consumption,0.235
大豆,阿尔及利亚,2026/27,exports,0
大豆,阿根廷,2026/27,exports,6.2
大豆,埃及,2026/27,exports,0
大豆,巴基斯坦,2026/27,exports,0
大豆,巴拉圭,2026/27,exports,7.35
大豆,巴西,2026/27,exports,118
大豆,玻利维亚,2026/27,exports,0.3
大豆,俄罗斯,2026/27,exports,1.5
大豆,菲律宾,2026/27,exports,0
大豆,哥伦比亚,2026/27,exports,0
大豆,韩国,2026/27,exports,0
大豆,加拿大,2026/27,exports,5.4
大豆,马来西亚,2026/27,exports,0.015
大豆,美国,2026/27,exports,45.178
大豆,孟加拉国,2026/27,exports,0
大豆,秘鲁,2026/27,exports,0
大豆,摩洛哥,2026/27,exports,0
大豆,墨西哥,2026/27,exports,0.01
大豆,南非,2026/27,exports,0.325
大豆,欧盟,2026/27,exports,0.25
大豆,日本,2026/27,exports,0
大豆,沙特阿拉伯,2026/27,exports,0
大豆,泰国,2026/27,exports,0
大豆,突尼斯,2026/27,exports,0
大豆,土耳其,2026/27,exports,0.16
大豆,委内瑞拉,2026/27,exports,0
大豆,乌克兰,2026/27,exports,2.4
大豆,乌拉圭,2026/27,exports,2.9
大豆,伊朗,2026/27,exports,0
大豆,印度,2026/27,exports,0.025
大豆,印度尼西亚,2026/27,exports,0.002
大豆,越南,2026/27,exports,0
大豆,智利,2026/27,exports,0.002
大豆,中国,2026/27,exports,0.1
大豆,中国台湾,2026/27,exports,0
大豆,Australia,2026/27,exports,0.015
大豆,Barbados,2026/27,exports,0
大豆,Belarus,2026/27,exports,0.001
大豆,Benin,2026/27,exports,0.02
大豆,Bosnia and Herzegovina,2026/27,exports,0.004
大豆,Burma,2026/27,exports,0.005
大豆,Costa Rica,2026/27,exports,0
大豆,Cuba,2026/27,exports,0
大豆,Ecuador,2026/27,exports,0
大豆,Ethiopia,2026/27,exports,0.05
大豆,Ghana,2026/27,exports,0.08
大豆,Guatemala,2026/27,exports,0
大豆,Iraq,2026/27,exports,0
大豆,Israel,2026/27,exports,0
大豆,Kazakhstan,2026/27,exports,0.05
大豆,"Korea, North",2026/27,exports,0
大豆,Lebanon,2026/27,exports,0
大豆,Nicaragua,2026/27,exports,0
大豆,Nigeria,2026/27,exports,0.05
大豆,Norway,2026/27,exports,0
大豆,Panama,2026/27,exports,0
大豆,Serbia,2026/27,exports,0.01
大豆,Singapore,2026/27,exports,0
大豆,Switzerland,2026/27,exports,0
大豆,Syria,2026/27,exports,0
大豆,Trinidad and Tobago,2026/27,exports,0
大豆,Uganda,2026/27,exports,0.005
大豆,United Arab Emirates,2026/27,exports,0
大豆,United Kingdom,2026/27,exports,0.001
大豆,Uzbekistan,2026/27,exports,0
大豆,Zambia,2026/27,exports,0.001
大豆,Zimbabwe,2026/27,exports,0
大豆,阿尔及利亚,2026/27,imports,2.6
大豆,阿根廷,2026/27,imports,6.5
大豆,埃及,2026/27,imports,5
大豆,巴基斯坦,2026/27,imports,3.3
大豆,巴拉圭,2026/27,imports,0.02
大豆,巴西,2026/27,imports,0.8
大豆,玻利维亚,2026/27,imports,0.005
大豆,俄罗斯,2026/27,imports,0.4
大豆,菲律宾,2026/27,imports,0.16
大豆,哥伦比亚,2026/27,imports,0.56
大豆,韩国,2026/27,imports,1.2
大豆,加拿大,2026/27,imports,0.3
大豆,马来西亚,2026/27,imports,0.75
大豆,美国,2026/27,imports,0.68
大豆,孟加拉国,2026/27,imports,2.5
大豆,秘鲁,2026/27,imports,0.3
大豆,摩洛哥,2026/27,imports,0.055
大豆,墨西哥,2026/27,imports,6.75
大豆,南非,2026/27,imports,0.01
大豆,欧盟,2026/27,imports,13.2
大豆,日本,2026/27,imports,3.15
大豆,沙特阿拉伯,2026/27,imports,0.325
大豆,泰国,2026/27,imports,4.3
大豆,突尼斯,2026/27,imports,0.6
大豆,土耳其,2026/27,imports,4.55
大豆,委内瑞拉,2026/27,imports,0.13
大豆,乌克兰,2026/27,imports,0.001
大豆,乌拉圭,2026/27,imports,0.01
大豆,伊朗,2026/27,imports,2
大豆,印度,2026/27,imports,0.2
大豆,印度尼西亚,2026/27,imports,2.85
大豆,越南,2026/27,imports,3.5
大豆,智利,2026/27,imports,0.1
大豆,中国,2026/27,imports,115
大豆,中国台湾,2026/27,imports,2.8
大豆,Australia,2026/27,imports,0.002
大豆,Barbados,2026/27,imports,0.015
大豆,Belarus,2026/27,imports,0.65
大豆,Benin,2026/27,imports,0
大豆,Bosnia and Herzegovina,2026/27,imports,0.01
大豆,Burma,2026/27,imports,0.01
大豆,Costa Rica,2026/27,imports,0.28
大豆,Cuba,2026/27,imports,0.015
大豆,Ecuador,2026/27,imports,0
大豆,Ethiopia,2026/27,imports,0
大豆,Ghana,2026/27,imports,0
大豆,Guatemala,2026/27,imports,0
大豆,Iraq,2026/27,imports,1
大豆,Israel,2026/27,imports,0.3
大豆,Kazakhstan,2026/27,imports,0.075
大豆,"Korea, North",2026/27,imports,0.005
大豆,Lebanon,2026/27,imports,0.2
大豆,Nicaragua,2026/27,imports,0
大豆,Nigeria,2026/27,imports,0.001
大豆,Norway,2026/27,imports,0.425
大豆,Panama,2026/27,imports,0.05
大豆,Serbia,2026/27,imports,0.25
大豆,Singapore,2026/27,imports,0.022
大豆,Switzerland,2026/27,imports,0.01
大豆,Syria,2026/27,imports,0.001
大豆,Trinidad and Tobago,2026/27,imports,0.01
大豆,Uganda,2026/27,imports,0
大豆,United Arab Emirates,2026/27,imports,0.075
大豆,United Kingdom,2026/27,imports,1.05
大豆,Uzbekistan,2026/27,imports,0.03
大豆,Zambia,2026/27,imports,0.001
大豆,Zimbabwe,2026/27,imports,0.175
大豆,阿尔及利亚,2026/27,production,0
大豆,阿根廷,2026/27,production,50
大豆,埃及,2026/27,production,0.085
大豆,巴基斯坦,2026/27,production,0.001
大豆,巴拉圭,2026/27,production,11.1
大豆,巴西,2026/27,production,186
大豆,玻利维亚,2026/27,production,4
大豆,俄罗斯,2026/27,production,8
大豆,菲律宾,2026/27,production,0.001
大豆,哥伦比亚,2026/27,production,0.14
大豆,韩国,2026/27,production,0.154
大豆,加拿大,2026/27,production,7.4
大豆,马来西亚,2026/27,production,0
大豆,美国,2026/27,production,121.79
大豆,孟加拉国,2026/27,production,0.18
大豆,秘鲁,2026/27,production,0.003
大豆,摩洛哥,2026/27,production,0
大豆,墨西哥,2026/27,production,0.315
大豆,南非,2026/27,production,2.8
大豆,欧盟,2026/27,production,2.975
大豆,日本,2026/27,production,0.245
大豆,沙特阿拉伯,2026/27,production,0
大豆,泰国,2026/27,production,0.051
大豆,突尼斯,2026/27,production,0
大豆,土耳其,2026/27,production,0.16
大豆,委内瑞拉,2026/27,production,0.007
大豆,乌克兰,2026/27,production,5.6
大豆,乌拉圭,2026/27,production,3.1
大豆,伊朗,2026/27,production,0.17
大豆,印度,2026/27,production,11.5
大豆,印度尼西亚,2026/27,production,0.29
大豆,越南,2026/27,production,0.04
大豆,智利,2026/27,production,0
大豆,中国,2026/27,production,21
大豆,中国台湾,2026/27,production,0.007
大豆,Australia,2026/27,production,0.06
大豆,Barbados,2026/27,production,0
大豆,Belarus,2026/27,production,0
大豆,Benin,2026/27,production,0.7
大豆,Bosnia and Herzegovina,2026/27,production,0.007
大豆,Burma,2026/27,production,0.14
大豆,Costa Rica,2026/27,production,0
大豆,Cuba,2026/27,production,0
大豆,Ecuador,2026/27,production,0.025
大豆,Ethiopia,2026/27,production,0.26
大豆,Ghana,2026/27,production,0.36
大豆,Guatemala,2026/27,production,0.025
大豆,Iraq,2026/27,production,0
大豆,Israel,2026/27,production,0
大豆,Kazakhstan,2026/27,production,0.22
大豆,"Korea, North",2026/27,production,0.18
大豆,Lebanon,2026/27,production,0
大豆,Nicaragua,2026/27,production,0.007
大豆,Nigeria,2026/27,production,1.5
大豆,Norway,2026/27,production,0
大豆,Panama,2026/27,production,0
大豆,Serbia,2026/27,production,0.495
大豆,Singapore,2026/27,production,0
大豆,Switzerland,2026/27,production,0.008
大豆,Syria,2026/27,production,0.004
大豆,Trinidad and Tobago,2026/27,production,0
大豆,Uganda,2026/27,production,0.15
大豆,United Arab Emirates,2026/27,production,0
大豆,United Kingdom,2026/27,production,0
大豆,Uzbekistan,2026/27,production,0.021
大豆,Zambia,2026/27,production,0.34
大豆,Zimbabwe,2026/27,production,0.085
豆粕,阿尔及利亚,2000/01,consumption,0.367
豆粕,阿根廷,2000/01,consumption,0.325
豆粕,埃及,2000/01,consumption,1.249
豆粕,巴基斯坦,2000/01,consumption,0.207
豆粕,巴拉圭,2000/01,consumption,0.225
豆粕,巴西,2000/01,consumption,7.063
豆粕,玻利维亚,2000/01,consumption,0.139
豆粕,俄罗斯,2000/01,consumption,0.497
豆粕,菲律宾,2000/01,consumption,1.59
豆粕,哥伦比亚,2000/01,consumption,0.42
豆粕,韩国,2000/01,consumption,2.198
豆粕,加拿大,2000/01,consumption,2.128
豆粕,马来西亚,2000/01,consumption,0.822
豆粕,美国,2000/01,consumption,28.363
豆粕,秘鲁,2000/01,consumption,0.426
豆粕,摩洛哥,2000/01,consumption,0.215
豆粕,墨西哥,2000/01,consumption,3.838
豆粕,南非,2000/01,consumption,0.549
豆粕,欧盟,2000/01,consumption,30.91
豆粕,日本,2000/01,consumption,3.559
豆粕,沙特阿拉伯,2000/01,consumption,0.57
豆粕,泰国,2000/01,consumption,2.523
豆粕,突尼斯,2000/01,consumption,0.27
豆粕,土耳其,2000/01,consumption,0.511
豆粕,委内瑞拉,2000/01,consumption,0.694
豆粕,乌克兰,2000/01,consumption,0.078
豆粕,乌拉圭,2000/01,consumption,0.041
豆粕,伊朗,2000/01,consumption,0.91
豆粕,印度,2000/01,consumption,1.305
豆粕,印度尼西亚,2000/01,consumption,1.61
豆粕,越南,2000/01,consumption,0.432
豆粕,智利,2000/01,consumption,0.499
豆粕,中国,2000/01,consumption,14.995
豆粕,中国台湾,2000/01,consumption,1.641
豆粕,Australia,2000/01,consumption,0.293
豆粕,Barbados,2000/01,consumption,0
豆粕,Belarus,2000/01,consumption,0.009
豆粕,Bosnia and Herzegovina,2000/01,consumption,0.001
豆粕,Costa Rica,2000/01,consumption,0.164
豆粕,Cuba,2000/01,consumption,0.165
豆粕,Dominican Republic,2000/01,consumption,0.364
豆粕,Ecuador,2000/01,consumption,0.252
豆粕,El Salvador,2000/01,consumption,0.15
豆粕,Georgia,2000/01,consumption,0.001
豆粕,Guatemala,2000/01,consumption,0.212
豆粕,Guyana,2000/01,consumption,0.008
豆粕,Honduras,2000/01,consumption,0.114
豆粕,Iraq,2000/01,consumption,0.025
豆粕,Israel,2000/01,consumption,0.498
豆粕,Jamaica,2000/01,consumption,0.08
豆粕,Jordan,2000/01,consumption,0.352
豆粕,Kazakhstan,2000/01,consumption,0.002
豆粕,Kenya,2000/01,consumption,0.005
豆粕,"Korea, North",2000/01,consumption,0.268
豆粕,Lebanon,2000/01,consumption,0.116
豆粕,Libya,2000/01,consumption,0.012
豆粕,New Zealand,2000/01,consumption,0.08
豆粕,Nicaragua,2000/01,consumption,0.041
豆粕,Nigeria,2000/01,consumption,0.157
豆粕,North Macedonia,2000/01,consumption,0.014
豆粕,Norway,2000/01,consumption,0.232
豆粕,Panama,2000/01,consumption,0.106
豆粕,Serbia and Montenegro,2000/01,consumption,0.242
豆粕,Singapore,2000/01,consumption,0.03
豆粕,Sri Lanka,2000/01,consumption,0.078
豆粕,Switzerland,2000/01,consumption,0.227
豆粕,Syria,2000/01,consumption,0.28
豆粕,Trinidad and Tobago,2000/01,consumption,0.067
豆粕,United Arab Emirates,2000/01,consumption,0.055
豆粕,Uzbekistan,2000/01,consumption,0.032
豆粕,Yemen,2000/01,consumption,0.062
豆粕,Zambia,2000/01,consumption,0.001
豆粕,Zimbabwe,2000/01,consumption,0.086
豆粕,阿尔及利亚,2000/01,exports,0
豆粕,阿根廷,2000/01,exports,13.73
豆粕,埃及,2000/01,exports,0
豆粕,巴基斯坦,2000/01,exports,0
豆粕,巴拉圭,2000/01,exports,0.591
豆粕,巴西,2000/01,exports,10.673
豆粕,玻利维亚,2000/01,exports,0.53
豆粕,俄罗斯,2000/01,exports,0
豆粕,菲律宾,2000/01,exports,0
豆粕,哥伦比亚,2000/01,exports,0.037
豆粕,韩国,2000/01,exports,0
豆粕,加拿大,2000/01,exports,0.075
豆粕,马来西亚,2000/01,exports,0.02
豆粕,美国,2000/01,exports,7.335
豆粕,秘鲁,2000/01,exports,0
豆粕,摩洛哥,2000/01,exports,0
豆粕,墨西哥,2000/01,exports,0.021
豆粕,南非,2000/01,exports,0.006
豆粕,欧盟,2000/01,exports,0.253
豆粕,日本,2000/01,exports,0
豆粕,沙特阿拉伯,2000/01,exports,0
豆粕,泰国,2000/01,exports,0
豆粕,突尼斯,2000/01,exports,0
豆粕,土耳其,2000/01,exports,0.007
豆粕,委内瑞拉,2000/01,exports,0
豆粕,乌克兰,2000/01,exports,0.002
豆粕,乌拉圭,2000/01,exports,0
豆粕,伊朗,2000/01,exports,0
豆粕,印度,2000/01,exports,2.097
豆粕,印度尼西亚,2000/01,exports,0
豆粕,越南,2000/01,exports,0
豆粕,智利,2000/01,exports,0
豆粕,中国,2000/01,exports,0.155
豆粕,中国台湾,2000/01,exports,0.002
豆粕,Australia,2000/01,exports,0.005
豆粕,Barbados,2000/01,exports,0
豆粕,Belarus,2000/01,exports,0
豆粕,Bosnia and Herzegovina,2000/01,exports,0
豆粕,Costa Rica,2000/01,exports,0
豆粕,Cuba,2000/01,exports,0
豆粕,Dominican Republic,2000/01,exports,0.004
豆粕,Ecuador,2000/01,exports,0
豆粕,El Salvador,2000/01,exports,0
豆粕,Georgia,2000/01,exports,0
豆粕,Guatemala,2000/01,exports,0
豆粕,Guyana,2000/01,exports,0
豆粕,Honduras,2000/01,exports,0
豆粕,Iraq,2000/01,exports,0
豆粕,Israel,2000/01,exports,0.003
豆粕,Jamaica,2000/01,exports,0
豆粕,Jordan,2000/01,exports,0
豆粕,Kazakhstan,2000/01,exports,0
豆粕,Kenya,2000/01,exports,0
豆粕,"Korea, North",2000/01,exports,0
豆粕,Lebanon,2000/01,exports,0
豆粕,Libya,2000/01,exports,0
豆粕,New Zealand,2000/01,exports,0
豆粕,Nicaragua,2000/01,exports,0
豆粕,Nigeria,2000/01,exports,0
豆粕,North Macedonia,2000/01,exports,0
豆粕,Norway,2000/01,exports,0.101
豆粕,Panama,2000/01,exports,0
豆粕,Serbia and Montenegro,2000/01,exports,0.004
豆粕,Singapore,2000/01,exports,0.003
豆粕,Sri Lanka,2000/01,exports,0
豆粕,Switzerland,2000/01,exports,0
豆粕,Syria,2000/01,exports,0.198
豆粕,Trinidad and Tobago,2000/01,exports,0.01
豆粕,United Arab Emirates,2000/01,exports,0.078
豆粕,Uzbekistan,2000/01,exports,0.01
豆粕,Yemen,2000/01,exports,0
豆粕,Zambia,2000/01,exports,0
豆粕,Zimbabwe,2000/01,exports,0.007
豆粕,阿尔及利亚,2000/01,imports,0.367
豆粕,阿根廷,2000/01,imports,0.005
豆粕,埃及,2000/01,imports,1.059
豆粕,巴基斯坦,2000/01,imports,0.079
豆粕,巴拉圭,2000/01,imports,0
豆粕,巴西,2000/01,imports,0.184
豆粕,玻利维亚,2000/01,imports,0
豆粕,俄罗斯,2000/01,imports,0.171
豆粕,菲律宾,2000/01,imports,1.144
豆粕,哥伦比亚,2000/01,imports,0.28
豆粕,韩国,2000/01,imports,1.412
豆粕,加拿大,2000/01,imports,0.935
豆粕,马来西亚,2000/01,imports,0.507
豆粕,美国,2000/01,imports,0.05
豆粕,秘鲁,2000/01,imports,0.425
豆粕,摩洛哥,2000/01,imports,0.035
豆粕,墨西哥,2000/01,imports,0.316
豆粕,南非,2000/01,imports,0.513
豆粕,欧盟,2000/01,imports,17.776
豆粕,日本,2000/01,imports,0.611
豆粕,沙特阿拉伯,2000/01,imports,0.57
豆粕,泰国,2000/01,imports,1.408
豆粕,突尼斯,2000/01,imports,0.27
豆粕,土耳其,2000/01,imports,0.46
豆粕,委内瑞拉,2000/01,imports,0.652
豆粕,乌克兰,2000/01,imports,0.037
豆粕,乌拉圭,2000/01,imports,0.033
豆粕,伊朗,2000/01,imports,0.408
豆粕,印度,2000/01,imports,0.007
豆粕,印度尼西亚,2000/01,imports,1.615
豆粕,越南,2000/01,imports,0.432
豆粕,智利,2000/01,imports,0.42
豆粕,中国,2000/01,imports,0.1
豆粕,中国台湾,2000/01,imports,0.035
豆粕,Australia,2000/01,imports,0.263
豆粕,Barbados,2000/01,imports,0
豆粕,Belarus,2000/01,imports,0.009
豆粕,Bosnia and Herzegovina,2000/01,imports,0.001
豆粕,Costa Rica,2000/01,imports,0
豆粕,Cuba,2000/01,imports,0.138
豆粕,Dominican Republic,2000/01,imports,0.374
豆粕,Ecuador,2000/01,imports,0.209
豆粕,El Salvador,2000/01,imports,0.15
豆粕,Georgia,2000/01,imports,0.001
豆粕,Guatemala,2000/01,imports,0.194
豆粕,Guyana,2000/01,imports,0.008
豆粕,Honduras,2000/01,imports,0.114
豆粕,Iraq,2000/01,imports,0.025
豆粕,Israel,2000/01,imports,0.055
豆粕,Jamaica,2000/01,imports,0.08
豆粕,Jordan,2000/01,imports,0.352
豆粕,Kazakhstan,2000/01,imports,0.001
豆粕,Kenya,2000/01,imports,0.005
豆粕,"Korea, North",2000/01,imports,0.201
豆粕,Lebanon,2000/01,imports,0.092
豆粕,Libya,2000/01,imports,0.012
豆粕,New Zealand,2000/01,imports,0.08
豆粕,Nicaragua,2000/01,imports,0.041
豆粕,Nigeria,2000/01,imports,0.025
豆粕,North Macedonia,2000/01,imports,0.014
豆粕,Norway,2000/01,imports,0.023
豆粕,Panama,2000/01,imports,0.106
豆粕,Serbia and Montenegro,2000/01,imports,0.133
豆粕,Singapore,2000/01,imports,0.017
豆粕,Sri Lanka,2000/01,imports,0.071
豆粕,Switzerland,2000/01,imports,0.181
豆粕,Syria,2000/01,imports,0.363
豆粕,Trinidad and Tobago,2000/01,imports,0.019
豆粕,United Arab Emirates,2000/01,imports,0.143
豆粕,Uzbekistan,2000/01,imports,0
豆粕,Yemen,2000/01,imports,0.062
豆粕,Zambia,2000/01,imports,0.001
豆粕,Zimbabwe,2000/01,imports,0
豆粕,阿尔及利亚,2000/01,production,0
豆粕,阿根廷,2000/01,production,13.718
豆粕,埃及,2000/01,production,0.22
豆粕,巴基斯坦,2000/01,production,0.128
豆粕,巴拉圭,2000/01,production,0.72
豆粕,巴西,2000/01,production,17.725
豆粕,玻利维亚,2000/01,production,0.669
豆粕,俄罗斯,2000/01,production,0.276
豆粕,菲律宾,2000/01,production,0.251
豆粕,哥伦比亚,2000/01,production,0.176
豆粕,韩国,2000/01,production,0.821
豆粕,加拿大,2000/01,production,1.274
豆粕,马来西亚,2000/01,production,0.334
豆粕,美国,2000/01,production,35.73
豆粕,秘鲁,2000/01,production,0.001
豆粕,摩洛哥,2000/01,production,0.18
豆粕,墨西哥,2000/01,production,3.53
豆粕,南非,2000/01,production,0.052
豆粕,欧盟,2000/01,production,13.31
豆粕,日本,2000/01,production,2.895
豆粕,沙特阿拉伯,2000/01,production,0
豆粕,泰国,2000/01,production,1.075
豆粕,突尼斯,2000/01,production,0
豆粕,土耳其,2000/01,production,0.061
豆粕,委内瑞拉,2000/01,production,0.151
豆粕,乌克兰,2000/01,production,0.043
豆粕,乌拉圭,2000/01,production,0.008
豆粕,伊朗,2000/01,production,0.552
豆粕,印度,2000/01,production,3.6
豆粕,印度尼西亚,2000/01,production,0
豆粕,越南,2000/01,production,0
豆粕,智利,2000/01,production,0.079
豆粕,中国,2000/01,production,15.05
豆粕,中国台湾,2000/01,production,1.611
豆粕,Australia,2000/01,production,0.035
豆粕,Barbados,2000/01,production,0
豆粕,Belarus,2000/01,production,0
豆粕,Bosnia and Herzegovina,2000/01,production,0
豆粕,Costa Rica,2000/01,production,0.164
豆粕,Cuba,2000/01,production,0.013
豆粕,Dominican Republic,2000/01,production,0
豆粕,Ecuador,2000/01,production,0.05
豆粕,El Salvador,2000/01,production,0
豆粕,Georgia,2000/01,production,0
豆粕,Guatemala,2000/01,production,0.033
豆粕,Guyana,2000/01,production,0
豆粕,Honduras,2000/01,production,0
豆粕,Iraq,2000/01,production,0
豆粕,Israel,2000/01,production,0.446
豆粕,Jamaica,2000/01,production,0
豆粕,Jordan,2000/01,production,0
豆粕,Kazakhstan,2000/01,production,0.001
豆粕,Kenya,2000/01,production,0
豆粕,"Korea, North",2000/01,production,0.067
豆粕,Lebanon,2000/01,production,0.024
豆粕,Libya,2000/01,production,0
豆粕,New Zealand,2000/01,production,0
豆粕,Nicaragua,2000/01,production,0
豆粕,Nigeria,2000/01,production,0.132
豆粕,North Macedonia,2000/01,production,0
豆粕,Norway,2000/01,production,0.304
豆粕,Panama,2000/01,production,0
豆粕,Serbia and Montenegro,2000/01,production,0.112
豆粕,Singapore,2000/01,production,0.016
豆粕,Sri Lanka,2000/01,production,0
豆粕,Switzerland,2000/01,production,0.046
豆粕,Syria,2000/01,production,0.115
豆粕,Trinidad and Tobago,2000/01,production,0.058
豆粕,United Arab Emirates,2000/01,production,0
豆粕,Uzbekistan,2000/01,production,0.042
豆粕,Yemen,2000/01,production,0
豆粕,Zambia,2000/01,production,0
豆粕,Zimbabwe,2000/01,production,0.093
豆粕,阿尔及利亚,2001/02,consumption,0.492
豆粕,阿根廷,2001/02,consumption,0.325
豆粕,埃及,2001/02,consumption,1.316
豆粕,巴基斯坦,2001/02,consumption,0.23
豆粕,巴拉圭,2001/02,consumption,0.225
豆粕,巴西,2001/02,consumption,7.58
豆粕,玻利维亚,2001/02,consumption,0.222
豆粕,俄罗斯,2001/02,consumption,0.572
豆粕,菲律宾,2001/02,consumption,1.592
豆粕,哥伦比亚,2001/02,consumption,0.55
豆粕,韩国,2001/02,consumption,2.378
豆粕,加拿大,2001/02,consumption,2.297
豆粕,马来西亚,2001/02,consumption,0.871
豆粕,美国,2001/02,consumption,29.545
豆粕,孟加拉国,2001/02,consumption,0.185
豆粕,秘鲁,2001/02,consumption,0.546
豆粕,摩洛哥,2001/02,consumption,0.34
豆粕,墨西哥,2001/02,consumption,4.054
豆粕,南非,2001/02,consumption,0.552
豆粕,欧盟,2001/02,consumption,33.657
豆粕,日本,2001/02,consumption,4.066
豆粕,沙特阿拉伯,2001/02,consumption,0.518
豆粕,泰国,2001/02,consumption,3.115
豆粕,突尼斯,2001/02,consumption,0.315
豆粕,土耳其,2001/02,consumption,0.455
豆粕,委内瑞拉,2001/02,consumption,0.637
豆粕,乌克兰,2001/02,consumption,0.113
豆粕,乌拉圭,2001/02,consumption,0.037
豆粕,伊朗,2001/02,consumption,0.887
豆粕,印度,2001/02,consumption,1.26
豆粕,印度尼西亚,2001/02,consumption,1.251
豆粕,越南,2001/02,consumption,0.747
豆粕,智利,2001/02,consumption,0.587
豆粕,中国,2001/02,consumption,15.204
豆粕,中国台湾,2001/02,consumption,1.603
豆粕,Australia,2001/02,consumption,0.393
豆粕,Barbados,2001/02,consumption,0
豆粕,Belarus,2001/02,consumption,0.007
豆粕,Bosnia and Herzegovina,2001/02,consumption,0.005
豆粕,Costa Rica,2001/02,consumption,0.196
豆粕,Cuba,2001/02,consumption,0.192
豆粕,Dominican Republic,2001/02,consumption,0.364
豆粕,Ecuador,2001/02,consumption,0.285
豆粕,El Salvador,2001/02,consumption,0.128
豆粕,Georgia,2001/02,consumption,0.001
豆粕,Guatemala,2001/02,consumption,0.212
豆粕,Guyana,2001/02,consumption,0.008
豆粕,Honduras,2001/02,consumption,0.11
豆粕,Iraq,2001/02,consumption,0.03
豆粕,Israel,2001/02,consumption,0.564
豆粕,Jamaica,2001/02,consumption,0.083
豆粕,Jordan,2001/02,consumption,0.221
豆粕,Kazakhstan,2001/02,consumption,0.003
豆粕,Kenya,2001/02,consumption,0.007
豆粕,"Korea, North",2001/02,consumption,0.287
豆粕,Lebanon,2001/02,consumption,0.161
豆粕,Libya,2001/02,consumption,0.034
豆粕,New Zealand,2001/02,consumption,0.085
豆粕,Nicaragua,2001/02,consumption,0.043
豆粕,Nigeria,2001/02,consumption,0.147
豆粕,North Macedonia,2001/02,consumption,0.014
豆粕,Norway,2001/02,consumption,0.215
豆粕,Panama,2001/02,consumption,0.099
豆粕,Serbia and Montenegro,2001/02,consumption,0.292
豆粕,Singapore,2001/02,consumption,0.029
豆粕,Sri Lanka,2001/02,consumption,0.088
豆粕,Switzerland,2001/02,consumption,0.25
豆粕,Syria,2001/02,consumption,0.178
豆粕,Trinidad and Tobago,2001/02,consumption,0.085
豆粕,United Arab Emirates,2001/02,consumption,0
豆粕,Uzbekistan,2001/02,consumption,0.023
豆粕,Yemen,2001/02,consumption,0.092
豆粕,Zambia,2001/02,consumption,0.011
豆粕,Zimbabwe,2001/02,consumption,0.05
豆粕,阿尔及利亚,2001/02,exports,0
豆粕,阿根廷,2001/02,exports,16.586
豆粕,埃及,2001/02,exports,0.001
豆粕,巴基斯坦,2001/02,exports,0
豆粕,巴拉圭,2001/02,exports,0.783
豆粕,巴西,2001/02,exports,11.862
豆粕,玻利维亚,2001/02,exports,0.608
豆粕,俄罗斯,2001/02,exports,0
豆粕,菲律宾,2001/02,exports,0
豆粕,哥伦比亚,2001/02,exports,0.02
豆粕,韩国,2001/02,exports,0
豆粕,加拿大,2001/02,exports,0.113
豆粕,马来西亚,2001/02,exports,0.038
豆粕,美国,2001/02,exports,7.271
豆粕,孟加拉国,2001/02,exports,0
豆粕,秘鲁,2001/02,exports,0
豆粕,摩洛哥,2001/02,exports,0
豆粕,墨西哥,2001/02,exports,0.001
豆粕,南非,2001/02,exports,0.006
豆粕,欧盟,2001/02,exports,0.332
豆粕,日本,2001/02,exports,0
豆粕,沙特阿拉伯,2001/02,exports,0
豆粕,泰国,2001/02,exports,0
豆粕,突尼斯,2001/02,exports,0
豆粕,土耳其,2001/02,exports,0.012
豆粕,委内瑞拉,2001/02,exports,0.001
豆粕,乌克兰,2001/02,exports,0.005
豆粕,乌拉圭,2001/02,exports,0
豆粕,伊朗,2001/02,exports,0
豆粕,印度,2001/02,exports,2.175
豆粕,印度尼西亚,2001/02,exports,0
豆粕,越南,2001/02,exports,0
豆粕,智利,2001/02,exports,0
豆粕,中国,2001/02,exports,1.123
豆粕,中国台湾,2001/02,exports,0.009
豆粕,Australia,2001/02,exports,0.006
豆粕,Barbados,2001/02,exports,0
豆粕,Belarus,2001/02,exports,0
豆粕,Bosnia and Herzegovina,2001/02,exports,0
豆粕,Costa Rica,2001/02,exports,0
豆粕,Cuba,2001/02,exports,0
豆粕,Dominican Republic,2001/02,exports,0.003
豆粕,Ecuador,2001/02,exports,0
豆粕,El Salvador,2001/02,exports,0
豆粕,Georgia,2001/02,exports,0
豆粕,Guatemala,2001/02,exports,0
豆粕,Guyana,2001/02,exports,0
豆粕,Honduras,2001/02,exports,0
豆粕,Iraq,2001/02,exports,0
豆粕,Israel,2001/02,exports,0.003
豆粕,Jamaica,2001/02,exports,0
豆粕,Jordan,2001/02,exports,0
豆粕,Kazakhstan,2001/02,exports,0
豆粕,Kenya,2001/02,exports,0
豆粕,"Korea, North",2001/02,exports,0
豆粕,Lebanon,2001/02,exports,0.036
豆粕,Libya,2001/02,exports,0
豆粕,New Zealand,2001/02,exports,0
豆粕,Nicaragua,2001/02,exports,0
豆粕,Nigeria,2001/02,exports,0
豆粕,North Macedonia,2001/02,exports,0
豆粕,Norway,2001/02,exports,0.131
豆粕,Panama,2001/02,exports,0
豆粕,Serbia and Montenegro,2001/02,exports,0.004
豆粕,Singapore,2001/02,exports,0.003
豆粕,Sri Lanka,2001/02,exports,0
豆粕,Switzerland,2001/02,exports,0
豆粕,Syria,2001/02,exports,0.122
豆粕,Trinidad and Tobago,2001/02,exports,0.011
豆粕,United Arab Emirates,2001/02,exports,0.113
豆粕,Uzbekistan,2001/02,exports,0.026
豆粕,Yemen,2001/02,exports,0
豆粕,Zambia,2001/02,exports,0.001
豆粕,Zimbabwe,2001/02,exports,0.002
豆粕,阿尔及利亚,2001/02,imports,0.492
豆粕,阿根廷,2001/02,imports,0
豆粕,埃及,2001/02,imports,1.062
豆粕,巴基斯坦,2001/02,imports,0.003
豆粕,巴拉圭,2001/02,imports,0
豆粕,巴西,2001/02,imports,0.342
豆粕,玻利维亚,2001/02,imports,0
豆粕,俄罗斯,2001/02,imports,0.272
豆粕,菲律宾,2001/02,imports,1.555
豆粕,哥伦比亚,2001/02,imports,0.324
豆粕,韩国,2001/02,imports,1.5
豆粕,加拿大,2001/02,imports,1.122
豆粕,马来西亚,2001/02,imports,0.532
豆粕,美国,2001/02,imports,0.134
豆粕,孟加拉国,2001/02,imports,0.178
豆粕,秘鲁,2001/02,imports,0.545
豆粕,摩洛哥,2001/02,imports,0.15
豆粕,墨西哥,2001/02,imports,0.445
豆粕,南非,2001/02,imports,0.517
豆粕,欧盟,2001/02,imports,20.011
豆粕,日本,2001/02,imports,1.081
豆粕,沙特阿拉伯,2001/02,imports,0.518
豆粕,泰国,2001/02,imports,1.888
豆粕,突尼斯,2001/02,imports,0.33
豆粕,土耳其,2001/02,imports,0.339
豆粕,委内瑞拉,2001/02,imports,0.482
豆粕,乌克兰,2001/02,imports,0.057
豆粕,乌拉圭,2001/02,imports,0.025
豆粕,伊朗,2001/02,imports,0.437
豆粕,印度,2001/02,imports,0.014
豆粕,印度尼西亚,2001/02,imports,1.251
豆粕,越南,2001/02,imports,0.747
豆粕,智利,2001/02,imports,0.473
豆粕,中国,2001/02,imports,0.027
豆粕,中国台湾,2001/02,imports,0.028
豆粕,Australia,2001/02,imports,0.4
豆粕,Barbados,2001/02,imports,0
豆粕,Belarus,2001/02,imports,0.007
豆粕,Bosnia and Herzegovina,2001/02,imports,0.005
豆粕,Costa Rica,2001/02,imports,0
豆粕,Cuba,2001/02,imports,0.115
豆粕,Dominican Republic,2001/02,imports,0.364
豆粕,Ecuador,2001/02,imports,0.275
豆粕,El Salvador,2001/02,imports,0.128
豆粕,Georgia,2001/02,imports,0.001
豆粕,Guatemala,2001/02,imports,0.166
豆粕,Guyana,2001/02,imports,0.008
豆粕,Honduras,2001/02,imports,0.11
豆粕,Iraq,2001/02,imports,0.03
豆粕,Israel,2001/02,imports,0.04
豆粕,Jamaica,2001/02,imports,0.085
豆粕,Jordan,2001/02,imports,0.221
豆粕,Kazakhstan,2001/02,imports,0.001
豆粕,Kenya,2001/02,imports,0.007
豆粕,"Korea, North",2001/02,imports,0.187
豆粕,Lebanon,2001/02,imports,0.123
豆粕,Libya,2001/02,imports,0.034
豆粕,New Zealand,2001/02,imports,0.085
豆粕,Nicaragua,2001/02,imports,0.043
豆粕,Nigeria,2001/02,imports,0.015
豆粕,North Macedonia,2001/02,imports,0.014
豆粕,Norway,2001/02,imports,0.042
豆粕,Panama,2001/02,imports,0.099
豆粕,Serbia and Montenegro,2001/02,imports,0.134
豆粕,Singapore,2001/02,imports,0.017
豆粕,Sri Lanka,2001/02,imports,0.088
豆粕,Switzerland,2001/02,imports,0.207
豆粕,Syria,2001/02,imports,0.198
豆粕,Trinidad and Tobago,2001/02,imports,0.021
豆粕,United Arab Emirates,2001/02,imports,0.171
豆粕,Uzbekistan,2001/02,imports,0
豆粕,Yemen,2001/02,imports,0.092
豆粕,Zambia,2001/02,imports,0
豆粕,Zimbabwe,2001/02,imports,0
豆粕,阿尔及利亚,2001/02,production,0
豆粕,阿根廷,2001/02,production,16.559
豆粕,埃及,2001/02,production,0.325
豆粕,巴基斯坦,2001/02,production,0.227
豆粕,巴拉圭,2001/02,production,1.01
豆粕,巴西,2001/02,production,19.407
豆粕,玻利维亚,2001/02,production,0.83
豆粕,俄罗斯,2001/02,production,0.3
豆粕,菲律宾,2001/02,production,0.255
豆粕,哥伦比亚,2001/02,production,0.245
豆粕,韩国,2001/02,production,0.859
豆粕,加拿大,2001/02,production,1.283
豆粕,马来西亚,2001/02,production,0.396
豆粕,美国,2001/02,production,36.552
豆粕,孟加拉国,2001/02,production,0.007
豆粕,秘鲁,2001/02,production,0.001
豆粕,摩洛哥,2001/02,production,0.19
豆粕,墨西哥,2001/02,production,3.6
豆粕,南非,2001/02,production,0.046
豆粕,欧盟,2001/02,production,14.243
豆粕,日本,2001/02,production,2.98
豆粕,沙特阿拉伯,2001/02,production,0
豆粕,泰国,2001/02,production,1.242
豆粕,突尼斯,2001/02,production,0
豆粕,土耳其,2001/02,production,0.123
豆粕,委内瑞拉,2001/02,production,0.064
豆粕,乌克兰,2001/02,production,0.062
豆粕,乌拉圭,2001/02,production,0.012
豆粕,伊朗,2001/02,production,0.4
豆粕,印度,2001/02,production,3.52
豆粕,印度尼西亚,2001/02,production,0
豆粕,越南,2001/02,production,0
豆粕,智利,2001/02,production,0.114
豆粕,中国,2001/02,production,16.3
豆粕,中国台湾,2001/02,production,1.64
豆粕,Australia,2001/02,production,0.049
豆粕,Barbados,2001/02,production,0
豆粕,Belarus,2001/02,production,0
豆粕,Bosnia and Herzegovina,2001/02,production,0
豆粕,Costa Rica,2001/02,production,0.196
豆粕,Cuba,2001/02,production,0.077
豆粕,Dominican Republic,2001/02,production,0
豆粕,Ecuador,2001/02,production,0.01
豆粕,El Salvador,2001/02,production,0
豆粕,Georgia,2001/02,production,0
豆粕,Guatemala,2001/02,production,0.031
豆粕,Guyana,2001/02,production,0
豆粕,Honduras,2001/02,production,0
豆粕,Iraq,2001/02,production,0
豆粕,Israel,2001/02,production,0.522
豆粕,Jamaica,2001/02,production,0
豆粕,Jordan,2001/02,production,0
豆粕,Kazakhstan,2001/02,production,0.002
豆粕,Kenya,2001/02,production,0
豆粕,"Korea, North",2001/02,production,0.1
豆粕,Lebanon,2001/02,production,0.079
豆粕,Libya,2001/02,production,0
豆粕,New Zealand,2001/02,production,0
豆粕,Nicaragua,2001/02,production,0
豆粕,Nigeria,2001/02,production,0.132
豆粕,North Macedonia,2001/02,production,0
豆粕,Norway,2001/02,production,0.31
豆粕,Panama,2001/02,production,0
豆粕,Serbia and Montenegro,2001/02,production,0.162
豆粕,Singapore,2001/02,production,0.015
豆粕,Sri Lanka,2001/02,production,0
豆粕,Switzerland,2001/02,production,0.043
豆粕,Syria,2001/02,production,0.102
豆粕,Trinidad and Tobago,2001/02,production,0.075
豆粕,United Arab Emirates,2001/02,production,0
豆粕,Uzbekistan,2001/02,production,0.049
豆粕,Yemen,2001/02,production,0
豆粕,Zambia,2001/02,production,0.012
豆粕,Zimbabwe,2001/02,production,0.052
豆粕,阿尔及利亚,2002/03,consumption,0.494
豆粕,阿根廷,2002/03,consumption,0.365
豆粕,埃及,2002/03,consumption,1.254
豆粕,巴基斯坦,2002/03,consumption,0.117
豆粕,巴拉圭,2002/03,consumption,0.235
豆粕,巴西,2002/03,consumption,8.055
豆粕,玻利维亚,2002/03,consumption,0.198
豆粕,俄罗斯,2002/03,consumption,0.593
豆粕,菲律宾,2002/03,consumption,1.614
豆粕,哥伦比亚,2002/03,consumption,0.641
豆粕,韩国,2002/03,consumption,2.434
豆粕,加拿大,2002/03,consumption,2.326
豆粕,马来西亚,2002/03,consumption,0.947
豆粕,美国,2002/03,consumption,29.096
豆粕,孟加拉国,2002/03,consumption,0.207
豆粕,秘鲁,2002/03,consumption,0.586
豆粕,摩洛哥,2002/03,consumption,0.258
豆粕,墨西哥,2002/03,consumption,4.113
豆粕,南非,2002/03,consumption,0.555
豆粕,欧盟,2002/03,consumption,33.594
豆粕,日本,2002/03,consumption,4.331
豆粕,沙特阿拉伯,2002/03,consumption,0.61
豆粕,泰国,2002/03,consumption,3.386
豆粕,突尼斯,2002/03,consumption,0.3
豆粕,土耳其,2002/03,consumption,0.561
豆粕,委内瑞拉,2002/03,consumption,0.636
豆粕,乌克兰,2002/03,consumption,0.158
豆粕,乌拉圭,2002/03,consumption,0.047
豆粕,伊朗,2002/03,consumption,1.001
豆粕,印度,2002/03,consumption,1.575
豆粕,印度尼西亚,2002/03,consumption,1.631
豆粕,越南,2002/03,consumption,0.947
豆粕,智利,2002/03,consumption,0.479
豆粕,中国,2002/03,consumption,20.157
豆粕,中国台湾,2002/03,consumption,1.604
豆粕,Australia,2002/03,consumption,0.408
豆粕,Barbados,2002/03,consumption,0
豆粕,Belarus,2002/03,consumption,0.001
豆粕,Bosnia and Herzegovina,2002/03,consumption,0.007
豆粕,Costa Rica,2002/03,consumption,0.172
豆粕,Cuba,2002/03,consumption,0.212
豆粕,Dominican Republic,2002/03,consumption,0.309
豆粕,Ecuador,2002/03,consumption,0.33
豆粕,El Salvador,2002/03,consumption,0.155
豆粕,Georgia,2002/03,consumption,0.001
豆粕,Guatemala,2002/03,consumption,0.25
豆粕,Guyana,2002/03,consumption,0.008
豆粕,Honduras,2002/03,consumption,0.121
豆粕,Iraq,2002/03,consumption,0.025
豆粕,Israel,2002/03,consumption,0.486
豆粕,Jamaica,2002/03,consumption,0.089
豆粕,Jordan,2002/03,consumption,0.221
豆粕,Kazakhstan,2002/03,consumption,0.002
豆粕,Kenya,2002/03,consumption,0.009
豆粕,"Korea, North",2002/03,consumption,0.252
豆粕,Lebanon,2002/03,consumption,0.025
豆粕,Libya,2002/03,consumption,0.021
豆粕,New Zealand,2002/03,consumption,0.098
豆粕,Nicaragua,2002/03,consumption,0.044
豆粕,Nigeria,2002/03,consumption,0.168
豆粕,North Macedonia,2002/03,consumption,0.016
豆粕,Norway,2002/03,consumption,0.273
豆粕,Panama,2002/03,consumption,0.119
豆粕,Serbia and Montenegro,2002/03,consumption,0.232
豆粕,Singapore,2002/03,consumption,0.032
豆粕,Sri Lanka,2002/03,consumption,0.083
豆粕,Switzerland,2002/03,consumption,0.237
豆粕,Syria,2002/03,consumption,0.32
豆粕,Trinidad and Tobago,2002/03,consumption,0.064
豆粕,United Arab Emirates,2002/03,consumption,0.445
豆粕,Uzbekistan,2002/03,consumption,0.033
豆粕,Yemen,2002/03,consumption,0.086
豆粕,Zambia,2002/03,consumption,0.002
豆粕,Zimbabwe,2002/03,consumption,0.028
豆粕,阿尔及利亚,2002/03,exports,0
豆粕,阿根廷,2002/03,exports,18.468
豆粕,埃及,2002/03,exports,0
豆粕,巴基斯坦,2002/03,exports,0
豆粕,巴拉圭,2002/03,exports,0.842
豆粕,巴西,2002/03,exports,13.657
豆粕,玻利维亚,2002/03,exports,0.977
豆粕,俄罗斯,2002/03,exports,0.001
豆粕,菲律宾,2002/03,exports,0
豆粕,哥伦比亚,2002/03,exports,0.006
豆粕,韩国,2002/03,exports,0
豆粕,加拿大,2002/03,exports,0.137
豆粕,马来西亚,2002/03,exports,0.035
豆粕,美国,2002/03,exports,5.728
豆粕,孟加拉国,2002/03,exports,0
豆粕,秘鲁,2002/03,exports,0
豆粕,摩洛哥,2002/03,exports,0
豆粕,墨西哥,2002/03,exports,0.001
豆粕,南非,2002/03,exports,0.003
豆粕,欧盟,2002/03,exports,0.346
豆粕,日本,2002/03,exports,0
豆粕,沙特阿拉伯,2002/03,exports,0
豆粕,泰国,2002/03,exports,0
豆粕,突尼斯,2002/03,exports,0
豆粕,土耳其,2002/03,exports,0.03
豆粕,委内瑞拉,2002/03,exports,0.001
豆粕,乌克兰,2002/03,exports,0
豆粕,乌拉圭,2002/03,exports,0
豆粕,伊朗,2002/03,exports,0
豆粕,印度,2002/03,exports,1.295
豆粕,印度尼西亚,2002/03,exports,0.002
豆粕,越南,2002/03,exports,0
豆粕,智利,2002/03,exports,0
豆粕,中国,2002/03,exports,0.843
豆粕,中国台湾,2002/03,exports,0.012
豆粕,Australia,2002/03,exports,0.003
豆粕,Barbados,2002/03,exports,0
豆粕,Belarus,2002/03,exports,0
豆粕,Bosnia and Herzegovina,2002/03,exports,0
豆粕,Costa Rica,2002/03,exports,0.004
豆粕,Cuba,2002/03,exports,0
豆粕,Dominican Republic,2002/03,exports,0.003
豆粕,Ecuador,2002/03,exports,0
豆粕,El Salvador,2002/03,exports,0
豆粕,Georgia,2002/03,exports,0
豆粕,Guatemala,2002/03,exports,0.002
豆粕,Guyana,2002/03,exports,0
豆粕,Honduras,2002/03,exports,0
豆粕,Iraq,2002/03,exports,0
豆粕,Israel,2002/03,exports,0.005
豆粕,Jamaica,2002/03,exports,0
豆粕,Jordan,2002/03,exports,0
豆粕,Kazakhstan,2002/03,exports,0
豆粕,Kenya,2002/03,exports,0
豆粕,"Korea, North",2002/03,exports,0
豆粕,Lebanon,2002/03,exports,0.029
豆粕,Libya,2002/03,exports,0
豆粕,New Zealand,2002/03,exports,0
豆粕,Nicaragua,2002/03,exports,0
豆粕,Nigeria,2002/03,exports,0
豆粕,North Macedonia,2002/03,exports,0
豆粕,Norway,2002/03,exports,0.137
豆粕,Panama,2002/03,exports,0
豆粕,Serbia and Montenegro,2002/03,exports,0.013
豆粕,Singapore,2002/03,exports,0.002
豆粕,Sri Lanka,2002/03,exports,0
豆粕,Switzerland,2002/03,exports,0
豆粕,Syria,2002/03,exports,0.088
豆粕,Trinidad and Tobago,2002/03,exports,0.012
豆粕,United Arab Emirates,2002/03,exports,0.089
豆粕,Uzbekistan,2002/03,exports,0.02
豆粕,Yemen,2002/03,exports,0
豆粕,Zambia,2002/03,exports,0
豆粕,Zimbabwe,2002/03,exports,0
豆粕,阿尔及利亚,2002/03,imports,0.494
豆粕,阿根廷,2002/03,imports,0
豆粕,埃及,2002/03,imports,1.017
豆粕,巴基斯坦,2002/03,imports,0.05
豆粕,巴拉圭,2002/03,imports,0
豆粕,巴西,2002/03,imports,0.35
豆粕,玻利维亚,2002/03,imports,0
豆粕,俄罗斯,2002/03,imports,0.284
豆粕,菲律宾,2002/03,imports,1.46
豆粕,哥伦比亚,2002/03,imports,0.426
豆粕,韩国,2002/03,imports,1.528
豆粕,加拿大,2002/03,imports,1.093
豆粕,马来西亚,2002/03,imports,0.673
豆粕,美国,2002/03,imports,0.157
豆粕,孟加拉国,2002/03,imports,0.206
豆粕,秘鲁,2002/03,imports,0.585
豆粕,摩洛哥,2002/03,imports,0.012
豆粕,墨西哥,2002/03,imports,0.692
豆粕,南非,2002/03,imports,0.527
豆粕,欧盟,2002/03,imports,20.633
豆粕,日本,2002/03,imports,1.075
豆粕,沙特阿拉伯,2002/03,imports,0.61
豆粕,泰国,2002/03,imports,1.976
豆粕,突尼斯,2002/03,imports,0.27
豆粕,土耳其,2002/03,imports,0.436
豆粕,委内瑞拉,2002/03,imports,0.546
豆粕,乌克兰,2002/03,imports,0.08
豆粕,乌拉圭,2002/03,imports,0.036
豆粕,伊朗,2002/03,imports,0.466
豆粕,印度,2002/03,imports,0.003
豆粕,印度尼西亚,2002/03,imports,1.638
豆粕,越南,2002/03,imports,0.997
豆粕,智利,2002/03,imports,0.39
豆粕,中国,2002/03,imports,0
豆粕,中国台湾,2002/03,imports,0.019
豆粕,Australia,2002/03,imports,0.344
豆粕,Barbados,2002/03,imports,0
豆粕,Belarus,2002/03,imports,0.001
豆粕,Bosnia and Herzegovina,2002/03,imports,0.007
豆粕,Costa Rica,2002/03,imports,0.007
豆粕,Cuba,2002/03,imports,0.13
豆粕,Dominican Republic,2002/03,imports,0.309
豆粕,Ecuador,2002/03,imports,0.309
豆粕,El Salvador,2002/03,imports,0.155
豆粕,Georgia,2002/03,imports,0.001
豆粕,Guatemala,2002/03,imports,0.239
豆粕,Guyana,2002/03,imports,0.008
豆粕,Honduras,2002/03,imports,0.121
豆粕,Iraq,2002/03,imports,0.025
豆粕,Israel,2002/03,imports,0.047
豆粕,Jamaica,2002/03,imports,0.088
豆粕,Jordan,2002/03,imports,0.221
豆粕,Kazakhstan,2002/03,imports,0
豆粕,Kenya,2002/03,imports,0.009
豆粕,"Korea, North",2002/03,imports,0.174
豆粕,Lebanon,2002/03,imports,0.059
豆粕,Libya,2002/03,imports,0.021
豆粕,New Zealand,2002/03,imports,0.098
豆粕,Nicaragua,2002/03,imports,0.044
豆粕,Nigeria,2002/03,imports,0.024
豆粕,North Macedonia,2002/03,imports,0.016
豆粕,Norway,2002/03,imports,0.04
豆粕,Panama,2002/03,imports,0.119
豆粕,Serbia and Montenegro,2002/03,imports,0.083
豆粕,Singapore,2002/03,imports,0.02
豆粕,Sri Lanka,2002/03,imports,0.083
豆粕,Switzerland,2002/03,imports,0.207
豆粕,Syria,2002/03,imports,0.336
豆粕,Trinidad and Tobago,2002/03,imports,0.014
豆粕,United Arab Emirates,2002/03,imports,0.347
豆粕,Uzbekistan,2002/03,imports,0
豆粕,Yemen,2002/03,imports,0.086
豆粕,Zambia,2002/03,imports,0.002
豆粕,Zimbabwe,2002/03,imports,0.001
豆粕,阿尔及利亚,2002/03,production,0
豆粕,阿根廷,2002/03,production,18.663
豆粕,埃及,2002/03,production,0.207
豆粕,巴基斯坦,2002/03,production,0.067
豆粕,巴拉圭,2002/03,production,1.108
豆粕,巴西,2002/03,production,21.449
豆粕,玻利维亚,2002/03,production,1.18
豆粕,俄罗斯,2002/03,production,0.315
豆粕,菲律宾,2002/03,production,0.178
豆粕,哥伦比亚,2002/03,production,0.223
豆粕,韩国,2002/03,production,0.908
豆粕,加拿大,2002/03,production,1.37
豆粕,马来西亚,2002/03,production,0.309
豆粕,美国,2002/03,production,34.649
豆粕,孟加拉国,2002/03,production,0.001
豆粕,秘鲁,2002/03,production,0.001
豆粕,摩洛哥,2002/03,production,0.256
豆粕,墨西哥,2002/03,production,3.43
豆粕,南非,2002/03,production,0.031
豆粕,欧盟,2002/03,production,13.123
豆粕,日本,2002/03,production,3.235
豆粕,沙特阿拉伯,2002/03,production,0
豆粕,泰国,2002/03,production,1.415
豆粕,突尼斯,2002/03,production,0
豆粕,土耳其,2002/03,production,0.217
豆粕,委内瑞拉,2002/03,production,0.007
豆粕,乌克兰,2002/03,production,0.078
豆粕,乌拉圭,2002/03,production,0.011
豆粕,伊朗,2002/03,production,0.535
豆粕,印度,2002/03,production,2.72
豆粕,印度尼西亚,2002/03,production,0
豆粕,越南,2002/03,production,0
豆粕,智利,2002/03,production,0.092
豆粕,中国,2002/03,production,21
豆粕,中国台湾,2002/03,production,1.595
豆粕,Australia,2002/03,production,0.047
豆粕,Barbados,2002/03,production,0
豆粕,Belarus,2002/03,production,0
豆粕,Bosnia and Herzegovina,2002/03,production,0
豆粕,Costa Rica,2002/03,production,0.169
豆粕,Cuba,2002/03,production,0.082
豆粕,Dominican Republic,2002/03,production,0
豆粕,Ecuador,2002/03,production,0.02
豆粕,El Salvador,2002/03,production,0
豆粕,Georgia,2002/03,production,0
豆粕,Guatemala,2002/03,production,0.033
豆粕,Guyana,2002/03,production,0
豆粕,Honduras,2002/03,production,0
豆粕,Iraq,2002/03,production,0
豆粕,Israel,2002/03,production,0.444
豆粕,Jamaica,2002/03,production,0
豆粕,Jordan,2002/03,production,0
豆粕,Kazakhstan,2002/03,production,0.002
豆粕,Kenya,2002/03,production,0
豆粕,"Korea, North",2002/03,production,0.078
豆粕,Lebanon,2002/03,production,0
豆粕,Libya,2002/03,production,0
豆粕,New Zealand,2002/03,production,0
豆粕,Nicaragua,2002/03,production,0
豆粕,Nigeria,2002/03,production,0.144
豆粕,North Macedonia,2002/03,production,0
豆粕,Norway,2002/03,production,0.37
豆粕,Panama,2002/03,production,0
豆粕,Serbia and Montenegro,2002/03,production,0.162
豆粕,Singapore,2002/03,production,0.014
豆粕,Sri Lanka,2002/03,production,0
豆粕,Switzerland,2002/03,production,0.03
豆粕,Syria,2002/03,production,0.072
豆粕,Trinidad and Tobago,2002/03,production,0.062
豆粕,United Arab Emirates,2002/03,production,0.119
豆粕,Uzbekistan,2002/03,production,0.053
豆粕,Yemen,2002/03,production,0
豆粕,Zambia,2002/03,production,0
豆粕,Zimbabwe,2002/03,production,0.027
豆粕,阿尔及利亚,2003/04,consumption,0.566
豆粕,阿根廷,2003/04,consumption,0.425
豆粕,埃及,2003/04,consumption,1.067
豆粕,巴基斯坦,2003/04,consumption,0.2
豆粕,巴拉圭,2003/04,consumption,0.225
豆粕,巴西,2003/04,consumption,7.75
豆粕,玻利维亚,2003/04,consumption,0.204
豆粕,俄罗斯,2003/04,consumption,0.65
豆粕,菲律宾,2003/04,consumption,1.55
豆粕,哥伦比亚,2003/04,consumption,0.708
豆粕,韩国,2003/04,consumption,2.141
豆粕,加拿大,2003/04,consumption,2.261
豆粕,马来西亚,2003/04,consumption,0.865
豆粕,美国,2003/04,consumption,28.531
豆粕,孟加拉国,2003/04,consumption,0.275
豆粕,秘鲁,2003/04,consumption,0.619
豆粕,摩洛哥,2003/04,consumption,0.388
豆粕,墨西哥,2003/04,consumption,4.022
豆粕,南非,2003/04,consumption,0.649
豆粕,欧盟,2003/04,consumption,32.982
豆粕,日本,2003/04,consumption,3.94
豆粕,沙特阿拉伯,2003/04,consumption,0.604
豆粕,泰国,2003/04,consumption,2.766
豆粕,突尼斯,2003/04,consumption,0.36
豆粕,土耳其,2003/04,consumption,0.602
豆粕,委内瑞拉,2003/04,consumption,0.718
豆粕,乌克兰,2003/04,consumption,0.196
豆粕,乌拉圭,2003/04,consumption,0.06
豆粕,伊朗,2003/04,consumption,1.571
豆粕,印度,2003/04,consumption,1.27
豆粕,印度尼西亚,2003/04,consumption,1.65
豆粕,越南,2003/04,consumption,1.013
豆粕,智利,2003/04,consumption,0.62
豆粕,中国,2003/04,consumption,19.547
豆粕,中国台湾,2003/04,consumption,1.628
豆粕,Australia,2003/04,consumption,0.399
豆粕,Barbados,2003/04,consumption,0
豆粕,Belarus,2003/04,consumption,0.004
豆粕,Bosnia and Herzegovina,2003/04,consumption,0.012
豆粕,Burma,2003/04,consumption,0
豆粕,Costa Rica,2003/04,consumption,0.169
豆粕,Cuba,2003/04,consumption,0.3
豆粕,Dominican Republic,2003/04,consumption,0.3
豆粕,Ecuador,2003/04,consumption,0.319
豆粕,El Salvador,2003/04,consumption,0.166
豆粕,Georgia,2003/04,consumption,0.001
豆粕,Guatemala,2003/04,consumption,0.255
豆粕,Guyana,2003/04,consumption,0
豆粕,Honduras,2003/04,consumption,0.151
豆粕,Iraq,2003/04,consumption,0.05
豆粕,Israel,2003/04,consumption,0.476
豆粕,Jamaica,2003/04,consumption,0.087
豆粕,Jordan,2003/04,consumption,0.199
豆粕,Kazakhstan,2003/04,consumption,0.006
豆粕,Kenya,2003/04,consumption,0.003
豆粕,"Korea, North",2003/04,consumption,0.294
豆粕,Lebanon,2003/04,consumption,0.113
豆粕,Libya,2003/04,consumption,0.141
豆粕,New Zealand,2003/04,consumption,0.098
豆粕,Nicaragua,2003/04,consumption,0.039
豆粕,Nigeria,2003/04,consumption,0.175
豆粕,North Macedonia,2003/04,consumption,0.017
豆粕,Norway,2003/04,consumption,0.227
豆粕,Panama,2003/04,consumption,0.156
豆粕,Serbia and Montenegro,2003/04,consumption,0.312
豆粕,Singapore,2003/04,consumption,0.032
豆粕,Sri Lanka,2003/04,consumption,0.095
豆粕,Switzerland,2003/04,consumption,0.259
豆粕,Syria,2003/04,consumption,0.489
豆粕,Trinidad and Tobago,2003/04,consumption,0.062
豆粕,United Arab Emirates,2003/04,consumption,0.214
豆粕,Uzbekistan,2003/04,consumption,0.001
豆粕,Yemen,2003/04,consumption,0.05
豆粕,Zambia,2003/04,consumption,0.02
豆粕,Zimbabwe,2003/04,consumption,0.067
豆粕,阿尔及利亚,2003/04,exports,0
豆粕,阿根廷,2003/04,exports,19.221
豆粕,埃及,2003/04,exports,0
豆粕,巴基斯坦,2003/04,exports,0
豆粕,巴拉圭,2003/04,exports,0.904
豆粕,巴西,2003/04,exports,14.792
豆粕,玻利维亚,2003/04,exports,1.011
豆粕,俄罗斯,2003/04,exports,0.001
豆粕,菲律宾,2003/04,exports,0
豆粕,哥伦比亚,2003/04,exports,0.006
豆粕,韩国,2003/04,exports,0
豆粕,加拿大,2003/04,exports,0.068
豆粕,马来西亚,2003/04,exports,0.027
豆粕,美国,2003/04,exports,4.69
豆粕,孟加拉国,2003/04,exports,0
豆粕,秘鲁,2003/04,exports,0
豆粕,摩洛哥,2003/04,exports,0
豆粕,墨西哥,2003/04,exports,0.001
豆粕,南非,2003/04,exports,0.002
豆粕,欧盟,2003/04,exports,0.399
豆粕,日本,2003/04,exports,0.001
豆粕,沙特阿拉伯,2003/04,exports,0
豆粕,泰国,2003/04,exports,0
豆粕,突尼斯,2003/04,exports,0.001
豆粕,土耳其,2003/04,exports,0.019
豆粕,委内瑞拉,2003/04,exports,0
豆粕,乌克兰,2003/04,exports,0.002
豆粕,乌拉圭,2003/04,exports,0
豆粕,伊朗,2003/04,exports,0
豆粕,印度,2003/04,exports,3.272
豆粕,印度尼西亚,2003/04,exports,0
豆粕,越南,2003/04,exports,0
豆粕,智利,2003/04,exports,0
豆粕,中国,2003/04,exports,0.662
豆粕,中国台湾,2003/04,exports,0.009
豆粕,Australia,2003/04,exports,0.011
豆粕,Barbados,2003/04,exports,0
豆粕,Belarus,2003/04,exports,0
豆粕,Bosnia and Herzegovina,2003/04,exports,0.002
豆粕,Burma,2003/04,exports,0
豆粕,Costa Rica,2003/04,exports,0.002
豆粕,Cuba,2003/04,exports,0
豆粕,Dominican Republic,2003/04,exports,0
豆粕,Ecuador,2003/04,exports,0
豆粕,El Salvador,2003/04,exports,0
豆粕,Georgia,2003/04,exports,0
豆粕,Guatemala,2003/04,exports,0
豆粕,Guyana,2003/04,exports,0
豆粕,Honduras,2003/04,exports,0.003
豆粕,Iraq,2003/04,exports,0
豆粕,Israel,2003/04,exports,0.001
豆粕,Jamaica,2003/04,exports,0
豆粕,Jordan,2003/04,exports,0.008
豆粕,Kazakhstan,2003/04,exports,0.002
豆粕,Kenya,2003/04,exports,0
豆粕,"Korea, North",2003/04,exports,0
豆粕,Lebanon,2003/04,exports,0.02
豆粕,Libya,2003/04,exports,0
豆粕,New Zealand,2003/04,exports,0
豆粕,Nicaragua,2003/04,exports,0
豆粕,Nigeria,2003/04,exports,0.001
豆粕,North Macedonia,2003/04,exports,0
豆粕,Norway,2003/04,exports,0.132
豆粕,Panama,2003/04,exports,0
豆粕,Serbia and Montenegro,2003/04,exports,0.011
豆粕,Singapore,2003/04,exports,0.003
豆粕,Sri Lanka,2003/04,exports,0.001
豆粕,Switzerland,2003/04,exports,0
豆粕,Syria,2003/04,exports,0.046
豆粕,Trinidad and Tobago,2003/04,exports,0.009
豆粕,United Arab Emirates,2003/04,exports,0.167
豆粕,Uzbekistan,2003/04,exports,0
豆粕,Yemen,2003/04,exports,0
豆粕,Zambia,2003/04,exports,0
豆粕,Zimbabwe,2003/04,exports,0
豆粕,阿尔及利亚,2003/04,imports,0.566
豆粕,阿根廷,2003/04,imports,0.002
豆粕,埃及,2003/04,imports,0.844
豆粕,巴基斯坦,2003/04,imports,0.138
豆粕,巴拉圭,2003/04,imports,0
豆粕,巴西,2003/04,imports,0.282
豆粕,玻利维亚,2003/04,imports,0
豆粕,俄罗斯,2003/04,imports,0.362
豆粕,菲律宾,2003/04,imports,1.171
豆粕,哥伦比亚,2003/04,imports,0.494
豆粕,韩国,2003/04,imports,1.307
豆粕,加拿大,2003/04,imports,1.079
豆粕,马来西亚,2003/04,imports,0.579
豆粕,美国,2003/04,imports,0.259
豆粕,孟加拉国,2003/04,imports,0.228
豆粕,秘鲁,2003/04,imports,0.631
豆粕,摩洛哥,2003/04,imports,0.036
豆粕,墨西哥,2003/04,imports,0.792
豆粕,南非,2003/04,imports,0.613
豆粕,欧盟,2003/04,imports,22.128
豆粕,日本,2003/04,imports,1.196
豆粕,沙特阿拉伯,2003/04,imports,0.619
豆粕,泰国,2003/04,imports,1.662
豆粕,突尼斯,2003/04,imports,0.403
豆粕,土耳其,2003/04,imports,0.439
豆粕,委内瑞拉,2003/04,imports,0.7
豆粕,乌克兰,2003/04,imports,0.081
豆粕,乌拉圭,2003/04,imports,0.047
豆粕,伊朗,2003/04,imports,0.851
豆粕,印度,2003/04,imports,0.002
豆粕,印度尼西亚,2003/04,imports,1.665
豆粕,越南,2003/04,imports,0.963
豆粕,智利,2003/04,imports,0.532
豆粕,中国,2003/04,imports,0.019
豆粕,中国台湾,2003/04,imports,0.086
豆粕,Australia,2003/04,imports,0.334
豆粕,Barbados,2003/04,imports,0
豆粕,Belarus,2003/04,imports,0.004
豆粕,Bosnia and Herzegovina,2003/04,imports,0.006
豆粕,Burma,2003/04,imports,0
豆粕,Costa Rica,2003/04,imports,0.009
豆粕,Cuba,2003/04,imports,0.195
豆粕,Dominican Republic,2003/04,imports,0.294
豆粕,Ecuador,2003/04,imports,0.295
豆粕,El Salvador,2003/04,imports,0.166
豆粕,Georgia,2003/04,imports,0.001
豆粕,Guatemala,2003/04,imports,0.206
豆粕,Guyana,2003/04,imports,0
豆粕,Honduras,2003/04,imports,0.154
豆粕,Iraq,2003/04,imports,0.05
豆粕,Israel,2003/04,imports,0.098
豆粕,Jamaica,2003/04,imports,0.087
豆粕,Jordan,2003/04,imports,0.207
豆粕,Kazakhstan,2003/04,imports,0.003
豆粕,Kenya,2003/04,imports,0.003
豆粕,"Korea, North",2003/04,imports,0.323
豆粕,Lebanon,2003/04,imports,0.053
豆粕,Libya,2003/04,imports,0.141
豆粕,New Zealand,2003/04,imports,0.098
豆粕,Nicaragua,2003/04,imports,0.039
豆粕,Nigeria,2003/04,imports,0.024
豆粕,North Macedonia,2003/04,imports,0.017
豆粕,Norway,2003/04,imports,0.06
豆粕,Panama,2003/04,imports,0.151
豆粕,Serbia and Montenegro,2003/04,imports,0.106
豆粕,Singapore,2003/04,imports,0.019
豆粕,Sri Lanka,2003/04,imports,0.096
豆粕,Switzerland,2003/04,imports,0.226
豆粕,Syria,2003/04,imports,0.395
豆粕,Trinidad and Tobago,2003/04,imports,0.016
豆粕,United Arab Emirates,2003/04,imports,0.223
豆粕,Uzbekistan,2003/04,imports,0
豆粕,Yemen,2003/04,imports,0.05
豆粕,Zambia,2003/04,imports,0.001
豆粕,Zimbabwe,2003/04,imports,0.001
豆粕,阿尔及利亚,2003/04,production,0
豆粕,阿根廷,2003/04,production,19.761
豆粕,埃及,2003/04,production,0.193
豆粕,巴基斯坦,2003/04,production,0.062
豆粕,巴拉圭,2003/04,production,1.115
豆粕,巴西,2003/04,production,22.45
豆粕,玻利维亚,2003/04,production,1.335
豆粕,俄罗斯,2003/04,production,0.284
豆粕,菲律宾,2003/04,production,0.169
豆粕,哥伦比亚,2003/04,production,0.224
豆粕,韩国,2003/04,production,0.817
豆粕,加拿大,2003/04,production,1.249
豆粕,马来西亚,2003/04,production,0.311
豆粕,美国,2003/04,production,32.953
豆粕,孟加拉国,2003/04,production,0.047
豆粕,秘鲁,2003/04,production,0.001
豆粕,摩洛哥,2003/04,production,0.342
豆粕,墨西哥,2003/04,production,3.155
豆粕,南非,2003/04,production,0.038
豆粕,欧盟,2003/04,production,11.221
豆粕,日本,2003/04,production,2.714
豆粕,沙特阿拉伯,2003/04,production,0
豆粕,泰国,2003/04,production,1.088
豆粕,突尼斯,2003/04,production,0
豆粕,土耳其,2003/04,production,0.17
豆粕,委内瑞拉,2003/04,production,0.016
豆粕,乌克兰,2003/04,production,0.118
豆粕,乌拉圭,2003/04,production,0.013
豆粕,伊朗,2003/04,production,0.72
豆粕,印度,2003/04,production,4.48
豆粕,印度尼西亚,2003/04,production,0
豆粕,越南,2003/04,production,0
豆粕,智利,2003/04,production,0.149
豆粕,中国,2003/04,production,20.19
豆粕,中国台湾,2003/04,production,1.522
豆粕,Australia,2003/04,production,0.046
豆粕,Barbados,2003/04,production,0
豆粕,Belarus,2003/04,production,0
豆粕,Bosnia and Herzegovina,2003/04,production,0.012
豆粕,Burma,2003/04,production,0
豆粕,Costa Rica,2003/04,production,0.162
豆粕,Cuba,2003/04,production,0.125
豆粕,Dominican Republic,2003/04,production,0
豆粕,Ecuador,2003/04,production,0.026
豆粕,El Salvador,2003/04,production,0
豆粕,Georgia,2003/04,production,0
豆粕,Guatemala,2003/04,production,0.029
豆粕,Guyana,2003/04,production,0
豆粕,Honduras,2003/04,production,0
豆粕,Iraq,2003/04,production,0
豆粕,Israel,2003/04,production,0.374
豆粕,Jamaica,2003/04,production,0
豆粕,Jordan,2003/04,production,0
豆粕,Kazakhstan,2003/04,production,0.006
豆粕,Kenya,2003/04,production,0
豆粕,"Korea, North",2003/04,production,0.171
豆粕,Lebanon,2003/04,production,0.07
豆粕,Libya,2003/04,production,0
豆粕,New Zealand,2003/04,production,0
豆粕,Nicaragua,2003/04,production,0
豆粕,Nigeria,2003/04,production,0.152
豆粕,North Macedonia,2003/04,production,0
豆粕,Norway,2003/04,production,0.291
豆粕,Panama,2003/04,production,0.005
豆粕,Serbia and Montenegro,2003/04,production,0.216
豆粕,Singapore,2003/04,production,0.016
豆粕,Sri Lanka,2003/04,production,0
豆粕,Switzerland,2003/04,production,0.033
豆粕,Syria,2003/04,production,0.145
豆粕,Trinidad and Tobago,2003/04,production,0.055
豆粕,United Arab Emirates,2003/04,production,0.158
豆粕,Uzbekistan,2003/04,production,0.001
豆粕,Yemen,2003/04,production,0
豆粕,Zambia,2003/04,production,0.019
豆粕,Zimbabwe,2003/04,production,0.066
豆粕,阿尔及利亚,2004/05,consumption,0.455
豆粕,阿根廷,2004/05,consumption,0.5
豆粕,埃及,2004/05,consumption,1.059
豆粕,巴基斯坦,2004/05,consumption,0.216
豆粕,巴拉圭,2004/05,consumption,0.225
豆粕,巴西,2004/05,consumption,8.96
豆粕,玻利维亚,2004/05,consumption,0.075
豆粕,俄罗斯,2004/05,consumption,0.925
豆粕,菲律宾,2004/05,consumption,1.65
豆粕,哥伦比亚,2004/05,consumption,0.722
豆粕,韩国,2004/05,consumption,2.149
豆粕,加拿大,2004/05,consumption,2.286
豆粕,马来西亚,2004/05,consumption,0.962
豆粕,美国,2004/05,consumption,30.446
豆粕,孟加拉国,2004/05,consumption,0.298
豆粕,秘鲁,2004/05,consumption,0.74
豆粕,摩洛哥,2004/05,consumption,0.369
豆粕,墨西哥,2004/05,consumption,4.208
豆粕,南非,2004/05,consumption,0.736
豆粕,欧盟,2004/05,consumption,32.893
豆粕,日本,2004/05,consumption,3.913
豆粕,沙特阿拉伯,2004/05,consumption,0.525
豆粕,泰国,2004/05,consumption,2.936
豆粕,突尼斯,2004/05,consumption,0.312
豆粕,土耳其,2004/05,consumption,0.695
豆粕,委内瑞拉,2004/05,consumption,0.772
豆粕,乌克兰,2004/05,consumption,0.281
豆粕,乌拉圭,2004/05,consumption,0.085
豆粕,伊朗,2004/05,consumption,1.191
豆粕,印度,2004/05,consumption,1.29
豆粕,印度尼西亚,2004/05,consumption,1.839
豆粕,越南,2004/05,consumption,1.152
豆粕,智利,2004/05,consumption,0.72
豆粕,中国,2004/05,consumption,23.437
豆粕,中国台湾,2004/05,consumption,1.603
豆粕,Australia,2004/05,consumption,0.375
豆粕,Barbados,2004/05,consumption,0.02
豆粕,Belarus,2004/05,consumption,0.09
豆粕,Bosnia and Herzegovina,2004/05,consumption,0.012
豆粕,Costa Rica,2004/05,consumption,0.152
豆粕,Cuba,2004/05,consumption,0.273
豆粕,Dominican Republic,2004/05,consumption,0.367
豆粕,Ecuador,2004/05,consumption,0.422
豆粕,El Salvador,2004/05,consumption,0.157
豆粕,Ethiopia,2004/05,consumption,0
豆粕,Georgia,2004/05,consumption,0.003
豆粕,Guatemala,2004/05,consumption,0.28
豆粕,Guyana,2004/05,consumption,0
豆粕,Honduras,2004/05,consumption,0.118
豆粕,Iraq,2004/05,consumption,0.02
豆粕,Israel,2004/05,consumption,0.479
豆粕,Jamaica,2004/05,consumption,0.07
豆粕,Jordan,2004/05,consumption,0.205
豆粕,Kazakhstan,2004/05,consumption,0.011
豆粕,Kenya,2004/05,consumption,0.007
豆粕,"Korea, North",2004/05,consumption,0.273
豆粕,Lebanon,2004/05,consumption,0.131
豆粕,Libya,2004/05,consumption,0.148
豆粕,New Zealand,2004/05,consumption,0.113
豆粕,Nicaragua,2004/05,consumption,0.048
豆粕,Nigeria,2004/05,consumption,0.172
豆粕,North Macedonia,2004/05,consumption,0.022
豆粕,Norway,2004/05,consumption,0.214
豆粕,Panama,2004/05,consumption,0.136
豆粕,Serbia and Montenegro,2004/05,consumption,0.301
豆粕,Singapore,2004/05,consumption,0.031
豆粕,Sri Lanka,2004/05,consumption,0.102
豆粕,Switzerland,2004/05,consumption,0.216
豆粕,Syria,2004/05,consumption,0.704
豆粕,Trinidad and Tobago,2004/05,consumption,0.06
豆粕,United Arab Emirates,2004/05,consumption,0.031
豆粕,Uzbekistan,2004/05,consumption,0.004
豆粕,Yemen,2004/05,consumption,0.083
豆粕,Zambia,2004/05,consumption,0.028
豆粕,Zimbabwe,2004/05,consumption,0.087
豆粕,阿尔及利亚,2004/05,exports,0
豆粕,阿根廷,2004/05,exports,20.65
豆粕,埃及,2004/05,exports,0.008
豆粕,巴基斯坦,2004/05,exports,0.012
豆粕,巴拉圭,2004/05,exports,0.844
豆粕,巴西,2004/05,exports,14.256
豆粕,玻利维亚,2004/05,exports,1.391
豆粕,俄罗斯,2004/05,exports,0.001
豆粕,菲律宾,2004/05,exports,0
豆粕,哥伦比亚,2004/05,exports,0
豆粕,韩国,2004/05,exports,0
豆粕,加拿大,2004/05,exports,0.093
豆粕,马来西亚,2004/05,exports,0.023
豆粕,美国,2004/05,exports,6.659
豆粕,孟加拉国,2004/05,exports,0
豆粕,秘鲁,2004/05,exports,0
豆粕,摩洛哥,2004/05,exports,0
豆粕,墨西哥,2004/05,exports,0.002
豆粕,南非,2004/05,exports,0.005
豆粕,欧盟,2004/05,exports,0.533
豆粕,日本,2004/05,exports,0
豆粕,沙特阿拉伯,2004/05,exports,0
豆粕,泰国,2004/05,exports,0
豆粕,突尼斯,2004/05,exports,0
豆粕,土耳其,2004/05,exports,0.017
豆粕,委内瑞拉,2004/05,exports,0
豆粕,乌克兰,2004/05,exports,0.003
豆粕,乌拉圭,2004/05,exports,0
豆粕,伊朗,2004/05,exports,0
豆粕,印度,2004/05,exports,2.573
豆粕,印度尼西亚,2004/05,exports,0
豆粕,越南,2004/05,exports,0
豆粕,智利,2004/05,exports,0
豆粕,中国,2004/05,exports,0.658
豆粕,中国台湾,2004/05,exports,0.009
豆粕,Australia,2004/05,exports,0.005
豆粕,Barbados,2004/05,exports,0
豆粕,Belarus,2004/05,exports,0
豆粕,Bosnia and Herzegovina,2004/05,exports,0.005
豆粕,Costa Rica,2004/05,exports,0.005
豆粕,Cuba,2004/05,exports,0
豆粕,Dominican Republic,2004/05,exports,0
豆粕,Ecuador,2004/05,exports,0
豆粕,El Salvador,2004/05,exports,0.002
豆粕,Ethiopia,2004/05,exports,0
豆粕,Georgia,2004/05,exports,0
豆粕,Guatemala,2004/05,exports,0.001
豆粕,Guyana,2004/05,exports,0
豆粕,Honduras,2004/05,exports,0
豆粕,Iraq,2004/05,exports,0
豆粕,Israel,2004/05,exports,0.003
豆粕,Jamaica,2004/05,exports,0
豆粕,Jordan,2004/05,exports,0.011
豆粕,Kazakhstan,2004/05,exports,0.005
豆粕,Kenya,2004/05,exports,0
豆粕,"Korea, North",2004/05,exports,0
豆粕,Lebanon,2004/05,exports,0.002
豆粕,Libya,2004/05,exports,0
豆粕,New Zealand,2004/05,exports,0
豆粕,Nicaragua,2004/05,exports,0
豆粕,Nigeria,2004/05,exports,0
豆粕,North Macedonia,2004/05,exports,0
豆粕,Norway,2004/05,exports,0.165
豆粕,Panama,2004/05,exports,0
豆粕,Serbia and Montenegro,2004/05,exports,0.007
豆粕,Singapore,2004/05,exports,0.001
豆粕,Sri Lanka,2004/05,exports,0
豆粕,Switzerland,2004/05,exports,0
豆粕,Syria,2004/05,exports,0.023
豆粕,Trinidad and Tobago,2004/05,exports,0.008
豆粕,United Arab Emirates,2004/05,exports,0.244
豆粕,Uzbekistan,2004/05,exports,0
豆粕,Yemen,2004/05,exports,0
豆粕,Zambia,2004/05,exports,0
豆粕,Zimbabwe,2004/05,exports,0
豆粕,阿尔及利亚,2004/05,imports,0.455
豆粕,阿根廷,2004/05,imports,0
豆粕,埃及,2004/05,imports,0.551
豆粕,巴基斯坦,2004/05,imports,0.227
豆粕,巴拉圭,2004/05,imports,0.001
豆粕,巴西,2004/05,imports,0.252
豆粕,玻利维亚,2004/05,imports,0.001
豆粕,俄罗斯,2004/05,imports,0.533
豆粕,菲律宾,2004/05,imports,1.542
豆粕,哥伦比亚,2004/05,imports,0.575
豆粕,韩国,2004/05,imports,1.462
豆粕,加拿大,2004/05,imports,1.145
豆粕,马来西亚,2004/05,imports,0.677
豆粕,美国,2004/05,imports,0.134
豆粕,孟加拉国,2004/05,imports,0.211
豆粕,秘鲁,2004/05,imports,0.74
豆粕,摩洛哥,2004/05,imports,0
豆粕,墨西哥,2004/05,imports,1.251
豆粕,南非,2004/05,imports,0.678
豆粕,欧盟,2004/05,imports,22.019
豆粕,日本,2004/05,imports,1.503
豆粕,沙特阿拉伯,2004/05,imports,0.525
豆粕,泰国,2004/05,imports,1.73
豆粕,突尼斯,2004/05,imports,0.27
豆粕,土耳其,2004/05,imports,0.576
豆粕,委内瑞拉,2004/05,imports,0.757
豆粕,乌克兰,2004/05,imports,0.066
豆粕,乌拉圭,2004/05,imports,0.069
豆粕,伊朗,2004/05,imports,0.216
豆粕,印度,2004/05,imports,0.013
豆粕,印度尼西亚,2004/05,imports,1.849
豆粕,越南,2004/05,imports,1.152
豆粕,智利,2004/05,imports,0.608
豆粕,中国,2004/05,imports,0.069
豆粕,中国台湾,2004/05,imports,0.093
豆粕,Australia,2004/05,imports,0.337
豆粕,Barbados,2004/05,imports,0
豆粕,Belarus,2004/05,imports,0.09
豆粕,Bosnia and Herzegovina,2004/05,imports,0.006
豆粕,Costa Rica,2004/05,imports,0.008
豆粕,Cuba,2004/05,imports,0.149
豆粕,Dominican Republic,2004/05,imports,0.371
豆粕,Ecuador,2004/05,imports,0.408
豆粕,El Salvador,2004/05,imports,0.159
豆粕,Ethiopia,2004/05,imports,0
豆粕,Georgia,2004/05,imports,0.005
豆粕,Guatemala,2004/05,imports,0.246
豆粕,Guyana,2004/05,imports,0
豆粕,Honduras,2004/05,imports,0.118
豆粕,Iraq,2004/05,imports,0.02
豆粕,Israel,2004/05,imports,0.089
豆粕,Jamaica,2004/05,imports,0.069
豆粕,Jordan,2004/05,imports,0.216
豆粕,Kazakhstan,2004/05,imports,0.006
豆粕,Kenya,2004/05,imports,0.008
豆粕,"Korea, North",2004/05,imports,0.045
豆粕,Lebanon,2004/05,imports,0.058
豆粕,Libya,2004/05,imports,0.148
豆粕,New Zealand,2004/05,imports,0.113
豆粕,Nicaragua,2004/05,imports,0.048
豆粕,Nigeria,2004/05,imports,0.018
豆粕,North Macedonia,2004/05,imports,0.022
豆粕,Norway,2004/05,imports,0.079
豆粕,Panama,2004/05,imports,0.131
豆粕,Serbia and Montenegro,2004/05,imports,0.092
豆粕,Singapore,2004/05,imports,0.016
豆粕,Sri Lanka,2004/05,imports,0.102
豆粕,Switzerland,2004/05,imports,0.176
豆粕,Syria,2004/05,imports,0.572
豆粕,Trinidad and Tobago,2004/05,imports,0.016
豆粕,United Arab Emirates,2004/05,imports,0.025
豆粕,Uzbekistan,2004/05,imports,0
豆粕,Yemen,2004/05,imports,0.083
豆粕,Zambia,2004/05,imports,0.001
豆粕,Zimbabwe,2004/05,imports,0
豆粕,阿尔及利亚,2004/05,production,0
豆粕,阿根廷,2004/05,production,21.601
豆粕,埃及,2004/05,production,0.49
豆粕,巴基斯坦,2004/05,production,0.001
豆粕,巴拉圭,2004/05,production,1
豆粕,巴西,2004/05,production,22.74
豆粕,玻利维亚,2004/05,production,1.365
豆粕,俄罗斯,2004/05,production,0.394
豆粕,菲律宾,2004/05,production,0.152
豆粕,哥伦比亚,2004/05,production,0.145
豆粕,韩国,2004/05,production,0.731
豆粕,加拿大,2004/05,production,1.23
豆粕,马来西亚,2004/05,production,0.311
豆粕,美国,2004/05,production,36.936
豆粕,孟加拉国,2004/05,production,0.087
豆粕,秘鲁,2004/05,production,0
豆粕,摩洛哥,2004/05,production,0.369
豆粕,墨西哥,2004/05,production,2.95
豆粕,南非,2004/05,production,0.048
豆粕,欧盟,2004/05,production,11.408
豆粕,日本,2004/05,production,2.416
豆粕,沙特阿拉伯,2004/05,production,0
豆粕,泰国,2004/05,production,1.178
豆粕,突尼斯,2004/05,production,0
豆粕,土耳其,2004/05,production,0.242
豆粕,委内瑞拉,2004/05,production,0.008
豆粕,乌克兰,2004/05,production,0.218
豆粕,乌拉圭,2004/05,production,0.016
豆粕,伊朗,2004/05,production,0.975
豆粕,印度,2004/05,production,4
豆粕,印度尼西亚,2004/05,production,0
豆粕,越南,2004/05,production,0
豆粕,智利,2004/05,production,0.145
豆粕,中国,2004/05,production,24.026
豆粕,中国台湾,2004/05,production,1.488
豆粕,Australia,2004/05,production,0.043
豆粕,Barbados,2004/05,production,0.02
豆粕,Belarus,2004/05,production,0
豆粕,Bosnia and Herzegovina,2004/05,production,0.012
豆粕,Costa Rica,2004/05,production,0.149
豆粕,Cuba,2004/05,production,0.124
豆粕,Dominican Republic,2004/05,production,0
豆粕,Ecuador,2004/05,production,0.026
豆粕,El Salvador,2004/05,production,0
豆粕,Ethiopia,2004/05,production,0
豆粕,Georgia,2004/05,production,0
豆粕,Guatemala,2004/05,production,0.035
豆粕,Guyana,2004/05,production,0
豆粕,Honduras,2004/05,production,0
豆粕,Iraq,2004/05,production,0
豆粕,Israel,2004/05,production,0.413
豆粕,Jamaica,2004/05,production,0
豆粕,Jordan,2004/05,production,0
豆粕,Kazakhstan,2004/05,production,0.01
豆粕,Kenya,2004/05,production,0
豆粕,"Korea, North",2004/05,production,0.128
豆粕,Lebanon,2004/05,production,0.075
豆粕,Libya,2004/05,production,0
豆粕,New Zealand,2004/05,production,0
豆粕,Nicaragua,2004/05,production,0
豆粕,Nigeria,2004/05,production,0.154
豆粕,North Macedonia,2004/05,production,0
豆粕,Norway,2004/05,production,0.305
豆粕,Panama,2004/05,production,0.005
豆粕,Serbia and Montenegro,2004/05,production,0.216
豆粕,Singapore,2004/05,production,0.016
豆粕,Sri Lanka,2004/05,production,0
豆粕,Switzerland,2004/05,production,0.04
豆粕,Syria,2004/05,production,0.155
豆粕,Trinidad and Tobago,2004/05,production,0.052
豆粕,United Arab Emirates,2004/05,production,0.25
豆粕,Uzbekistan,2004/05,production,0.004
豆粕,Yemen,2004/05,production,0
豆粕,Zambia,2004/05,production,0.027
豆粕,Zimbabwe,2004/05,production,0.087
豆粕,阿尔及利亚,2005/06,consumption,0.631
豆粕,阿根廷,2005/06,consumption,0.535
豆粕,埃及,2005/06,consumption,1.15
豆粕,巴基斯坦,2005/06,consumption,0.316
豆粕,巴拉圭,2005/06,consumption,0.225
豆粕,巴西,2005/06,consumption,9.328
豆粕,玻利维亚,2005/06,consumption,0.12
豆粕,俄罗斯,2005/06,consumption,1.086
豆粕,菲律宾,2005/06,consumption,1.675
豆粕,哥伦比亚,2005/06,consumption,0.836
豆粕,韩国,2005/06,consumption,2.373
豆粕,加拿大,2005/06,consumption,2.392
豆粕,马来西亚,2005/06,consumption,1.137
豆粕,美国,2005/06,consumption,30.114
豆粕,孟加拉国,2005/06,consumption,0.279
豆粕,秘鲁,2005/06,consumption,0.864
豆粕,摩洛哥,2005/06,consumption,0.432
豆粕,墨西哥,2005/06,consumption,4.601
豆粕,南非,2005/06,consumption,0.914
豆粕,欧盟,2005/06,consumption,33.126
豆粕,日本,2005/06,consumption,3.953
豆粕,沙特阿拉伯,2005/06,consumption,0.534
豆粕,泰国,2005/06,consumption,3.133
豆粕,突尼斯,2005/06,consumption,0.211
豆粕,土耳其,2005/06,consumption,0.689
豆粕,委内瑞拉,2005/06,consumption,0.837
豆粕,乌克兰,2005/06,consumption,0.424
豆粕,乌拉圭,2005/06,consumption,0.084
豆粕,伊朗,2005/06,consumption,0.804
豆粕,印度,2005/06,consumption,0.835
豆粕,印度尼西亚,2005/06,consumption,2.085
豆粕,越南,2005/06,consumption,1.722
豆粕,智利,2005/06,consumption,0.82
豆粕,中国,2005/06,consumption,27.776
豆粕,中国台湾,2005/06,consumption,1.682
豆粕,Australia,2005/06,consumption,0.531
豆粕,Barbados,2005/06,consumption,0.015
豆粕,Belarus,2005/06,consumption,0.162
豆粕,Bosnia and Herzegovina,2005/06,consumption,0.009
豆粕,Costa Rica,2005/06,consumption,0.161
豆粕,Cuba,2005/06,consumption,0.261
豆粕,Dominican Republic,2005/06,consumption,0.446
豆粕,Ecuador,2005/06,consumption,0.517
豆粕,El Salvador,2005/06,consumption,0.15
豆粕,Ethiopia,2005/06,consumption,0
豆粕,Georgia,2005/06,consumption,0.012
豆粕,Guatemala,2005/06,consumption,0.286
豆粕,Guyana,2005/06,consumption,0.015
豆粕,Honduras,2005/06,consumption,0.15
豆粕,Iraq,2005/06,consumption,0.04
豆粕,Israel,2005/06,consumption,0.312
豆粕,Jamaica,2005/06,consumption,0.087
豆粕,Jordan,2005/06,consumption,0.211
豆粕,Kazakhstan,2005/06,consumption,0.03
豆粕,Kenya,2005/06,consumption,0.007
豆粕,"Korea, North",2005/06,consumption,0.208
豆粕,Lebanon,2005/06,consumption,0.114
豆粕,Libya,2005/06,consumption,0.218
豆粕,New Zealand,2005/06,consumption,0.097
豆粕,Nicaragua,2005/06,consumption,0.027
豆粕,Nigeria,2005/06,consumption,0.195
豆粕,North Macedonia,2005/06,consumption,0.026
豆粕,Norway,2005/06,consumption,0.258
豆粕,Panama,2005/06,consumption,0.151
豆粕,Serbia and Montenegro,2005/06,consumption,0.309
豆粕,Singapore,2005/06,consumption,0.033
豆粕,Sri Lanka,2005/06,consumption,0.102
豆粕,Switzerland,2005/06,consumption,0.231
豆粕,Syria,2005/06,consumption,0.66
豆粕,Trinidad and Tobago,2005/06,consumption,0.045
豆粕,United Arab Emirates,2005/06,consumption,0.21
豆粕,Uzbekistan,2005/06,consumption,0.007
豆粕,Yemen,2005/06,consumption,0.057
豆粕,Zambia,2005/06,consumption,0.023
豆粕,Zimbabwe,2005/06,consumption,0.061
豆粕,阿尔及利亚,2005/06,exports,0
豆粕,阿根廷,2005/06,exports,24.222
豆粕,埃及,2005/06,exports,0
豆粕,巴基斯坦,2005/06,exports,0
豆粕,巴拉圭,2005/06,exports,0.807
豆粕,巴西,2005/06,exports,12.895
豆粕,玻利维亚,2005/06,exports,1.186
豆粕,俄罗斯,2005/06,exports,0.001
豆粕,菲律宾,2005/06,exports,0
豆粕,哥伦比亚,2005/06,exports,0
豆粕,韩国,2005/06,exports,0
豆粕,加拿大,2005/06,exports,0.129
豆粕,马来西亚,2005/06,exports,0.03
豆粕,美国,2005/06,exports,7.301
豆粕,孟加拉国,2005/06,exports,0
豆粕,秘鲁,2005/06,exports,0
豆粕,摩洛哥,2005/06,exports,0
豆粕,墨西哥,2005/06,exports,0.004
豆粕,南非,2005/06,exports,0.003
豆粕,欧盟,2005/06,exports,0.714
豆粕,日本,2005/06,exports,0
豆粕,沙特阿拉伯,2005/06,exports,0
豆粕,泰国,2005/06,exports,0
豆粕,突尼斯,2005/06,exports,0.009
豆粕,土耳其,2005/06,exports,0.016
豆粕,委内瑞拉,2005/06,exports,0
豆粕,乌克兰,2005/06,exports,0
豆粕,乌拉圭,2005/06,exports,0
豆粕,伊朗,2005/06,exports,0
豆粕,印度,2005/06,exports,5.035
豆粕,印度尼西亚,2005/06,exports,0.001
豆粕,越南,2005/06,exports,0
豆粕,智利,2005/06,exports,0
豆粕,中国,2005/06,exports,0.357
豆粕,中国台湾,2005/06,exports,0.011
豆粕,Australia,2005/06,exports,0.004
豆粕,Barbados,2005/06,exports,0
豆粕,Belarus,2005/06,exports,0
豆粕,Bosnia and Herzegovina,2005/06,exports,0.011
豆粕,Costa Rica,2005/06,exports,0.002
豆粕,Cuba,2005/06,exports,0
豆粕,Dominican Republic,2005/06,exports,0
豆粕,Ecuador,2005/06,exports,0
豆粕,El Salvador,2005/06,exports,0
豆粕,Ethiopia,2005/06,exports,0
豆粕,Georgia,2005/06,exports,0
豆粕,Guatemala,2005/06,exports,0
豆粕,Guyana,2005/06,exports,0
豆粕,Honduras,2005/06,exports,0
豆粕,Iraq,2005/06,exports,0
豆粕,Israel,2005/06,exports,0.008
豆粕,Jamaica,2005/06,exports,0
豆粕,Jordan,2005/06,exports,0.006
豆粕,Kazakhstan,2005/06,exports,0.008
豆粕,Kenya,2005/06,exports,0
豆粕,"Korea, North",2005/06,exports,0
豆粕,Lebanon,2005/06,exports,0.004
豆粕,Libya,2005/06,exports,0
豆粕,New Zealand,2005/06,exports,0
豆粕,Nicaragua,2005/06,exports,0.001
豆粕,Nigeria,2005/06,exports,0
豆粕,North Macedonia,2005/06,exports,0
豆粕,Norway,2005/06,exports,0.16
豆粕,Panama,2005/06,exports,0
豆粕,Serbia and Montenegro,2005/06,exports,0.007
豆粕,Singapore,2005/06,exports,0.002
豆粕,Sri Lanka,2005/06,exports,0.002
豆粕,Switzerland,2005/06,exports,0
豆粕,Syria,2005/06,exports,0.007
豆粕,Trinidad and Tobago,2005/06,exports,0.001
豆粕,United Arab Emirates,2005/06,exports,0.09
豆粕,Uzbekistan,2005/06,exports,0
豆粕,Yemen,2005/06,exports,0
豆粕,Zambia,2005/06,exports,0
豆粕,Zimbabwe,2005/06,exports,0
豆粕,阿尔及利亚,2005/06,imports,0.631
豆粕,阿根廷,2005/06,imports,0.001
豆粕,埃及,2005/06,imports,0.441
豆粕,巴基斯坦,2005/06,imports,0.307
豆粕,巴拉圭,2005/06,imports,0.001
豆粕,巴西,2005/06,imports,0.195
豆粕,玻利维亚,2005/06,imports,0
豆粕,俄罗斯,2005/06,imports,0.607
豆粕,菲律宾,2005/06,imports,1.646
豆粕,哥伦比亚,2005/06,imports,0.691
豆粕,韩国,2005/06,imports,1.773
豆粕,加拿大,2005/06,imports,1.342
豆粕,马来西亚,2005/06,imports,0.862
豆粕,美国,2005/06,imports,0.128
豆粕,孟加拉国,2005/06,imports,0.189
豆粕,秘鲁,2005/06,imports,0.853
豆粕,摩洛哥,2005/06,imports,0.077
豆粕,墨西哥,2005/06,imports,1.728
豆粕,南非,2005/06,imports,0.819
豆粕,欧盟,2005/06,imports,22.947
豆粕,日本,2005/06,imports,1.601
豆粕,沙特阿拉伯,2005/06,imports,0.534
豆粕,泰国,2005/06,imports,2.042
豆粕,突尼斯,2005/06,imports,0.24
豆粕,土耳其,2005/06,imports,0.277
豆粕,委内瑞拉,2005/06,imports,0.826
豆粕,乌克兰,2005/06,imports,0.159
豆粕,乌拉圭,2005/06,imports,0.068
豆粕,伊朗,2005/06,imports,0.35
豆粕,印度,2005/06,imports,0.003
豆粕,印度尼西亚,2005/06,imports,2.071
豆粕,越南,2005/06,imports,1.722
豆粕,智利,2005/06,imports,0.698
豆粕,中国,2005/06,imports,0.837
豆粕,中国台湾,2005/06,imports,0.092
豆粕,Australia,2005/06,imports,0.522
豆粕,Barbados,2005/06,imports,0
豆粕,Belarus,2005/06,imports,0.162
豆粕,Bosnia and Herzegovina,2005/06,imports,0.007
豆粕,Costa Rica,2005/06,imports,0.012
豆粕,Cuba,2005/06,imports,0.167
豆粕,Dominican Republic,2005/06,imports,0.446
豆粕,Ecuador,2005/06,imports,0.498
豆粕,El Salvador,2005/06,imports,0.15
豆粕,Ethiopia,2005/06,imports,0
豆粕,Georgia,2005/06,imports,0.01
豆粕,Guatemala,2005/06,imports,0.248
豆粕,Guyana,2005/06,imports,0.015
豆粕,Honduras,2005/06,imports,0.17
豆粕,Iraq,2005/06,imports,0.04
豆粕,Israel,2005/06,imports,0.057
豆粕,Jamaica,2005/06,imports,0.088
豆粕,Jordan,2005/06,imports,0.221
豆粕,Kazakhstan,2005/06,imports,0.002
豆粕,Kenya,2005/06,imports,0.006
豆粕,"Korea, North",2005/06,imports,0.004
豆粕,Lebanon,2005/06,imports,0.043
豆粕,Libya,2005/06,imports,0.218
豆粕,New Zealand,2005/06,imports,0.097
豆粕,Nicaragua,2005/06,imports,0.028
豆粕,Nigeria,2005/06,imports,0.033
豆粕,North Macedonia,2005/06,imports,0.026
豆粕,Norway,2005/06,imports,0.101
豆粕,Panama,2005/06,imports,0.147
豆粕,Serbia and Montenegro,2005/06,imports,0.091
豆粕,Singapore,2005/06,imports,0.019
豆粕,Sri Lanka,2005/06,imports,0.104
豆粕,Switzerland,2005/06,imports,0.203
豆粕,Syria,2005/06,imports,0.404
豆粕,Trinidad and Tobago,2005/06,imports,0.043
豆粕,United Arab Emirates,2005/06,imports,0.025
豆粕,Uzbekistan,2005/06,imports,0.001
豆粕,Yemen,2005/06,imports,0.057
豆粕,Zambia,2005/06,imports,0
豆粕,Zimbabwe,2005/06,imports,0
豆粕,阿尔及利亚,2005/06,production,0
豆粕,阿根廷,2005/06,production,25.012
豆粕,埃及,2005/06,production,0.71
豆粕,巴基斯坦,2005/06,production,0.009
豆粕,巴拉圭,2005/06,production,1.06
豆粕,巴西,2005/06,production,21.92
豆粕,玻利维亚,2005/06,production,1.355
豆粕,俄罗斯,2005/06,production,0.473
豆粕,菲律宾,2005/06,production,0.094
豆粕,哥伦比亚,2005/06,production,0.145
豆粕,韩国,2005/06,production,0.679
豆粕,加拿大,2005/06,production,1.182
豆粕,马来西亚,2005/06,production,0.311
豆粕,美国,2005/06,production,37.416
豆粕,孟加拉国,2005/06,production,0.09
豆粕,秘鲁,2005/06,production,0.001
豆粕,摩洛哥,2005/06,production,0.355
豆粕,墨西哥,2005/06,production,2.945
豆粕,南非,2005/06,production,0.118
豆粕,欧盟,2005/06,production,10.904
豆粕,日本,2005/06,production,2.28
豆粕,沙特阿拉伯,2005/06,production,0
豆粕,泰国,2005/06,production,1.11
豆粕,突尼斯,2005/06,production,0
豆粕,土耳其,2005/06,production,0.278
豆粕,委内瑞拉,2005/06,production,0.042
豆粕,乌克兰,2005/06,production,0.265
豆粕,乌拉圭,2005/06,production,0.016
豆粕,伊朗,2005/06,production,0.454
豆粕,印度,2005/06,production,5.68
豆粕,印度尼西亚,2005/06,production,0
豆粕,越南,2005/06,production,0
豆粕,智利,2005/06,production,0.15
豆粕,中国,2005/06,production,27.296
豆粕,中国台湾,2005/06,production,1.607
豆粕,Australia,2005/06,production,0.043
豆粕,Barbados,2005/06,production,0.015
豆粕,Belarus,2005/06,production,0
豆粕,Bosnia and Herzegovina,2005/06,production,0.012
豆粕,Costa Rica,2005/06,production,0.151
豆粕,Cuba,2005/06,production,0.074
豆粕,Dominican Republic,2005/06,production,0
豆粕,Ecuador,2005/06,production,0.026
豆粕,El Salvador,2005/06,production,0
豆粕,Ethiopia,2005/06,production,0
豆粕,Georgia,2005/06,production,0
豆粕,Guatemala,2005/06,production,0.038
豆粕,Guyana,2005/06,production,0
豆粕,Honduras,2005/06,production,0
豆粕,Iraq,2005/06,production,0
豆粕,Israel,2005/06,production,0.246
豆粕,Jamaica,2005/06,production,0
豆粕,Jordan,2005/06,production,0
豆粕,Kazakhstan,2005/06,production,0.042
豆粕,Kenya,2005/06,production,0
豆粕,"Korea, North",2005/06,production,0.104
豆粕,Lebanon,2005/06,production,0.075
豆粕,Libya,2005/06,production,0
豆粕,New Zealand,2005/06,production,0
豆粕,Nicaragua,2005/06,production,0
豆粕,Nigeria,2005/06,production,0.162
豆粕,North Macedonia,2005/06,production,0
豆粕,Norway,2005/06,production,0.316
豆粕,Panama,2005/06,production,0.004
豆粕,Serbia and Montenegro,2005/06,production,0.225
豆粕,Singapore,2005/06,production,0.016
豆粕,Sri Lanka,2005/06,production,0
豆粕,Switzerland,2005/06,production,0.028
豆粕,Syria,2005/06,production,0.268
豆粕,Trinidad and Tobago,2005/06,production,0.003
豆粕,United Arab Emirates,2005/06,production,0.275
豆粕,Uzbekistan,2005/06,production,0.006
豆粕,Yemen,2005/06,production,0
豆粕,Zambia,2005/06,production,0.023
豆粕,Zimbabwe,2005/06,production,0.061
豆粕,阿尔及利亚,2006/07,consumption,0.622
豆粕,阿根廷,2006/07,consumption,0.594
豆粕,埃及,2006/07,consumption,1.169
豆粕,巴基斯坦,2006/07,consumption,0.374
豆粕,巴拉圭,2006/07,consumption,0.225
豆粕,巴西,2006/07,consumption,10.718
豆粕,玻利维亚,2006/07,consumption,0.163
豆粕,俄罗斯,2006/07,consumption,1.4
豆粕,菲律宾,2006/07,consumption,1.72
豆粕,哥伦比亚,2006/07,consumption,0.88
豆粕,韩国,2006/07,consumption,2.622
豆粕,加拿大,2006/07,consumption,2.475
豆粕,马来西亚,2006/07,consumption,1.174
豆粕,美国,2006/07,consumption,31.166
豆粕,孟加拉国,2006/07,consumption,0.361
豆粕,秘鲁,2006/07,consumption,0.855
豆粕,摩洛哥,2006/07,consumption,0.488
豆粕,墨西哥,2006/07,consumption,4.674
豆粕,南非,2006/07,consumption,0.982
豆粕,欧盟,2006/07,consumption,33.525
豆粕,日本,2006/07,consumption,4.016
豆粕,沙特阿拉伯,2006/07,consumption,0.646
豆粕,泰国,2006/07,consumption,3.298
豆粕,突尼斯,2006/07,consumption,0.252
豆粕,土耳其,2006/07,consumption,0.646
豆粕,委内瑞拉,2006/07,consumption,0.93
豆粕,乌克兰,2006/07,consumption,0.494
豆粕,乌拉圭,2006/07,consumption,0.075
豆粕,伊朗,2006/07,consumption,2
豆粕,印度,2006/07,consumption,0.805
豆粕,印度尼西亚,2006/07,consumption,2.236
豆粕,越南,2006/07,consumption,2.191
豆粕,智利,2006/07,consumption,0.871
豆粕,中国,2006/07,consumption,27.63
豆粕,中国台湾,2006/07,consumption,1.655
豆粕,Australia,2006/07,consumption,0.606
豆粕,Barbados,2006/07,consumption,0.014
豆粕,Belarus,2006/07,consumption,0.185
豆粕,Bosnia and Herzegovina,2006/07,consumption,0.009
豆粕,Costa Rica,2006/07,consumption,0.161
豆粕,Cuba,2006/07,consumption,0.36
豆粕,Dominican Republic,2006/07,consumption,0.433
豆粕,Ecuador,2006/07,consumption,0.479
豆粕,El Salvador,2006/07,consumption,0.186
豆粕,Ethiopia,2006/07,consumption,0
豆粕,Georgia,2006/07,consumption,0.016
豆粕,Guatemala,2006/07,consumption,0.315
豆粕,Guyana,2006/07,consumption,0.022
豆粕,Honduras,2006/07,consumption,0.145
豆粕,Iraq,2006/07,consumption,0.019
豆粕,Israel,2006/07,consumption,0.42
豆粕,Jamaica,2006/07,consumption,0.11
豆粕,Jordan,2006/07,consumption,0.216
豆粕,Kazakhstan,2006/07,consumption,0.052
豆粕,Kenya,2006/07,consumption,0.019
豆粕,"Korea, North",2006/07,consumption,0.116
豆粕,Lebanon,2006/07,consumption,0.153
豆粕,Libya,2006/07,consumption,0.234
豆粕,New Zealand,2006/07,consumption,0.14
豆粕,Nicaragua,2006/07,consumption,0.057
豆粕,Nigeria,2006/07,consumption,0.197
豆粕,North Macedonia,2006/07,consumption,0.03
豆粕,Norway,2006/07,consumption,0.272
豆粕,Panama,2006/07,consumption,0.131
豆粕,Serbia,2006/07,consumption,0.265
豆粕,Singapore,2006/07,consumption,0.031
豆粕,Sri Lanka,2006/07,consumption,0.122
豆粕,Switzerland,2006/07,consumption,0.253
豆粕,Syria,2006/07,consumption,0.658
豆粕,Trinidad and Tobago,2006/07,consumption,0.047
豆粕,United Arab Emirates,2006/07,consumption,0.347
豆粕,Uzbekistan,2006/07,consumption,0.009
豆粕,Yemen,2006/07,consumption,0.068
豆粕,Zambia,2006/07,consumption,0.027
豆粕,Zimbabwe,2006/07,consumption,0.087
豆粕,阿尔及利亚,2006/07,exports,0
豆粕,阿根廷,2006/07,exports,25.625
豆粕,埃及,2006/07,exports,0.002
豆粕,巴基斯坦,2006/07,exports,0
豆粕,巴拉圭,2006/07,exports,0.949
豆粕,巴西,2006/07,exports,12.715
豆粕,玻利维亚,2006/07,exports,1.178
豆粕,俄罗斯,2006/07,exports,0.002
豆粕,菲律宾,2006/07,exports,0
豆粕,哥伦比亚,2006/07,exports,0
豆粕,韩国,2006/07,exports,0
豆粕,加拿大,2006/07,exports,0.137
豆粕,马来西亚,2006/07,exports,0.034
豆粕,美国,2006/07,exports,7.987
豆粕,孟加拉国,2006/07,exports,0
豆粕,秘鲁,2006/07,exports,0
豆粕,摩洛哥,2006/07,exports,0.001
豆粕,墨西哥,2006/07,exports,0.005
豆粕,南非,2006/07,exports,0.022
豆粕,欧盟,2006/07,exports,0.544
豆粕,日本,2006/07,exports,0
豆粕,沙特阿拉伯,2006/07,exports,0
豆粕,泰国,2006/07,exports,0
豆粕,突尼斯,2006/07,exports,0.007
豆粕,土耳其,2006/07,exports,0.008
豆粕,委内瑞拉,2006/07,exports,0
豆粕,乌克兰,2006/07,exports,0
豆粕,乌拉圭,2006/07,exports,0
豆粕,伊朗,2006/07,exports,0.006
豆粕,印度,2006/07,exports,4.433
豆粕,印度尼西亚,2006/07,exports,0.001
豆粕,越南,2006/07,exports,0
豆粕,智利,2006/07,exports,0
豆粕,中国,2006/07,exports,0.867
豆粕,中国台湾,2006/07,exports,0.02
豆粕,Australia,2006/07,exports,0.004
豆粕,Barbados,2006/07,exports,0
豆粕,Belarus,2006/07,exports,0
豆粕,Bosnia and Herzegovina,2006/07,exports,0.004
豆粕,Costa Rica,2006/07,exports,0.003
豆粕,Cuba,2006/07,exports,0
豆粕,Dominican Republic,2006/07,exports,0
豆粕,Ecuador,2006/07,exports,0
豆粕,El Salvador,2006/07,exports,0
豆粕,Ethiopia,2006/07,exports,0
豆粕,Georgia,2006/07,exports,0
豆粕,Guatemala,2006/07,exports,0
豆粕,Guyana,2006/07,exports,0
豆粕,Honduras,2006/07,exports,0
豆粕,Iraq,2006/07,exports,0
豆粕,Israel,2006/07,exports,0.012
豆粕,Jamaica,2006/07,exports,0
豆粕,Jordan,2006/07,exports,0.008
豆粕,Kazakhstan,2006/07,exports,0.007
豆粕,Kenya,2006/07,exports,0
豆粕,"Korea, North",2006/07,exports,0
豆粕,Lebanon,2006/07,exports,0.01
豆粕,Libya,2006/07,exports,0
豆粕,New Zealand,2006/07,exports,0
豆粕,Nicaragua,2006/07,exports,0.009
豆粕,Nigeria,2006/07,exports,0
豆粕,North Macedonia,2006/07,exports,0
豆粕,Norway,2006/07,exports,0.144
豆粕,Panama,2006/07,exports,0
豆粕,Serbia,2006/07,exports,0.01
豆粕,Singapore,2006/07,exports,0.002
豆粕,Sri Lanka,2006/07,exports,0.001
豆粕,Switzerland,2006/07,exports,0
豆粕,Syria,2006/07,exports,0.01
豆粕,Trinidad and Tobago,2006/07,exports,0.001
豆粕,United Arab Emirates,2006/07,exports,0.07
豆粕,Uzbekistan,2006/07,exports,0
豆粕,Yemen,2006/07,exports,0
豆粕,Zambia,2006/07,exports,0
豆粕,Zimbabwe,2006/07,exports,0
豆粕,阿尔及利亚,2006/07,imports,0.622
豆粕,阿根廷,2006/07,imports,0.001
豆粕,埃及,2006/07,imports,0.423
豆粕,巴基斯坦,2006/07,imports,0.35
豆粕,巴拉圭,2006/07,imports,0.001
豆粕,巴西,2006/07,imports,0.167
豆粕,玻利维亚,2006/07,imports,0
豆粕,俄罗斯,2006/07,imports,0.814
豆粕,菲律宾,2006/07,imports,1.743
豆粕,哥伦比亚,2006/07,imports,0.741
豆粕,韩国,2006/07,imports,1.87
豆粕,加拿大,2006/07,imports,1.415
豆粕,马来西亚,2006/07,imports,0.907
豆粕,美国,2006/07,imports,0.142
豆粕,孟加拉国,2006/07,imports,0.317
豆粕,秘鲁,2006/07,imports,0.853
豆粕,摩洛哥,2006/07,imports,0.131
豆粕,墨西哥,2006/07,imports,1.78
豆粕,南非,2006/07,imports,0.967
豆粕,欧盟,2006/07,imports,22.362
豆粕,日本,2006/07,imports,1.737
豆粕,沙特阿拉伯,2006/07,imports,0.642
豆粕,泰国,2006/07,imports,2.275
豆粕,突尼斯,2006/07,imports,0.26
豆粕,土耳其,2006/07,imports,0.3
豆粕,委内瑞拉,2006/07,imports,0.86
豆粕,乌克兰,2006/07,imports,0.158
豆粕,乌拉圭,2006/07,imports,0.055
豆粕,伊朗,2006/07,imports,1.073
豆粕,印度,2006/07,imports,0.003
豆粕,印度尼西亚,2006/07,imports,2.237
豆粕,越南,2006/07,imports,2.291
豆粕,智利,2006/07,imports,0.731
豆粕,中国,2006/07,imports,0.032
豆粕,中国台湾,2006/07,imports,0.067
豆粕,Australia,2006/07,imports,0.568
豆粕,Barbados,2006/07,imports,0
豆粕,Belarus,2006/07,imports,0.185
豆粕,Bosnia and Herzegovina,2006/07,imports,0.004
豆粕,Costa Rica,2006/07,imports,0.003
豆粕,Cuba,2006/07,imports,0.234
豆粕,Dominican Republic,2006/07,imports,0.449
豆粕,Ecuador,2006/07,imports,0.43
豆粕,El Salvador,2006/07,imports,0.189
豆粕,Ethiopia,2006/07,imports,0
豆粕,Georgia,2006/07,imports,0.016
豆粕,Guatemala,2006/07,imports,0.299
豆粕,Guyana,2006/07,imports,0.022
豆粕,Honduras,2006/07,imports,0.135
豆粕,Iraq,2006/07,imports,0.019
豆粕,Israel,2006/07,imports,0.15
豆粕,Jamaica,2006/07,imports,0.113
豆粕,Jordan,2006/07,imports,0.215
豆粕,Kazakhstan,2006/07,imports,0.001
豆粕,Kenya,2006/07,imports,0.019
豆粕,"Korea, North",2006/07,imports,0.01
豆粕,Lebanon,2006/07,imports,0.083
豆粕,Libya,2006/07,imports,0.234
豆粕,New Zealand,2006/07,imports,0.14
豆粕,Nicaragua,2006/07,imports,0.066
豆粕,Nigeria,2006/07,imports,0.027
豆粕,North Macedonia,2006/07,imports,0.03
豆粕,Norway,2006/07,imports,0.09
豆粕,Panama,2006/07,imports,0.128
豆粕,Serbia,2006/07,imports,0.026
豆粕,Singapore,2006/07,imports,0.019
豆粕,Sri Lanka,2006/07,imports,0.123
豆粕,Switzerland,2006/07,imports,0.225
豆粕,Syria,2006/07,imports,0.365
豆粕,Trinidad and Tobago,2006/07,imports,0.048
豆粕,United Arab Emirates,2006/07,imports,0.031
豆粕,Uzbekistan,2006/07,imports,0.001
豆粕,Yemen,2006/07,imports,0.068
豆粕,Zambia,2006/07,imports,0
豆粕,Zimbabwe,2006/07,imports,0
豆粕,阿尔及利亚,2006/07,production,0
豆粕,阿根廷,2006/07,production,26.061
豆粕,埃及,2006/07,production,0.907
豆粕,巴基斯坦,2006/07,production,0.024
豆粕,巴拉圭,2006/07,production,1.1
豆粕,巴西,2006/07,production,24.11
豆粕,玻利维亚,2006/07,production,1.332
豆粕,俄罗斯,2006/07,production,0.59
豆粕,菲律宾,2006/07,production,0.07
豆粕,哥伦比亚,2006/07,production,0.14
豆粕,韩国,2006/07,production,0.723
豆粕,加拿大,2006/07,production,1.199
豆粕,马来西亚,2006/07,production,0.285
豆粕,美国,2006/07,production,39.037
豆粕,孟加拉国,2006/07,production,0.121
豆粕,秘鲁,2006/07,production,0.002
豆粕,摩洛哥,2006/07,production,0.358
豆粕,墨西哥,2006/07,production,3.01
豆粕,南非,2006/07,production,0.137
豆粕,欧盟,2006/07,production,11.693
豆粕,日本,2006/07,production,2.299
豆粕,沙特阿拉伯,2006/07,production,0
豆粕,泰国,2006/07,production,1.104
豆粕,突尼斯,2006/07,production,0
豆粕,土耳其,2006/07,production,0.33
豆粕,委内瑞拉,2006/07,production,0.019
豆粕,乌克兰,2006/07,production,0.335
豆粕,乌拉圭,2006/07,production,0.02
豆粕,伊朗,2006/07,production,1.13
豆粕,印度,2006/07,production,5.2
豆粕,印度尼西亚,2006/07,production,0
豆粕,越南,2006/07,production,0
豆粕,智利,2006/07,production,0.14
豆粕,中国,2006/07,production,28.465
豆粕,中国台湾,2006/07,production,1.605
豆粕,Australia,2006/07,production,0.042
豆粕,Barbados,2006/07,production,0.014
豆粕,Belarus,2006/07,production,0
豆粕,Bosnia and Herzegovina,2006/07,production,0.014
豆粕,Costa Rica,2006/07,production,0.161
豆粕,Cuba,2006/07,production,0.126
豆粕,Dominican Republic,2006/07,production,0
豆粕,Ecuador,2006/07,production,0.026
豆粕,El Salvador,2006/07,production,0
豆粕,Ethiopia,2006/07,production,0
豆粕,Georgia,2006/07,production,0
豆粕,Guatemala,2006/07,production,0.034
豆粕,Guyana,2006/07,production,0
豆粕,Honduras,2006/07,production,0
豆粕,Iraq,2006/07,production,0
豆粕,Israel,2006/07,production,0.343
豆粕,Jamaica,2006/07,production,0
豆粕,Jordan,2006/07,production,0
豆粕,Kazakhstan,2006/07,production,0.078
豆粕,Kenya,2006/07,production,0
豆粕,"Korea, North",2006/07,production,0.106
豆粕,Lebanon,2006/07,production,0.075
豆粕,Libya,2006/07,production,0
豆粕,New Zealand,2006/07,production,0
豆粕,Nicaragua,2006/07,production,0
豆粕,Nigeria,2006/07,production,0.17
豆粕,North Macedonia,2006/07,production,0
豆粕,Norway,2006/07,production,0.326
豆粕,Panama,2006/07,production,0.003
豆粕,Serbia,2006/07,production,0.258
豆粕,Singapore,2006/07,production,0.014
豆粕,Sri Lanka,2006/07,production,0
豆粕,Switzerland,2006/07,production,0.028
豆粕,Syria,2006/07,production,0.3
豆粕,Trinidad and Tobago,2006/07,production,0
豆粕,United Arab Emirates,2006/07,production,0.41
豆粕,Uzbekistan,2006/07,production,0.008
豆粕,Yemen,2006/07,production,0
豆粕,Zambia,2006/07,production,0.027
豆粕,Zimbabwe,2006/07,production,0.087
豆粕,阿尔及利亚,2007/08,consumption,0.724
豆粕,阿根廷,2007/08,consumption,0.64
豆粕,埃及,2007/08,consumption,1.291
豆粕,巴基斯坦,2007/08,consumption,0.228
豆粕,巴拉圭,2007/08,consumption,0.225
豆粕,巴西,2007/08,consumption,12.257
豆粕,玻利维亚,2007/08,consumption,0.158
豆粕,俄罗斯,2007/08,consumption,1.53
豆粕,菲律宾,2007/08,consumption,1.73
豆粕,哥伦比亚,2007/08,consumption,1.05
豆粕,韩国,2007/08,consumption,2.469
豆粕,加拿大,2007/08,consumption,2.451
豆粕,马来西亚,2007/08,consumption,1.175
豆粕,美国,2007/08,consumption,30.147
豆粕,孟加拉国,2007/08,consumption,0.423
豆粕,秘鲁,2007/08,consumption,0.79
豆粕,摩洛哥,2007/08,consumption,0.487
豆粕,墨西哥,2007/08,consumption,4.45
豆粕,南非,2007/08,consumption,0.99
豆粕,欧盟,2007/08,consumption,35.432
豆粕,日本,2007/08,consumption,3.949
豆粕,沙特阿拉伯,2007/08,consumption,0.75
豆粕,泰国,2007/08,consumption,3.3
豆粕,突尼斯,2007/08,consumption,0.29
豆粕,土耳其,2007/08,consumption,0.643
豆粕,委内瑞拉,2007/08,consumption,1.02
豆粕,乌克兰,2007/08,consumption,0.504
豆粕,乌拉圭,2007/08,consumption,0.183
豆粕,伊朗,2007/08,consumption,1.8
豆粕,印度,2007/08,consumption,0.81
豆粕,印度尼西亚,2007/08,consumption,2.37
豆粕,越南,2007/08,consumption,2.345
豆粕,智利,2007/08,consumption,0.849
豆粕,中国,2007/08,consumption,30.849
豆粕,中国台湾,2007/08,consumption,1.535
豆粕,Australia,2007/08,consumption,0.6
豆粕,Barbados,2007/08,consumption,0.02
豆粕,Belarus,2007/08,consumption,0.2
豆粕,Bosnia and Herzegovina,2007/08,consumption,0.008
豆粕,Costa Rica,2007/08,consumption,0.216
豆粕,Cuba,2007/08,consumption,0.363
豆粕,Dominican Republic,2007/08,consumption,0.408
豆粕,Ecuador,2007/08,consumption,0.555
豆粕,El Salvador,2007/08,consumption,0.17
豆粕,Ethiopia,2007/08,consumption,0
豆粕,Georgia,2007/08,consumption,0.018
豆粕,Guatemala,2007/08,consumption,0.306
豆粕,Guyana,2007/08,consumption,0.019
豆粕,Honduras,2007/08,consumption,0.118
豆粕,Iraq,2007/08,consumption,0.014
豆粕,Israel,2007/08,consumption,0.443
豆粕,Jamaica,2007/08,consumption,0.102
豆粕,Jordan,2007/08,consumption,0.218
豆粕,Kazakhstan,2007/08,consumption,0.056
豆粕,Kenya,2007/08,consumption,0.015
豆粕,"Korea, North",2007/08,consumption,0.1
豆粕,Lebanon,2007/08,consumption,0.167
豆粕,Libya,2007/08,consumption,0.215
豆粕,New Zealand,2007/08,consumption,0.12
豆粕,Nicaragua,2007/08,consumption,0.051
豆粕,Nigeria,2007/08,consumption,0.223
豆粕,North Macedonia,2007/08,consumption,0.028
豆粕,Norway,2007/08,consumption,0.2
豆粕,Panama,2007/08,consumption,0.161
豆粕,Serbia,2007/08,consumption,0.294
豆粕,Singapore,2007/08,consumption,0.034
豆粕,Sri Lanka,2007/08,consumption,0.119
豆粕,Switzerland,2007/08,consumption,0.269
豆粕,Syria,2007/08,consumption,0.654
豆粕,Trinidad and Tobago,2007/08,consumption,0.054
豆粕,United Arab Emirates,2007/08,consumption,0.389
豆粕,Uzbekistan,2007/08,consumption,0.015
豆粕,Yemen,2007/08,consumption,0.106
豆粕,Zambia,2007/08,consumption,0.034
豆粕,Zimbabwe,2007/08,consumption,0.039
豆粕,阿尔及利亚,2007/08,exports,0
豆粕,阿根廷,2007/08,exports,26.816
豆粕,埃及,2007/08,exports,0.002
豆粕,巴基斯坦,2007/08,exports,0
豆粕,巴拉圭,2007/08,exports,0.938
豆粕,巴西,2007/08,exports,12.138
豆粕,玻利维亚,2007/08,exports,0.763
豆粕,俄罗斯,2007/08,exports,0.05
豆粕,菲律宾,2007/08,exports,0.005
豆粕,哥伦比亚,2007/08,exports,0
豆粕,韩国,2007/08,exports,0.009
豆粕,加拿大,2007/08,exports,0.12
豆粕,马来西亚,2007/08,exports,0.029
豆粕,美国,2007/08,exports,8.384
豆粕,孟加拉国,2007/08,exports,0
豆粕,秘鲁,2007/08,exports,0.001
豆粕,摩洛哥,2007/08,exports,0.004
豆粕,墨西哥,2007/08,exports,0.008
豆粕,南非,2007/08,exports,0.012
豆粕,欧盟,2007/08,exports,0.422
豆粕,日本,2007/08,exports,0
豆粕,沙特阿拉伯,2007/08,exports,0
豆粕,泰国,2007/08,exports,0
豆粕,突尼斯,2007/08,exports,0.003
豆粕,土耳其,2007/08,exports,0.012
豆粕,委内瑞拉,2007/08,exports,0
豆粕,乌克兰,2007/08,exports,0
豆粕,乌拉圭,2007/08,exports,0
豆粕,伊朗,2007/08,exports,0.006
豆粕,印度,2007/08,exports,5.856
豆粕,印度尼西亚,2007/08,exports,0
豆粕,越南,2007/08,exports,0.001
豆粕,智利,2007/08,exports,0
豆粕,中国,2007/08,exports,0.634
豆粕,中国台湾,2007/08,exports,0.015
豆粕,Australia,2007/08,exports,0.002
豆粕,Barbados,2007/08,exports,0
豆粕,Belarus,2007/08,exports,0
豆粕,Bosnia and Herzegovina,2007/08,exports,0.014
豆粕,Costa Rica,2007/08,exports,0.002
豆粕,Cuba,2007/08,exports,0
豆粕,Dominican Republic,2007/08,exports,0
豆粕,Ecuador,2007/08,exports,0
豆粕,El Salvador,2007/08,exports,0
豆粕,Ethiopia,2007/08,exports,0
豆粕,Georgia,2007/08,exports,0
豆粕,Guatemala,2007/08,exports,0
豆粕,Guyana,2007/08,exports,0
豆粕,Honduras,2007/08,exports,0
豆粕,Iraq,2007/08,exports,0
豆粕,Israel,2007/08,exports,0.007
豆粕,Jamaica,2007/08,exports,0
豆粕,Jordan,2007/08,exports,0
豆粕,Kazakhstan,2007/08,exports,0.015
豆粕,Kenya,2007/08,exports,0
豆粕,"Korea, North",2007/08,exports,0
豆粕,Lebanon,2007/08,exports,0.003
豆粕,Libya,2007/08,exports,0
豆粕,New Zealand,2007/08,exports,0
豆粕,Nicaragua,2007/08,exports,0.019
豆粕,Nigeria,2007/08,exports,0
豆粕,North Macedonia,2007/08,exports,0
豆粕,Norway,2007/08,exports,0.148
豆粕,Panama,2007/08,exports,0
豆粕,Serbia,2007/08,exports,0.01
豆粕,Singapore,2007/08,exports,0.002
豆粕,Sri Lanka,2007/08,exports,0.001
豆粕,Switzerland,2007/08,exports,0.001
豆粕,Syria,2007/08,exports,0.031
豆粕,Trinidad and Tobago,2007/08,exports,0.001
豆粕,United Arab Emirates,2007/08,exports,0.018
豆粕,Uzbekistan,2007/08,exports,0
豆粕,Yemen,2007/08,exports,0
豆粕,Zambia,2007/08,exports,0
豆粕,Zimbabwe,2007/08,exports,0
豆粕,阿尔及利亚,2007/08,imports,0.724
豆粕,阿根廷,2007/08,imports,0.003
豆粕,埃及,2007/08,imports,0.135
豆粕,巴基斯坦,2007/08,imports,0.219
豆粕,巴拉圭,2007/08,imports,0
豆粕,巴西,2007/08,imports,0.18
豆粕,玻利维亚,2007/08,imports,0
豆粕,俄罗斯,2007/08,imports,0.79
豆粕,菲律宾,2007/08,imports,1.627
豆粕,哥伦比亚,2007/08,imports,0.882
豆粕,韩国,2007/08,imports,1.761
豆粕,加拿大,2007/08,imports,1.51
豆粕,马来西亚,2007/08,imports,0.917
豆粕,美国,2007/08,imports,0.128
豆粕,孟加拉国,2007/08,imports,0.243
豆粕,秘鲁,2007/08,imports,0.787
豆粕,摩洛哥,2007/08,imports,0.168
豆粕,墨西哥,2007/08,imports,1.401
豆粕,南非,2007/08,imports,0.848
豆粕,欧盟,2007/08,imports,24.619
豆粕,日本,2007/08,imports,1.747
豆粕,沙特阿拉伯,2007/08,imports,0.743
豆粕,泰国,2007/08,imports,1.935
豆粕,突尼斯,2007/08,imports,0.25
豆粕,土耳其,2007/08,imports,0.337
豆粕,委内瑞拉,2007/08,imports,1.063
豆粕,乌克兰,2007/08,imports,0.142
豆粕,乌拉圭,2007/08,imports,0.179
豆粕,伊朗,2007/08,imports,0.838
豆粕,印度,2007/08,imports,0.005
豆粕,印度尼西亚,2007/08,imports,2.429
豆粕,越南,2007/08,imports,2.296
豆粕,智利,2007/08,imports,0.74
豆粕,中国,2007/08,imports,0.203
豆粕,中国台湾,2007/08,imports,0.022
豆粕,Australia,2007/08,imports,0.572
豆粕,Barbados,2007/08,imports,0
豆粕,Belarus,2007/08,imports,0.2
豆粕,Bosnia and Herzegovina,2007/08,imports,0.003
豆粕,Costa Rica,2007/08,imports,0.041
豆粕,Cuba,2007/08,imports,0.268
豆粕,Dominican Republic,2007/08,imports,0.368
豆粕,Ecuador,2007/08,imports,0.528
豆粕,El Salvador,2007/08,imports,0.171
豆粕,Ethiopia,2007/08,imports,0
豆粕,Georgia,2007/08,imports,0.018
豆粕,Guatemala,2007/08,imports,0.273
豆粕,Guyana,2007/08,imports,0.019
豆粕,Honduras,2007/08,imports,0.108
豆粕,Iraq,2007/08,imports,0.014
豆粕,Israel,2007/08,imports,0.063
豆粕,Jamaica,2007/08,imports,0.099
豆粕,Jordan,2007/08,imports,0.22
豆粕,Kazakhstan,2007/08,imports,0
豆粕,Kenya,2007/08,imports,0.015
豆粕,"Korea, North",2007/08,imports,0.005
豆粕,Lebanon,2007/08,imports,0.1
豆粕,Libya,2007/08,imports,0.215
豆粕,New Zealand,2007/08,imports,0.14
豆粕,Nicaragua,2007/08,imports,0.07
豆粕,Nigeria,2007/08,imports,0.043
豆粕,North Macedonia,2007/08,imports,0.028
豆粕,Norway,2007/08,imports,0.067
豆粕,Panama,2007/08,imports,0.158
豆粕,Serbia,2007/08,imports,0.05
豆粕,Singapore,2007/08,imports,0.022
豆粕,Sri Lanka,2007/08,imports,0.12
豆粕,Switzerland,2007/08,imports,0.25
豆粕,Syria,2007/08,imports,0.404
豆粕,Trinidad and Tobago,2007/08,imports,0.055
豆粕,United Arab Emirates,2007/08,imports,0.115
豆粕,Uzbekistan,2007/08,imports,0.007
豆粕,Yemen,2007/08,imports,0.106
豆粕,Zambia,2007/08,imports,0.007
豆粕,Zimbabwe,2007/08,imports,0
豆粕,阿尔及利亚,2007/08,production,0
豆粕,阿根廷,2007/08,production,27.071
豆粕,埃及,2007/08,production,0.97
豆粕,巴基斯坦,2007/08,production,0.009
豆粕,巴拉圭,2007/08,production,1.178
豆粕,巴西,2007/08,production,24.89
豆粕,玻利维亚,2007/08,production,0.925
豆粕,俄罗斯,2007/08,production,0.787
豆粕,菲律宾,2007/08,production,0.047
豆粕,哥伦比亚,2007/08,production,0.171
豆粕,韩国,2007/08,production,0.709
豆粕,加拿大,2007/08,production,1.056
豆粕,马来西亚,2007/08,production,0.251
豆粕,美国,2007/08,production,38.359
豆粕,孟加拉国,2007/08,production,0.117
豆粕,秘鲁,2007/08,production,0.002
豆粕,摩洛哥,2007/08,production,0.323
豆粕,墨西哥,2007/08,production,2.93
豆粕,南非,2007/08,production,0.117
豆粕,欧盟,2007/08,production,11.808
豆粕,日本,2007/08,production,2.218
豆粕,沙特阿拉伯,2007/08,production,0.047
豆粕,泰国,2007/08,production,1.189
豆粕,突尼斯,2007/08,production,0.041
豆粕,土耳其,2007/08,production,0.318
豆粕,委内瑞拉,2007/08,production,0.063
豆粕,乌克兰,2007/08,production,0.362
豆粕,乌拉圭,2007/08,production,0.028
豆粕,伊朗,2007/08,production,0.915
豆粕,印度,2007/08,production,6.64
豆粕,印度尼西亚,2007/08,production,0
豆粕,越南,2007/08,production,0
豆粕,智利,2007/08,production,0.139
豆粕,中国,2007/08,production,31.28
豆粕,中国台湾,2007/08,production,1.525
豆粕,Australia,2007/08,production,0.03
豆粕,Barbados,2007/08,production,0.02
豆粕,Belarus,2007/08,production,0
豆粕,Bosnia and Herzegovina,2007/08,production,0.012
豆粕,Costa Rica,2007/08,production,0.177
豆粕,Cuba,2007/08,production,0.095
豆粕,Dominican Republic,2007/08,production,0
豆粕,Ecuador,2007/08,production,0.028
豆粕,El Salvador,2007/08,production,0
豆粕,Ethiopia,2007/08,production,0
豆粕,Georgia,2007/08,production,0
豆粕,Guatemala,2007/08,production,0.03
豆粕,Guyana,2007/08,production,0
豆粕,Honduras,2007/08,production,0
豆粕,Iraq,2007/08,production,0
豆粕,Israel,2007/08,production,0.335
豆粕,Jamaica,2007/08,production,0
豆粕,Jordan,2007/08,production,0
豆粕,Kazakhstan,2007/08,production,0.058
豆粕,Kenya,2007/08,production,0
豆粕,"Korea, North",2007/08,production,0.095
豆粕,Lebanon,2007/08,production,0.075
豆粕,Libya,2007/08,production,0
豆粕,New Zealand,2007/08,production,0
豆粕,Nicaragua,2007/08,production,0
豆粕,Nigeria,2007/08,production,0.18
豆粕,North Macedonia,2007/08,production,0
豆粕,Norway,2007/08,production,0.319
豆粕,Panama,2007/08,production,0.003
豆粕,Serbia,2007/08,production,0.254
豆粕,Singapore,2007/08,production,0.014
豆粕,Sri Lanka,2007/08,production,0
豆粕,Switzerland,2007/08,production,0.028
豆粕,Syria,2007/08,production,0.284
豆粕,Trinidad and Tobago,2007/08,production,0
豆粕,United Arab Emirates,2007/08,production,0.335
豆粕,Uzbekistan,2007/08,production,0.008
豆粕,Yemen,2007/08,production,0
豆粕,Zambia,2007/08,production,0.027
豆粕,Zimbabwe,2007/08,production,0.039
豆粕,阿尔及利亚,2008/09,consumption,0.727
豆粕,阿根廷,2008/09,consumption,0.73
豆粕,埃及,2008/09,consumption,1.45
豆粕,巴基斯坦,2008/09,consumption,0.253
豆粕,巴拉圭,2008/09,consumption,0.175
豆粕,巴西,2008/09,consumption,12.7
豆粕,玻利维亚,2008/09,consumption,0.1
豆粕,俄罗斯,2008/09,consumption,1.57
豆粕,菲律宾,2008/09,consumption,1.7
豆粕,哥伦比亚,2008/09,consumption,1.01
豆粕,韩国,2008/09,consumption,2.415
豆粕,加拿大,2008/09,consumption,2.177
豆粕,马来西亚,2008/09,consumption,1.2
豆粕,美国,2008/09,consumption,27.899
豆粕,孟加拉国,2008/09,consumption,0.395
豆粕,秘鲁,2008/09,consumption,0.864
豆粕,摩洛哥,2008/09,consumption,0.445
豆粕,墨西哥,2008/09,consumption,4.35
豆粕,南非,2008/09,consumption,1
豆粕,欧盟,2008/09,consumption,31.836
豆粕,日本,2008/09,consumption,3.739
豆粕,沙特阿拉伯,2008/09,consumption,0.78
豆粕,泰国,2008/09,consumption,3.25
豆粕,突尼斯,2008/09,consumption,0.355
豆粕,土耳其,2008/09,consumption,0.695
豆粕,委内瑞拉,2008/09,consumption,1.04
豆粕,乌克兰,2008/09,consumption,0.451
豆粕,乌拉圭,2008/09,consumption,0.185
豆粕,伊朗,2008/09,consumption,2.2
豆粕,印度,2008/09,consumption,1.92
豆粕,印度尼西亚,2008/09,consumption,2.383
豆粕,越南,2008/09,consumption,2.5
豆粕,智利,2008/09,consumption,0.637
豆粕,中国,2008/09,consumption,31.45
豆粕,中国台湾,2008/09,consumption,1.611
豆粕,Australia,2008/09,consumption,0.52
豆粕,Barbados,2008/09,consumption,0.02
豆粕,Belarus,2008/09,consumption,0.212
豆粕,Bosnia and Herzegovina,2008/09,consumption,0.055
豆粕,Costa Rica,2008/09,consumption,0.206
豆粕,Cuba,2008/09,consumption,0.356
豆粕,Dominican Republic,2008/09,consumption,0.39
豆粕,Ecuador,2008/09,consumption,0.489
豆粕,El Salvador,2008/09,consumption,0.155
豆粕,Ethiopia,2008/09,consumption,0
豆粕,Georgia,2008/09,consumption,0.02
豆粕,Guatemala,2008/09,consumption,0.286
豆粕,Guyana,2008/09,consumption,0.018
豆粕,Honduras,2008/09,consumption,0.117
豆粕,Iraq,2008/09,consumption,0.008
豆粕,Israel,2008/09,consumption,0.32
豆粕,Jamaica,2008/09,consumption,0.1
豆粕,Jordan,2008/09,consumption,0.188
豆粕,Kazakhstan,2008/09,consumption,0.07
豆粕,Kenya,2008/09,consumption,0.019
豆粕,"Korea, North",2008/09,consumption,0.12
豆粕,Lebanon,2008/09,consumption,0.17
豆粕,Libya,2008/09,consumption,0.217
豆粕,New Zealand,2008/09,consumption,0.12
豆粕,Nicaragua,2008/09,consumption,0.037
豆粕,Nigeria,2008/09,consumption,0.193
豆粕,North Macedonia,2008/09,consumption,0.027
豆粕,Norway,2008/09,consumption,0.2
豆粕,Panama,2008/09,consumption,0.161
豆粕,Serbia,2008/09,consumption,0.287
豆粕,Singapore,2008/09,consumption,0.033
豆粕,Sri Lanka,2008/09,consumption,0.102
豆粕,Switzerland,2008/09,consumption,0.281
豆粕,Syria,2008/09,consumption,1.022
豆粕,Trinidad and Tobago,2008/09,consumption,0.027
豆粕,United Arab Emirates,2008/09,consumption,0.362
豆粕,Uzbekistan,2008/09,consumption,0.015
豆粕,Yemen,2008/09,consumption,0.11
豆粕,Zambia,2008/09,consumption,0.042
豆粕,Zimbabwe,2008/09,consumption,0.089
豆粕,阿尔及利亚,2008/09,exports,0
豆粕,阿根廷,2008/09,exports,24.025
豆粕,埃及,2008/09,exports,0.002
豆粕,巴基斯坦,2008/09,exports,0
豆粕,巴拉圭,2008/09,exports,1.095
豆粕,巴西,2008/09,exports,13.109
豆粕,玻利维亚,2008/09,exports,1.103
豆粕,俄罗斯,2008/09,exports,0.014
豆粕,菲律宾,2008/09,exports,0
豆粕,哥伦比亚,2008/09,exports,0
豆粕,韩国,2008/09,exports,0.116
豆粕,加拿大,2008/09,exports,0.082
豆粕,马来西亚,2008/09,exports,0.026
豆粕,美国,2008/09,exports,7.708
豆粕,孟加拉国,2008/09,exports,0
豆粕,秘鲁,2008/09,exports,0
豆粕,摩洛哥,2008/09,exports,0.005
豆粕,墨西哥,2008/09,exports,0.006
豆粕,南非,2008/09,exports,0.004
豆粕,欧盟,2008/09,exports,0.464
豆粕,日本,2008/09,exports,0
豆粕,沙特阿拉伯,2008/09,exports,0
豆粕,泰国,2008/09,exports,0
豆粕,突尼斯,2008/09,exports,0.003
豆粕,土耳其,2008/09,exports,0.003
豆粕,委内瑞拉,2008/09,exports,0
豆粕,乌克兰,2008/09,exports,0.001
豆粕,乌拉圭,2008/09,exports,0
豆粕,伊朗,2008/09,exports,0
豆粕,印度,2008/09,exports,4.217
豆粕,印度尼西亚,2008/09,exports,0
豆粕,越南,2008/09,exports,0
豆粕,智利,2008/09,exports,0
豆粕,中国,2008/09,exports,1.017
豆粕,中国台湾,2008/09,exports,0.009
豆粕,Australia,2008/09,exports,0.002
豆粕,Barbados,2008/09,exports,0
豆粕,Belarus,2008/09,exports,0
豆粕,Bosnia and Herzegovina,2008/09,exports,0.014
豆粕,Costa Rica,2008/09,exports,0.001
豆粕,Cuba,2008/09,exports,0
豆粕,Dominican Republic,2008/09,exports,0
豆粕,Ecuador,2008/09,exports,0
豆粕,El Salvador,2008/09,exports,0
豆粕,Ethiopia,2008/09,exports,0
豆粕,Georgia,2008/09,exports,0
豆粕,Guatemala,2008/09,exports,0
豆粕,Guyana,2008/09,exports,0
豆粕,Honduras,2008/09,exports,0
豆粕,Iraq,2008/09,exports,0
豆粕,Israel,2008/09,exports,0.004
豆粕,Jamaica,2008/09,exports,0
豆粕,Jordan,2008/09,exports,0.002
豆粕,Kazakhstan,2008/09,exports,0.009
豆粕,Kenya,2008/09,exports,0
豆粕,"Korea, North",2008/09,exports,0
豆粕,Lebanon,2008/09,exports,0
豆粕,Libya,2008/09,exports,0
豆粕,New Zealand,2008/09,exports,0.001
豆粕,Nicaragua,2008/09,exports,0.015
豆粕,Nigeria,2008/09,exports,0
豆粕,North Macedonia,2008/09,exports,0
豆粕,Norway,2008/09,exports,0.153
豆粕,Panama,2008/09,exports,0
豆粕,Serbia,2008/09,exports,0.011
豆粕,Singapore,2008/09,exports,0.002
豆粕,Sri Lanka,2008/09,exports,0.003
豆粕,Switzerland,2008/09,exports,0
豆粕,Syria,2008/09,exports,0.043
豆粕,Trinidad and Tobago,2008/09,exports,0
豆粕,United Arab Emirates,2008/09,exports,0.003
豆粕,Uzbekistan,2008/09,exports,0
豆粕,Yemen,2008/09,exports,0
豆粕,Zambia,2008/09,exports,0
豆粕,Zimbabwe,2008/09,exports,0
豆粕,阿尔及利亚,2008/09,imports,0.727
豆粕,阿根廷,2008/09,imports,0.004
豆粕,埃及,2008/09,imports,0.291
豆粕,巴基斯坦,2008/09,imports,0.273
豆粕,巴拉圭,2008/09,imports,0
豆粕,巴西,2008/09,imports,0.083
豆粕,玻利维亚,2008/09,imports,0
豆粕,俄罗斯,2008/09,imports,0.478
豆粕,菲律宾,2008/09,imports,1.577
豆粕,哥伦比亚,2008/09,imports,0.825
豆粕,韩国,2008/09,imports,1.813
豆粕,加拿大,2008/09,imports,1.252
豆粕,马来西亚,2008/09,imports,0.933
豆粕,美国,2008/09,imports,0.08
豆粕,孟加拉国,2008/09,imports,0.275
豆粕,秘鲁,2008/09,imports,0.902
豆粕,摩洛哥,2008/09,imports,0.141
豆粕,墨西哥,2008/09,imports,1.518
豆粕,南非,2008/09,imports,0.841
豆粕,欧盟,2008/09,imports,21.153
豆粕,日本,2008/09,imports,1.812
豆粕,沙特阿拉伯,2008/09,imports,0.612
豆粕,泰国,2008/09,imports,2.16
豆粕,突尼斯,2008/09,imports,0.233
豆粕,土耳其,2008/09,imports,0.398
豆粕,委内瑞拉,2008/09,imports,0.9
豆粕,乌克兰,2008/09,imports,0.088
豆粕,乌拉圭,2008/09,imports,0.125
豆粕,伊朗,2008/09,imports,1.309
豆粕,印度,2008/09,imports,0.008
豆粕,印度尼西亚,2008/09,imports,2.339
豆粕,越南,2008/09,imports,2.526
豆粕,智利,2008/09,imports,0.514
豆粕,中国,2008/09,imports,0.215
豆粕,中国台湾,2008/09,imports,0.113
豆粕,Australia,2008/09,imports,0.442
豆粕,Barbados,2008/09,imports,0
豆粕,Belarus,2008/09,imports,0.212
豆粕,Bosnia and Herzegovina,2008/09,imports,0.068
豆粕,Costa Rica,2008/09,imports,0.039
豆粕,Cuba,2008/09,imports,0.249
豆粕,Dominican Republic,2008/09,imports,0.392
豆粕,Ecuador,2008/09,imports,0.453
豆粕,El Salvador,2008/09,imports,0.147
豆粕,Ethiopia,2008/09,imports,0
豆粕,Georgia,2008/09,imports,0.02
豆粕,Guatemala,2008/09,imports,0.243
豆粕,Guyana,2008/09,imports,0.018
豆粕,Honduras,2008/09,imports,0.117
豆粕,Iraq,2008/09,imports,0.013
豆粕,Israel,2008/09,imports,0.085
豆粕,Jamaica,2008/09,imports,0.1
豆粕,Jordan,2008/09,imports,0.188
豆粕,Kazakhstan,2008/09,imports,0.003
豆粕,Kenya,2008/09,imports,0.024
豆粕,"Korea, North",2008/09,imports,0.01
豆粕,Lebanon,2008/09,imports,0.118
豆粕,Libya,2008/09,imports,0.217
豆粕,New Zealand,2008/09,imports,0.101
豆粕,Nicaragua,2008/09,imports,0.052
豆粕,Nigeria,2008/09,imports,0.013
豆粕,North Macedonia,2008/09,imports,0.027
豆粕,Norway,2008/09,imports,0.055
豆粕,Panama,2008/09,imports,0.157
豆粕,Serbia,2008/09,imports,0.037
豆粕,Singapore,2008/09,imports,0.021
豆粕,Sri Lanka,2008/09,imports,0.105
豆粕,Switzerland,2008/09,imports,0.253
豆粕,Syria,2008/09,imports,0.706
豆粕,Trinidad and Tobago,2008/09,imports,0.027
豆粕,United Arab Emirates,2008/09,imports,0.219
豆粕,Uzbekistan,2008/09,imports,0.007
豆粕,Yemen,2008/09,imports,0.124
豆粕,Zambia,2008/09,imports,0.008
豆粕,Zimbabwe,2008/09,imports,0
豆粕,阿尔及利亚,2008/09,production,0
豆粕,阿根廷,2008/09,production,24.363
豆粕,埃及,2008/09,production,1.218
豆粕,巴基斯坦,2008/09,production,0
豆粕,巴拉圭,2008/09,production,1.256
豆粕,巴西,2008/09,production,24.7
豆粕,玻利维亚,2008/09,production,1.145
豆粕,俄罗斯,2008/09,production,1.103
豆粕,菲律宾,2008/09,production,0.047
豆粕,哥伦比亚,2008/09,production,0.181
豆粕,韩国,2008/09,production,0.689
豆粕,加拿大,2008/09,production,1.007
豆粕,马来西亚,2008/09,production,0.28
豆粕,美国,2008/09,production,35.473
豆粕,孟加拉国,2008/09,production,0.108
豆粕,秘鲁,2008/09,production,0.002
豆粕,摩洛哥,2008/09,production,0.311
豆粕,墨西哥,2008/09,production,2.85
豆粕,南非,2008/09,production,0.118
豆粕,欧盟,2008/09,production,10.223
豆粕,日本,2008/09,production,1.895
豆粕,沙特阿拉伯,2008/09,production,0.157
豆粕,泰国,2008/09,production,1.092
豆粕,突尼斯,2008/09,production,0.124
豆粕,土耳其,2008/09,production,0.316
豆粕,委内瑞拉,2008/09,production,0.063
豆粕,乌克兰,2008/09,production,0.363
豆粕,乌拉圭,2008/09,production,0.036
豆粕,伊朗,2008/09,production,0.915
豆粕,印度,2008/09,production,6.48
豆粕,印度尼西亚,2008/09,production,0
豆粕,越南,2008/09,production,0
豆粕,智利,2008/09,production,0.011
豆粕,中国,2008/09,production,32.551
豆粕,中国台湾,2008/09,production,1.51
豆粕,Australia,2008/09,production,0.05
豆粕,Barbados,2008/09,production,0.02
豆粕,Belarus,2008/09,production,0
豆粕,Bosnia and Herzegovina,2008/09,production,0.012
豆粕,Costa Rica,2008/09,production,0.168
豆粕,Cuba,2008/09,production,0.107
豆粕,Dominican Republic,2008/09,production,0
豆粕,Ecuador,2008/09,production,0.031
豆粕,El Salvador,2008/09,production,0
豆粕,Ethiopia,2008/09,production,0
豆粕,Georgia,2008/09,production,0
豆粕,Guatemala,2008/09,production,0.028
豆粕,Guyana,2008/09,production,0
豆粕,Honduras,2008/09,production,0
豆粕,Iraq,2008/09,production,0
豆粕,Israel,2008/09,production,0.238
豆粕,Jamaica,2008/09,production,0
豆粕,Jordan,2008/09,production,0
豆粕,Kazakhstan,2008/09,production,0.07
豆粕,Kenya,2008/09,production,0
豆粕,"Korea, North",2008/09,production,0.11
豆粕,Lebanon,2008/09,production,0.075
豆粕,Libya,2008/09,production,0
豆粕,New Zealand,2008/09,production,0
豆粕,Nicaragua,2008/09,production,0
豆粕,Nigeria,2008/09,production,0.18
豆粕,North Macedonia,2008/09,production,0
豆粕,Norway,2008/09,production,0.323
豆粕,Panama,2008/09,production,0.004
豆粕,Serbia,2008/09,production,0.271
豆粕,Singapore,2008/09,production,0.014
豆粕,Sri Lanka,2008/09,production,0
豆粕,Switzerland,2008/09,production,0.02
豆粕,Syria,2008/09,production,0.437
豆粕,Trinidad and Tobago,2008/09,production,0
豆粕,United Arab Emirates,2008/09,production,0.114
豆粕,Uzbekistan,2008/09,production,0.008
豆粕,Yemen,2008/09,production,0
豆粕,Zambia,2008/09,production,0.034
豆粕,Zimbabwe,2008/09,production,0.089
豆粕,阿尔及利亚,2009/10,consumption,0.9
豆粕,阿根廷,2009/10,consumption,0.83
豆粕,埃及,2009/10,consumption,1.725
豆粕,巴基斯坦,2009/10,consumption,0.266
豆粕,巴拉圭,2009/10,consumption,0.25
豆粕,巴西,2009/10,consumption,13.2
豆粕,玻利维亚,2009/10,consumption,0.105
豆粕,俄罗斯,2009/10,consumption,1.9
豆粕,菲律宾,2009/10,consumption,1.75
豆粕,哥伦比亚,2009/10,consumption,1.085
豆粕,韩国,2009/10,consumption,2.377
豆粕,加拿大,2009/10,consumption,1.999
豆粕,马来西亚,2009/10,consumption,1.297
豆粕,美国,2009/10,consumption,27.795
豆粕,孟加拉国,2009/10,consumption,0.458
豆粕,秘鲁,2009/10,consumption,1.07
豆粕,摩洛哥,2009/10,consumption,0.5
豆粕,墨西哥,2009/10,consumption,4.16
豆粕,南非,2009/10,consumption,1.05
豆粕,欧盟,2009/10,consumption,30.359
豆粕,日本,2009/10,consumption,4.033
豆粕,沙特阿拉伯,2009/10,consumption,0.825
豆粕,泰国,2009/10,consumption,3.513
豆粕,突尼斯,2009/10,consumption,0.33
豆粕,土耳其,2009/10,consumption,0.715
豆粕,委内瑞拉,2009/10,consumption,1.13
豆粕,乌克兰,2009/10,consumption,0.465
豆粕,乌拉圭,2009/10,consumption,0.2
豆粕,伊朗,2009/10,consumption,2.4
豆粕,印度,2009/10,consumption,2.54
豆粕,印度尼西亚,2009/10,consumption,2.528
豆粕,越南,2009/10,consumption,2.8
豆粕,智利,2009/10,consumption,0.54
豆粕,中国,2009/10,consumption,37.65
豆粕,中国台湾,2009/10,consumption,1.583
豆粕,Australia,2009/10,consumption,0.542
豆粕,Barbados,2009/10,consumption,0.015
豆粕,Belarus,2009/10,consumption,0.27
豆粕,Bosnia and Herzegovina,2009/10,consumption,0.065
豆粕,Costa Rica,2009/10,consumption,0.207
豆粕,Cuba,2009/10,consumption,0.364
豆粕,Dominican Republic,2009/10,consumption,0.409
豆粕,Ecuador,2009/10,consumption,0.574
豆粕,El Salvador,2009/10,consumption,0.15
豆粕,Ethiopia,2009/10,consumption,0
豆粕,Georgia,2009/10,consumption,0.008
豆粕,Guatemala,2009/10,consumption,0.32
豆粕,Guyana,2009/10,consumption,0.018
豆粕,Honduras,2009/10,consumption,0.159
豆粕,Iraq,2009/10,consumption,0.007
豆粕,Israel,2009/10,consumption,0.327
豆粕,Jamaica,2009/10,consumption,0.103
豆粕,Jordan,2009/10,consumption,0.235
豆粕,Kazakhstan,2009/10,consumption,0.07
豆粕,Kenya,2009/10,consumption,0.021
豆粕,"Korea, North",2009/10,consumption,0.093
豆粕,Lebanon,2009/10,consumption,0.173
豆粕,Libya,2009/10,consumption,0.266
豆粕,New Zealand,2009/10,consumption,0.126
豆粕,Nicaragua,2009/10,consumption,0.049
豆粕,Nigeria,2009/10,consumption,0.194
豆粕,North Macedonia,2009/10,consumption,0.029
豆粕,Norway,2009/10,consumption,0.24
豆粕,Panama,2009/10,consumption,0.164
豆粕,Serbia,2009/10,consumption,0.291
豆粕,Singapore,2009/10,consumption,0.035
豆粕,Sri Lanka,2009/10,consumption,0.107
豆粕,Switzerland,2009/10,consumption,0.283
豆粕,Syria,2009/10,consumption,0.914
豆粕,Trinidad and Tobago,2009/10,consumption,0.04
豆粕,United Arab Emirates,2009/10,consumption,0.237
豆粕,Uzbekistan,2009/10,consumption,0.013
豆粕,Yemen,2009/10,consumption,0.112
豆粕,Zambia,2009/10,consumption,0.054
豆粕,Zimbabwe,2009/10,consumption,0.054
豆粕,阿尔及利亚,2009/10,exports,0
豆粕,阿根廷,2009/10,exports,24.914
豆粕,埃及,2009/10,exports,0.003
豆粕,巴基斯坦,2009/10,exports,0
豆粕,巴拉圭,2009/10,exports,1.04
豆粕,巴西,2009/10,exports,12.985
豆粕,玻利维亚,2009/10,exports,1.114
豆粕,俄罗斯,2009/10,exports,0.003
豆粕,菲律宾,2009/10,exports,0
豆粕,哥伦比亚,2009/10,exports,0
豆粕,韩国,2009/10,exports,0.075
豆粕,加拿大,2009/10,exports,0.126
豆粕,马来西亚,2009/10,exports,0.036
豆粕,美国,2009/10,exports,10.125
豆粕,孟加拉国,2009/10,exports,0
豆粕,秘鲁,2009/10,exports,0
豆粕,摩洛哥,2009/10,exports,0.001
豆粕,墨西哥,2009/10,exports,0.006
豆粕,南非,2009/10,exports,0.041
豆粕,欧盟,2009/10,exports,0.471
豆粕,日本,2009/10,exports,0
豆粕,沙特阿拉伯,2009/10,exports,0
豆粕,泰国,2009/10,exports,0.001
豆粕,突尼斯,2009/10,exports,0.002
豆粕,土耳其,2009/10,exports,0.007
豆粕,委内瑞拉,2009/10,exports,0
豆粕,乌克兰,2009/10,exports,0.002
豆粕,乌拉圭,2009/10,exports,0
豆粕,伊朗,2009/10,exports,0
豆粕,印度,2009/10,exports,3.527
豆粕,印度尼西亚,2009/10,exports,0
豆粕,越南,2009/10,exports,0
豆粕,智利,2009/10,exports,0
豆粕,中国,2009/10,exports,1.181
豆粕,中国台湾,2009/10,exports,0.008
豆粕,Australia,2009/10,exports,0.004
豆粕,Barbados,2009/10,exports,0
豆粕,Belarus,2009/10,exports,0
豆粕,Bosnia and Herzegovina,2009/10,exports,0.018
豆粕,Costa Rica,2009/10,exports,0.002
豆粕,Cuba,2009/10,exports,0
豆粕,Dominican Republic,2009/10,exports,0
豆粕,Ecuador,2009/10,exports,0
豆粕,El Salvador,2009/10,exports,0
豆粕,Ethiopia,2009/10,exports,0
豆粕,Georgia,2009/10,exports,0.009
豆粕,Guatemala,2009/10,exports,0
豆粕,Guyana,2009/10,exports,0
豆粕,Honduras,2009/10,exports,0.001
豆粕,Iraq,2009/10,exports,0
豆粕,Israel,2009/10,exports,0.001
豆粕,Jamaica,2009/10,exports,0
豆粕,Jordan,2009/10,exports,0.002
豆粕,Kazakhstan,2009/10,exports,0.009
豆粕,Kenya,2009/10,exports,0.005
豆粕,"Korea, North",2009/10,exports,0
豆粕,Lebanon,2009/10,exports,0
豆粕,Libya,2009/10,exports,0
豆粕,New Zealand,2009/10,exports,0
豆粕,Nicaragua,2009/10,exports,0.011
豆粕,Nigeria,2009/10,exports,0
豆粕,North Macedonia,2009/10,exports,0
豆粕,Norway,2009/10,exports,0.165
豆粕,Panama,2009/10,exports,0
豆粕,Serbia,2009/10,exports,0.014
豆粕,Singapore,2009/10,exports,0.002
豆粕,Sri Lanka,2009/10,exports,0.008
豆粕,Switzerland,2009/10,exports,0
豆粕,Syria,2009/10,exports,0.041
豆粕,Trinidad and Tobago,2009/10,exports,0
豆粕,United Arab Emirates,2009/10,exports,0.001
豆粕,Uzbekistan,2009/10,exports,0
豆粕,Yemen,2009/10,exports,0
豆粕,Zambia,2009/10,exports,0
豆粕,Zimbabwe,2009/10,exports,0
豆粕,阿尔及利亚,2009/10,imports,0.934
豆粕,阿根廷,2009/10,imports,0.002
豆粕,埃及,2009/10,imports,0.4
豆粕,巴基斯坦,2009/10,imports,0.246
豆粕,巴拉圭,2009/10,imports,0
豆粕,巴西,2009/10,imports,0.086
豆粕,玻利维亚,2009/10,imports,0
豆粕,俄罗斯,2009/10,imports,0.416
豆粕,菲律宾,2009/10,imports,1.72
豆粕,哥伦比亚,2009/10,imports,0.885
豆粕,韩国,2009/10,imports,1.737
豆粕,加拿大,2009/10,imports,1.106
豆粕,马来西亚,2009/10,imports,1.076
豆粕,美国,2009/10,imports,0.145
豆粕,孟加拉国,2009/10,imports,0.417
豆粕,秘鲁,2009/10,imports,1.072
豆粕,摩洛哥,2009/10,imports,0.356
豆粕,墨西哥,2009/10,imports,1.209
豆粕,南非,2009/10,imports,0.955
豆粕,欧盟,2009/10,imports,20.879
豆粕,日本,2009/10,imports,2.106
豆粕,沙特阿拉伯,2009/10,imports,0.541
豆粕,泰国,2009/10,imports,2.513
豆粕,突尼斯,2009/10,imports,0.099
豆粕,土耳其,2009/10,imports,0.38
豆粕,委内瑞拉,2009/10,imports,1.064
豆粕,乌克兰,2009/10,imports,0.068
豆粕,乌拉圭,2009/10,imports,0.163
豆粕,伊朗,2009/10,imports,1.519
豆粕,印度,2009/10,imports,0.007
豆粕,印度尼西亚,2009/10,imports,2.508
豆粕,越南,2009/10,imports,2.879
豆粕,智利,2009/10,imports,0.486
豆粕,中国,2009/10,imports,0.083
豆粕,中国台湾,2009/10,imports,0.025
豆粕,Australia,2009/10,imports,0.518
豆粕,Barbados,2009/10,imports,0
豆粕,Belarus,2009/10,imports,0.27
豆粕,Bosnia and Herzegovina,2009/10,imports,0.069
豆粕,Costa Rica,2009/10,imports,0.035
豆粕,Cuba,2009/10,imports,0.265
豆粕,Dominican Republic,2009/10,imports,0.428
豆粕,Ecuador,2009/10,imports,0.542
豆粕,El Salvador,2009/10,imports,0.15
豆粕,Ethiopia,2009/10,imports,0
豆粕,Georgia,2009/10,imports,0.017
豆粕,Guatemala,2009/10,imports,0.302
豆粕,Guyana,2009/10,imports,0.018
豆粕,Honduras,2009/10,imports,0.16
豆粕,Iraq,2009/10,imports,0.007
豆粕,Israel,2009/10,imports,0.081
豆粕,Jamaica,2009/10,imports,0.103
豆粕,Jordan,2009/10,imports,0.242
豆粕,Kazakhstan,2009/10,imports,0.012
豆粕,Kenya,2009/10,imports,0.021
豆粕,"Korea, North",2009/10,imports,0.007
豆粕,Lebanon,2009/10,imports,0.07
豆粕,Libya,2009/10,imports,0.316
豆粕,New Zealand,2009/10,imports,0.136
豆粕,Nicaragua,2009/10,imports,0.064
豆粕,Nigeria,2009/10,imports,0.014
豆粕,North Macedonia,2009/10,imports,0.029
豆粕,Norway,2009/10,imports,0.065
豆粕,Panama,2009/10,imports,0.159
豆粕,Serbia,2009/10,imports,0.011
豆粕,Singapore,2009/10,imports,0.023
豆粕,Sri Lanka,2009/10,imports,0.115
豆粕,Switzerland,2009/10,imports,0.263
豆粕,Syria,2009/10,imports,0.468
豆粕,Trinidad and Tobago,2009/10,imports,0.044
豆粕,United Arab Emirates,2009/10,imports,0.189
豆粕,Uzbekistan,2009/10,imports,0.008
豆粕,Yemen,2009/10,imports,0.108
豆粕,Zambia,2009/10,imports,0
豆粕,Zimbabwe,2009/10,imports,0.001
豆粕,阿尔及利亚,2009/10,production,0
豆粕,阿根廷,2009/10,production,26.624
豆粕,埃及,2009/10,production,1.29
豆粕,巴基斯坦,2009/10,production,0
豆粕,巴拉圭,2009/10,production,1.3
豆粕,巴西,2009/10,production,26.12
豆粕,玻利维亚,2009/10,production,1.2
豆粕,俄罗斯,2009/10,production,1.497
豆粕,菲律宾,2009/10,production,0.047
豆粕,哥伦比亚,2009/10,production,0.205
豆粕,韩国,2009/10,production,0.68
豆粕,加拿大,2009/10,production,1.019
豆粕,马来西亚,2009/10,production,0.296
豆粕,美国,2009/10,production,37.836
豆粕,孟加拉国,2009/10,production,0.09
豆粕,秘鲁,2009/10,production,0.002
豆粕,摩洛哥,2009/10,production,0.157
豆粕,墨西哥,2009/10,production,2.85
豆粕,南非,2009/10,production,0.146
豆粕,欧盟,2009/10,production,9.95
豆粕,日本,2009/10,production,1.908
豆粕,沙特阿拉伯,2009/10,production,0.263
豆粕,泰国,2009/10,production,1.194
豆粕,突尼斯,2009/10,production,0.235
豆粕,土耳其,2009/10,production,0.4
豆粕,委内瑞拉,2009/10,production,0.118
豆粕,乌克兰,2009/10,production,0.419
豆粕,乌拉圭,2009/10,production,0.04
豆粕,伊朗,2009/10,production,0.915
豆粕,印度,2009/10,production,6.24
豆粕,印度尼西亚,2009/10,production,0
豆粕,越南,2009/10,production,0
豆粕,智利,2009/10,production,0.014
豆粕,中国,2009/10,production,38.808
豆粕,中国台湾,2009/10,production,1.581
豆粕,Australia,2009/10,production,0.049
豆粕,Barbados,2009/10,production,0.018
豆粕,Belarus,2009/10,production,0
豆粕,Bosnia and Herzegovina,2009/10,production,0.023
豆粕,Costa Rica,2009/10,production,0.174
豆粕,Cuba,2009/10,production,0.099
豆粕,Dominican Republic,2009/10,production,0
豆粕,Ecuador,2009/10,production,0.032
豆粕,El Salvador,2009/10,production,0
豆粕,Ethiopia,2009/10,production,0
豆粕,Georgia,2009/10,production,0
豆粕,Guatemala,2009/10,production,0.028
豆粕,Guyana,2009/10,production,0
豆粕,Honduras,2009/10,production,0
豆粕,Iraq,2009/10,production,0
豆粕,Israel,2009/10,production,0.238
豆粕,Jamaica,2009/10,production,0
豆粕,Jordan,2009/10,production,0
豆粕,Kazakhstan,2009/10,production,0.062
豆粕,Kenya,2009/10,production,0
豆粕,"Korea, North",2009/10,production,0.086
豆粕,Lebanon,2009/10,production,0.075
豆粕,Libya,2009/10,production,0
豆粕,New Zealand,2009/10,production,0
豆粕,Nicaragua,2009/10,production,0
豆粕,Nigeria,2009/10,production,0.18
豆粕,North Macedonia,2009/10,production,0
豆粕,Norway,2009/10,production,0.322
豆粕,Panama,2009/10,production,0.005
豆粕,Serbia,2009/10,production,0.278
豆粕,Singapore,2009/10,production,0.014
豆粕,Sri Lanka,2009/10,production,0
豆粕,Switzerland,2009/10,production,0.02
豆粕,Syria,2009/10,production,0.422
豆粕,Trinidad and Tobago,2009/10,production,0
豆粕,United Arab Emirates,2009/10,production,0.039
豆粕,Uzbekistan,2009/10,production,0.006
豆粕,Yemen,2009/10,production,0
豆粕,Zambia,2009/10,production,0.054
豆粕,Zimbabwe,2009/10,production,0.053
豆粕,阿尔及利亚,2010/11,consumption,0.97
豆粕,阿根廷,2010/11,consumption,1
豆粕,埃及,2010/11,consumption,1.9
豆粕,巴基斯坦,2010/11,consumption,0.275
豆粕,巴拉圭,2010/11,consumption,0.25
豆粕,巴西,2010/11,consumption,13.7
豆粕,玻利维亚,2010/11,consumption,0.225
豆粕,俄罗斯,2010/11,consumption,2.03
豆粕,菲律宾,2010/11,consumption,1.9
豆粕,哥伦比亚,2010/11,consumption,1.21
豆粕,韩国,2010/11,consumption,2.292
豆粕,加拿大,2010/11,consumption,1.987
豆粕,马来西亚,2010/11,consumption,1.325
豆粕,美国,2010/11,consumption,27.489
豆粕,孟加拉国,2010/11,consumption,0.587
豆粕,秘鲁,2010/11,consumption,1.1
豆粕,摩洛哥,2010/11,consumption,0.6
豆粕,墨西哥,2010/11,consumption,4.34
豆粕,南非,2010/11,consumption,1.05
豆粕,欧盟,2010/11,consumption,30.842
豆粕,日本,2010/11,consumption,3.83
豆粕,沙特阿拉伯,2010/11,consumption,0.85
豆粕,泰国,2010/11,consumption,3.813
豆粕,突尼斯,2010/11,consumption,0.342
豆粕,土耳其,2010/11,consumption,0.8
豆粕,委内瑞拉,2010/11,consumption,1.16
豆粕,乌克兰,2010/11,consumption,0.465
豆粕,乌拉圭,2010/11,consumption,0.215
豆粕,伊朗,2010/11,consumption,2.5
豆粕,印度,2010/11,consumption,2.775
豆粕,印度尼西亚,2010/11,consumption,2.784
豆粕,越南,2010/11,consumption,3.105
豆粕,智利,2010/11,consumption,0.604
豆粕,中国,2010/11,consumption,43.3
豆粕,中国台湾,2010/11,consumption,1.651
豆粕,Australia,2010/11,consumption,0.6
豆粕,Barbados,2010/11,consumption,0.015
豆粕,Belarus,2010/11,consumption,0.324
豆粕,Bosnia and Herzegovina,2010/11,consumption,0.07
豆粕,Costa Rica,2010/11,consumption,0.228
豆粕,Cuba,2010/11,consumption,0.367
豆粕,Dominican Republic,2010/11,consumption,0.4
豆粕,Ecuador,2010/11,consumption,0.606
豆粕,El Salvador,2010/11,consumption,0.164
豆粕,Ethiopia,2010/11,consumption,0
豆粕,Georgia,2010/11,consumption,0.014
豆粕,Ghana,2010/11,consumption,0.085
豆粕,Guatemala,2010/11,consumption,0.316
豆粕,Guyana,2010/11,consumption,0.018
豆粕,Honduras,2010/11,consumption,0.169
豆粕,Iraq,2010/11,consumption,0.005
豆粕,Israel,2010/11,consumption,0.364
豆粕,Jamaica,2010/11,consumption,0.104
豆粕,Jordan,2010/11,consumption,0.268
豆粕,Kazakhstan,2010/11,consumption,0.08
豆粕,Kenya,2010/11,consumption,0.04
豆粕,"Korea, North",2010/11,consumption,0.135
豆粕,Lebanon,2010/11,consumption,0.185
豆粕,Libya,2010/11,consumption,0.17
豆粕,New Zealand,2010/11,consumption,0.124
豆粕,Nicaragua,2010/11,consumption,0.049
豆粕,Nigeria,2010/11,consumption,0.177
豆粕,North Macedonia,2010/11,consumption,0.029
豆粕,Norway,2010/11,consumption,0.3
豆粕,Panama,2010/11,consumption,0.169
豆粕,Serbia,2010/11,consumption,0.207
豆粕,Singapore,2010/11,consumption,0.035
豆粕,Sri Lanka,2010/11,consumption,0.135
豆粕,Switzerland,2010/11,consumption,0.298
豆粕,Syria,2010/11,consumption,0.728
豆粕,Trinidad and Tobago,2010/11,consumption,0.041
豆粕,United Arab Emirates,2010/11,consumption,0.285
豆粕,Uzbekistan,2010/11,consumption,0.014
豆粕,Yemen,2010/11,consumption,0.12
豆粕,Zambia,2010/11,consumption,0.058
豆粕,Zimbabwe,2010/11,consumption,0.068
豆粕,阿尔及利亚,2010/11,exports,0
豆粕,阿根廷,2010/11,exports,27.615
豆粕,埃及,2010/11,exports,0.002
豆粕,巴基斯坦,2010/11,exports,0
豆粕,巴拉圭,2010/11,exports,1.018
豆粕,巴西,2010/11,exports,13.987
豆粕,玻利维亚,2010/11,exports,1.097
豆粕,俄罗斯,2010/11,exports,0.028
豆粕,菲律宾,2010/11,exports,0
豆粕,哥伦比亚,2010/11,exports,0
豆粕,韩国,2010/11,exports,0.072
豆粕,加拿大,2010/11,exports,0.21
豆粕,马来西亚,2010/11,exports,0.038
豆粕,美国,2010/11,exports,8.238
豆粕,孟加拉国,2010/11,exports,0
豆粕,秘鲁,2010/11,exports,0
豆粕,摩洛哥,2010/11,exports,0
豆粕,墨西哥,2010/11,exports,0.007
豆粕,南非,2010/11,exports,0.044
豆粕,欧盟,2010/11,exports,0.609
豆粕,日本,2010/11,exports,0
豆粕,沙特阿拉伯,2010/11,exports,0
豆粕,泰国,2010/11,exports,0.001
豆粕,突尼斯,2010/11,exports,0.013
豆粕,土耳其,2010/11,exports,0.008
豆粕,委内瑞拉,2010/11,exports,0
豆粕,乌克兰,2010/11,exports,0.005
豆粕,乌拉圭,2010/11,exports,0
豆粕,伊朗,2010/11,exports,0.002
豆粕,印度,2010/11,exports,5.169
豆粕,印度尼西亚,2010/11,exports,0
豆粕,越南,2010/11,exports,0.001
豆粕,智利,2010/11,exports,0
豆粕,中国,2010/11,exports,0.472
豆粕,中国台湾,2010/11,exports,0.01
豆粕,Australia,2010/11,exports,0.006
豆粕,Barbados,2010/11,exports,0
豆粕,Belarus,2010/11,exports,0
豆粕,Bosnia and Herzegovina,2010/11,exports,0.018
豆粕,Costa Rica,2010/11,exports,0.001
豆粕,Cuba,2010/11,exports,0
豆粕,Dominican Republic,2010/11,exports,0
豆粕,Ecuador,2010/11,exports,0
豆粕,El Salvador,2010/11,exports,0
豆粕,Ethiopia,2010/11,exports,0
豆粕,Georgia,2010/11,exports,0.001
豆粕,Ghana,2010/11,exports,0
豆粕,Guatemala,2010/11,exports,0
豆粕,Guyana,2010/11,exports,0
豆粕,Honduras,2010/11,exports,0
豆粕,Iraq,2010/11,exports,0
豆粕,Israel,2010/11,exports,0
豆粕,Jamaica,2010/11,exports,0
豆粕,Jordan,2010/11,exports,0.001
豆粕,Kazakhstan,2010/11,exports,0.005
豆粕,Kenya,2010/11,exports,0.002
豆粕,"Korea, North",2010/11,exports,0
豆粕,Lebanon,2010/11,exports,0
豆粕,Libya,2010/11,exports,0
豆粕,New Zealand,2010/11,exports,0.001
豆粕,Nicaragua,2010/11,exports,0.01
豆粕,Nigeria,2010/11,exports,0
豆粕,North Macedonia,2010/11,exports,0
豆粕,Norway,2010/11,exports,0.152
豆粕,Panama,2010/11,exports,0
豆粕,Serbia,2010/11,exports,0.033
豆粕,Singapore,2010/11,exports,0.002
豆粕,Sri Lanka,2010/11,exports,0.01
豆粕,Switzerland,2010/11,exports,0
豆粕,Syria,2010/11,exports,0.035
豆粕,Trinidad and Tobago,2010/11,exports,0
豆粕,United Arab Emirates,2010/11,exports,0
豆粕,Uzbekistan,2010/11,exports,0
豆粕,Yemen,2010/11,exports,0
豆粕,Zambia,2010/11,exports,0
豆粕,Zimbabwe,2010/11,exports,0
豆粕,阿尔及利亚,2010/11,imports,1.078
豆粕,阿根廷,2010/11,imports,0
豆粕,埃及,2010/11,imports,0.647
豆粕,巴基斯坦,2010/11,imports,0.275
豆粕,巴拉圭,2010/11,imports,0
豆粕,巴西,2010/11,imports,0.058
豆粕,玻利维亚,2010/11,imports,0
豆粕,俄罗斯,2010/11,imports,0.455
豆粕,菲律宾,2010/11,imports,1.975
豆粕,哥伦比亚,2010/11,imports,1.019
豆粕,韩国,2010/11,imports,1.658
豆粕,加拿大,2010/11,imports,1.076
豆粕,马来西亚,2010/11,imports,1.028
豆粕,美国,2010/11,imports,0.163
豆粕,孟加拉国,2010/11,imports,0.554
豆粕,秘鲁,2010/11,imports,1.059
豆粕,摩洛哥,2010/11,imports,0.531
豆粕,墨西哥,2010/11,imports,1.5
豆粕,南非,2010/11,imports,0.893
豆粕,欧盟,2010/11,imports,21.877
豆粕,日本,2010/11,imports,2.208
豆粕,沙特阿拉伯,2010/11,imports,0.5
豆粕,泰国,2010/11,imports,2.318
豆粕,突尼斯,2010/11,imports,0.04
豆粕,土耳其,2010/11,imports,0.557
豆粕,委内瑞拉,2010/11,imports,0.983
豆粕,乌克兰,2010/11,imports,0.04
豆粕,乌拉圭,2010/11,imports,0.182
豆粕,伊朗,2010/11,imports,1.745
豆粕,印度,2010/11,imports,0.008
豆粕,印度尼西亚,2010/11,imports,3.069
豆粕,越南,2010/11,imports,2.719
豆粕,智利,2010/11,imports,0.531
豆粕,中国,2010/11,imports,0.294
豆粕,中国台湾,2010/11,imports,0.056
豆粕,Australia,2010/11,imports,0.589
豆粕,Barbados,2010/11,imports,0
豆粕,Belarus,2010/11,imports,0.324
豆粕,Bosnia and Herzegovina,2010/11,imports,0.064
豆粕,Costa Rica,2010/11,imports,0.045
豆粕,Cuba,2010/11,imports,0.263
豆粕,Dominican Republic,2010/11,imports,0.389
豆粕,Ecuador,2010/11,imports,0.626
豆粕,El Salvador,2010/11,imports,0.164
豆粕,Ethiopia,2010/11,imports,0
豆粕,Georgia,2010/11,imports,0.013
豆粕,Ghana,2010/11,imports,0.004
豆粕,Guatemala,2010/11,imports,0.273
豆粕,Guyana,2010/11,imports,0.025
豆粕,Honduras,2010/11,imports,0.169
豆粕,Iraq,2010/11,imports,0
豆粕,Israel,2010/11,imports,0.087
豆粕,Jamaica,2010/11,imports,0.104
豆粕,Jordan,2010/11,imports,0.289
豆粕,Kazakhstan,2010/11,imports,0.014
豆粕,Kenya,2010/11,imports,0.057
豆粕,"Korea, North",2010/11,imports,0.059
豆粕,Lebanon,2010/11,imports,0.11
豆粕,Libya,2010/11,imports,0.122
豆粕,New Zealand,2010/11,imports,0.115
豆粕,Nicaragua,2010/11,imports,0.055
豆粕,Nigeria,2010/11,imports,0.035
豆粕,North Macedonia,2010/11,imports,0.029
豆粕,Norway,2010/11,imports,0.077
豆粕,Panama,2010/11,imports,0.174
豆粕,Serbia,2010/11,imports,0.001
豆粕,Singapore,2010/11,imports,0.023
豆粕,Sri Lanka,2010/11,imports,0.16
豆粕,Switzerland,2010/11,imports,0.291
豆粕,Syria,2010/11,imports,0.559
豆粕,Trinidad and Tobago,2010/11,imports,0.041
豆粕,United Arab Emirates,2010/11,imports,0.285
豆粕,Uzbekistan,2010/11,imports,0.005
豆粕,Yemen,2010/11,imports,0.11
豆粕,Zambia,2010/11,imports,0
豆粕,Zimbabwe,2010/11,imports,0.004
豆粕,阿尔及利亚,2010/11,production,0
豆粕,阿根廷,2010/11,production,29.312
豆粕,埃及,2010/11,production,1.3
豆粕,巴基斯坦,2010/11,production,0
豆粕,巴拉圭,2010/11,production,1.31
豆粕,巴西,2010/11,production,28.16
豆粕,玻利维亚,2010/11,production,1.42
豆粕,俄罗斯,2010/11,production,1.615
豆粕,菲律宾,2010/11,production,0.051
豆粕,哥伦比亚,2010/11,production,0.197
豆粕,韩国,2010/11,production,0.689
豆粕,加拿大,2010/11,production,1.122
豆粕,马来西亚,2010/11,production,0.315
豆粕,美国,2010/11,production,35.608
豆粕,孟加拉国,2010/11,production,0.121
豆粕,秘鲁,2010/11,production,0.002
豆粕,摩洛哥,2010/11,production,0.079
豆粕,墨西哥,2010/11,production,2.87
豆粕,南非,2010/11,production,0.197
豆粕,欧盟,2010/11,production,9.741
豆粕,日本,2010/11,production,1.647
豆粕,沙特阿拉伯,2010/11,production,0.393
豆粕,泰国,2010/11,production,1.355
豆粕,突尼斯,2010/11,production,0.315
豆粕,土耳其,2010/11,production,0.377
豆粕,委内瑞拉,2010/11,production,0.181
豆粕,乌克兰,2010/11,production,0.442
豆粕,乌拉圭,2010/11,production,0.048
豆粕,伊朗,2010/11,production,0.835
豆粕,印度,2010/11,production,7.48
豆粕,印度尼西亚,2010/11,production,0
豆粕,越南,2010/11,production,0.468
豆粕,智利,2010/11,production,0.093
豆粕,中国,2010/11,production,43.56
豆粕,中国台湾,2010/11,production,1.62
豆粕,Australia,2010/11,production,0.02
豆粕,Barbados,2010/11,production,0.012
豆粕,Belarus,2010/11,production,0
豆粕,Bosnia and Herzegovina,2010/11,production,0.023
豆粕,Costa Rica,2010/11,production,0.189
豆粕,Cuba,2010/11,production,0.104
豆粕,Dominican Republic,2010/11,production,0
豆粕,Ecuador,2010/11,production,0.034
豆粕,El Salvador,2010/11,production,0
豆粕,Ethiopia,2010/11,production,0
豆粕,Georgia,2010/11,production,0.002
豆粕,Ghana,2010/11,production,0.079
豆粕,Guatemala,2010/11,production,0.033
豆粕,Guyana,2010/11,production,0
豆粕,Honduras,2010/11,production,0
豆粕,Iraq,2010/11,production,0
豆粕,Israel,2010/11,production,0.278
豆粕,Jamaica,2010/11,production,0
豆粕,Jordan,2010/11,production,0
豆粕,Kazakhstan,2010/11,production,0.074
豆粕,Kenya,2010/11,production,0
豆粕,"Korea, North",2010/11,production,0.094
豆粕,Lebanon,2010/11,production,0.075
豆粕,Libya,2010/11,production,0
豆粕,New Zealand,2010/11,production,0
豆粕,Nicaragua,2010/11,production,0
豆粕,Nigeria,2010/11,production,0.142
豆粕,North Macedonia,2010/11,production,0
豆粕,Norway,2010/11,production,0.33
豆粕,Panama,2010/11,production,0.005
豆粕,Serbia,2010/11,production,0.236
豆粕,Singapore,2010/11,production,0.014
豆粕,Sri Lanka,2010/11,production,0
豆粕,Switzerland,2010/11,production,0.019
豆粕,Syria,2010/11,production,0.236
豆粕,Trinidad and Tobago,2010/11,production,0
豆粕,United Arab Emirates,2010/11,production,0
豆粕,Uzbekistan,2010/11,production,0.008
豆粕,Yemen,2010/11,production,0
豆粕,Zambia,2010/11,production,0.058
豆粕,Zimbabwe,2010/11,production,0.064
豆粕,阿尔及利亚,2011/12,consumption,0.98
豆粕,阿根廷,2011/12,consumption,1.45
豆粕,埃及,2011/12,consumption,2.1
豆粕,巴基斯坦,2011/12,consumption,0.435
豆粕,巴拉圭,2011/12,consumption,0.25
豆粕,巴西,2011/12,consumption,13.9
豆粕,玻利维亚,2011/12,consumption,0.25
豆粕,俄罗斯,2011/12,consumption,2.15
豆粕,菲律宾,2011/12,consumption,2
豆粕,哥伦比亚,2011/12,consumption,1.222
豆粕,韩国,2011/12,consumption,2.226
豆粕,加拿大,2011/12,consumption,2.06
豆粕,马来西亚,2011/12,consumption,1.348
豆粕,美国,2011/12,consumption,28.614
豆粕,孟加拉国,2011/12,consumption,0.685
豆粕,秘鲁,2011/12,consumption,1.113
豆粕,摩洛哥,2011/12,consumption,0.56
豆粕,墨西哥,2011/12,consumption,4.37
豆粕,南非,2011/12,consumption,1.05
豆粕,欧盟,2011/12,consumption,29.342
豆粕,日本,2011/12,consumption,3.759
豆粕,沙特阿拉伯,2011/12,consumption,0.89
豆粕,泰国,2011/12,consumption,3.9
豆粕,突尼斯,2011/12,consumption,0.42
豆粕,土耳其,2011/12,consumption,1.13
豆粕,委内瑞拉,2011/12,consumption,1.335
豆粕,乌克兰,2011/12,consumption,0.589
豆粕,乌拉圭,2011/12,consumption,0.145
豆粕,伊朗,2011/12,consumption,2.45
豆粕,印度,2011/12,consumption,3.32
豆粕,印度尼西亚,2011/12,consumption,3.218
豆粕,越南,2011/12,consumption,3.28
豆粕,智利,2011/12,consumption,0.6
豆粕,中国,2011/12,consumption,47.42
豆粕,中国台湾,2011/12,consumption,1.664
豆粕,Australia,2011/12,consumption,0.658
豆粕,Barbados,2011/12,consumption,0.016
豆粕,Belarus,2011/12,consumption,0.334
豆粕,Bosnia and Herzegovina,2011/12,consumption,0.078
豆粕,Burma,2011/12,consumption,0.063
豆粕,Costa Rica,2011/12,consumption,0.235
豆粕,Cuba,2011/12,consumption,0.365
豆粕,Dominican Republic,2011/12,consumption,0.405
豆粕,Ecuador,2011/12,consumption,0.61
豆粕,El Salvador,2011/12,consumption,0.152
豆粕,Ethiopia,2011/12,consumption,0.006
豆粕,Georgia,2011/12,consumption,0.016
豆粕,Ghana,2011/12,consumption,0.125
豆粕,Guatemala,2011/12,consumption,0.306
豆粕,Guyana,2011/12,consumption,0.019
豆粕,Honduras,2011/12,consumption,0.178
豆粕,Iraq,2011/12,consumption,0.01
豆粕,Israel,2011/12,consumption,0.37
豆粕,Jamaica,2011/12,consumption,0.1
豆粕,Jordan,2011/12,consumption,0.265
豆粕,Kazakhstan,2011/12,consumption,0.08
豆粕,Kenya,2011/12,consumption,0.033
豆粕,"Korea, North",2011/12,consumption,0.15
豆粕,Lebanon,2011/12,consumption,0.205
豆粕,Libya,2011/12,consumption,0.19
豆粕,New Zealand,2011/12,consumption,0.145
豆粕,Nicaragua,2011/12,consumption,0.069
豆粕,Nigeria,2011/12,consumption,0.252
豆粕,North Macedonia,2011/12,consumption,0.027
豆粕,Norway,2011/12,consumption,0.2
豆粕,Panama,2011/12,consumption,0.17
豆粕,Serbia,2011/12,consumption,0.22
豆粕,Singapore,2011/12,consumption,0.035
豆粕,Sri Lanka,2011/12,consumption,0.144
豆粕,Switzerland,2011/12,consumption,0.298
豆粕,Syria,2011/12,consumption,0.471
豆粕,Trinidad and Tobago,2011/12,consumption,0.036
豆粕,United Arab Emirates,2011/12,consumption,0.377
豆粕,Uzbekistan,2011/12,consumption,0.017
豆粕,Yemen,2011/12,consumption,0.135
豆粕,Zambia,2011/12,consumption,0.058
豆粕,Zimbabwe,2011/12,consumption,0.04
豆粕,阿尔及利亚,2011/12,exports,0
豆粕,阿根廷,2011/12,exports,26.043
豆粕,埃及,2011/12,exports,0.005
豆粕,巴基斯坦,2011/12,exports,0
豆粕,巴拉圭,2011/12,exports,0.501
豆粕,巴西,2011/12,exports,14.678
豆粕,玻利维亚,2011/12,exports,1.208
豆粕,俄罗斯,2011/12,exports,0.01
豆粕,菲律宾,2011/12,exports,0
豆粕,哥伦比亚,2011/12,exports,0
豆粕,韩国,2011/12,exports,0.038
豆粕,加拿大,2011/12,exports,0.173
豆粕,马来西亚,2011/12,exports,0.056
豆粕,美国,2011/12,exports,8.845
豆粕,孟加拉国,2011/12,exports,0
豆粕,秘鲁,2011/12,exports,0
豆粕,摩洛哥,2011/12,exports,0
豆粕,墨西哥,2011/12,exports,0.011
豆粕,南非,2011/12,exports,0.036
豆粕,欧盟,2011/12,exports,0.884
豆粕,日本,2011/12,exports,0
豆粕,沙特阿拉伯,2011/12,exports,0
豆粕,泰国,2011/12,exports,0.001
豆粕,突尼斯,2011/12,exports,0.012
豆粕,土耳其,2011/12,exports,0.01
豆粕,委内瑞拉,2011/12,exports,0
豆粕,乌克兰,2011/12,exports,0.005
豆粕,乌拉圭,2011/12,exports,0
豆粕,伊朗,2011/12,exports,0
豆粕,印度,2011/12,exports,4.877
豆粕,印度尼西亚,2011/12,exports,0
豆粕,越南,2011/12,exports,0.012
豆粕,智利,2011/12,exports,0
豆粕,中国,2011/12,exports,0.966
豆粕,中国台湾,2011/12,exports,0.019
豆粕,Australia,2011/12,exports,0.003
豆粕,Barbados,2011/12,exports,0
豆粕,Belarus,2011/12,exports,0.025
豆粕,Bosnia and Herzegovina,2011/12,exports,0.008
豆粕,Burma,2011/12,exports,0
豆粕,Costa Rica,2011/12,exports,0.001
豆粕,Cuba,2011/12,exports,0
豆粕,Dominican Republic,2011/12,exports,0
豆粕,Ecuador,2011/12,exports,0
豆粕,El Salvador,2011/12,exports,0
豆粕,Ethiopia,2011/12,exports,0
豆粕,Georgia,2011/12,exports,0.006
豆粕,Ghana,2011/12,exports,0
豆粕,Guatemala,2011/12,exports,0
豆粕,Guyana,2011/12,exports,0
豆粕,Honduras,2011/12,exports,0
豆粕,Iraq,2011/12,exports,0
豆粕,Israel,2011/12,exports,0.001
豆粕,Jamaica,2011/12,exports,0
豆粕,Jordan,2011/12,exports,0.004
豆粕,Kazakhstan,2011/12,exports,0.016
豆粕,Kenya,2011/12,exports,0.001
豆粕,"Korea, North",2011/12,exports,0
豆粕,Lebanon,2011/12,exports,0.001
豆粕,Libya,2011/12,exports,0
豆粕,New Zealand,2011/12,exports,0
豆粕,Nicaragua,2011/12,exports,0.008
豆粕,Nigeria,2011/12,exports,0
豆粕,North Macedonia,2011/12,exports,0
豆粕,Norway,2011/12,exports,0.165
豆粕,Panama,2011/12,exports,0
豆粕,Serbia,2011/12,exports,0.063
豆粕,Singapore,2011/12,exports,0.001
豆粕,Sri Lanka,2011/12,exports,0.007
豆粕,Switzerland,2011/12,exports,0.002
豆粕,Syria,2011/12,exports,0.015
豆粕,Trinidad and Tobago,2011/12,exports,0
豆粕,United Arab Emirates,2011/12,exports,0.01
豆粕,Uzbekistan,2011/12,exports,0
豆粕,Yemen,2011/12,exports,0
豆粕,Zambia,2011/12,exports,0
豆粕,Zimbabwe,2011/12,exports,0
豆粕,阿尔及利亚,2011/12,imports,0.861
豆粕,阿根廷,2011/12,imports,0
豆粕,埃及,2011/12,imports,0.817
豆粕,巴基斯坦,2011/12,imports,0.435
豆粕,巴拉圭,2011/12,imports,0
豆粕,巴西,2011/12,imports,0.03
豆粕,玻利维亚,2011/12,imports,0
豆粕,俄罗斯,2011/12,imports,0.548
豆粕,菲律宾,2011/12,imports,1.879
豆粕,哥伦比亚,2011/12,imports,1.021
豆粕,韩国,2011/12,imports,1.571
豆粕,加拿大,2011/12,imports,1.138
豆粕,马来西亚,2011/12,imports,1.078
豆粕,美国,2011/12,imports,0.196
豆粕,孟加拉国,2011/12,imports,0.375
豆粕,秘鲁,2011/12,imports,1.113
豆粕,摩洛哥,2011/12,imports,0.485
豆粕,墨西哥,2011/12,imports,1.548
豆粕,南非,2011/12,imports,0.784
豆粕,欧盟,2011/12,imports,20.872
豆粕,日本,2011/12,imports,2.282
豆粕,沙特阿拉伯,2011/12,imports,0.394
豆粕,泰国,2011/12,imports,2.936
豆粕,突尼斯,2011/12,imports,0.087
豆粕,土耳其,2011/12,imports,0.942
豆粕,委内瑞拉,2011/12,imports,1.182
豆粕,乌克兰,2011/12,imports,0.025
豆粕,乌拉圭,2011/12,imports,0.073
豆粕,伊朗,2011/12,imports,2.192
豆粕,印度,2011/12,imports,0.007
豆粕,印度尼西亚,2011/12,imports,3.278
豆粕,越南,2011/12,imports,2.276
豆粕,智利,2011/12,imports,0.613
豆粕,中国,2011/12,imports,0.113
豆粕,中国台湾,2011/12,imports,0.117
豆粕,Australia,2011/12,imports,0.635
豆粕,Barbados,2011/12,imports,0.001
豆粕,Belarus,2011/12,imports,0.359
豆粕,Bosnia and Herzegovina,2011/12,imports,0.061
豆粕,Burma,2011/12,imports,0.063
豆粕,Costa Rica,2011/12,imports,0.043
豆粕,Cuba,2011/12,imports,0.28
豆粕,Dominican Republic,2011/12,imports,0.407
豆粕,Ecuador,2011/12,imports,0.519
豆粕,El Salvador,2011/12,imports,0.152
豆粕,Ethiopia,2011/12,imports,0
豆粕,Georgia,2011/12,imports,0.025
豆粕,Ghana,2011/12,imports,0.027
豆粕,Guatemala,2011/12,imports,0.266
豆粕,Guyana,2011/12,imports,0.02
豆粕,Honduras,2011/12,imports,0.178
豆粕,Iraq,2011/12,imports,0.013
豆粕,Israel,2011/12,imports,0.178
豆粕,Jamaica,2011/12,imports,0.099
豆粕,Jordan,2011/12,imports,0.298
豆粕,Kazakhstan,2011/12,imports,0.015
豆粕,Kenya,2011/12,imports,0.027
豆粕,"Korea, North",2011/12,imports,0.078
豆粕,Lebanon,2011/12,imports,0.144
豆粕,Libya,2011/12,imports,0.192
豆粕,New Zealand,2011/12,imports,0.169
豆粕,Nicaragua,2011/12,imports,0.077
豆粕,Nigeria,2011/12,imports,0.099
豆粕,North Macedonia,2011/12,imports,0.027
豆粕,Norway,2011/12,imports,0.052
豆粕,Panama,2011/12,imports,0.16
豆粕,Serbia,2011/12,imports,0.01
豆粕,Singapore,2011/12,imports,0.022
豆粕,Sri Lanka,2011/12,imports,0.149
豆粕,Switzerland,2011/12,imports,0.281
豆粕,Syria,2011/12,imports,0.36
豆粕,Trinidad and Tobago,2011/12,imports,0.032
豆粕,United Arab Emirates,2011/12,imports,0.267
豆粕,Uzbekistan,2011/12,imports,0.009
豆粕,Yemen,2011/12,imports,0.147
豆粕,Zambia,2011/12,imports,0
豆粕,Zimbabwe,2011/12,imports,0.001
豆粕,阿尔及利亚,2011/12,production,0
豆粕,阿根廷,2011/12,production,27.945
豆粕,埃及,2011/12,production,1.28
豆粕,巴基斯坦,2011/12,production,0
豆粕,巴拉圭,2011/12,production,0.726
豆粕,巴西,2011/12,production,29.51
豆粕,玻利维亚,2011/12,production,1.58
豆粕,俄罗斯,2011/12,production,1.655
豆粕,菲律宾,2011/12,production,0.048
豆粕,哥伦比亚,2011/12,production,0.181
豆粕,韩国,2011/12,production,0.611
豆粕,加拿大,2011/12,production,1.109
豆粕,马来西亚,2011/12,production,0.312
豆粕,美国,2011/12,production,37.217
豆粕,孟加拉国,2011/12,production,0.253
豆粕,秘鲁,2011/12,production,0.002
豆粕,摩洛哥,2011/12,production,0.06
豆粕,墨西哥,2011/12,production,2.91
豆粕,南非,2011/12,production,0.328
豆粕,欧盟,2011/12,production,9.164
豆粕,日本,2011/12,production,1.483
豆粕,沙特阿拉伯,2011/12,production,0.409
豆粕,泰国,2011/12,production,1.375
豆粕,突尼斯,2011/12,production,0.34
豆粕,土耳其,2011/12,production,0.293
豆粕,委内瑞拉,2011/12,production,0.157
豆粕,乌克兰,2011/12,production,0.537
豆粕,乌拉圭,2011/12,production,0.056
豆粕,伊朗,2011/12,production,0.239
豆粕,印度,2011/12,production,8.24
豆粕,印度尼西亚,2011/12,production,0
豆粕,越南,2011/12,production,0.858
豆粕,智利,2011/12,production,0.037
豆粕,中国,2011/12,production,48.312
豆粕,中国台湾,2011/12,production,1.588
豆粕,Australia,2011/12,production,0.059
豆粕,Barbados,2011/12,production,0.016
豆粕,Belarus,2011/12,production,0
豆粕,Bosnia and Herzegovina,2011/12,production,0.023
豆粕,Burma,2011/12,production,0
豆粕,Costa Rica,2011/12,production,0.197
豆粕,Cuba,2011/12,production,0.104
豆粕,Dominican Republic,2011/12,production,0
豆粕,Ecuador,2011/12,production,0.035
豆粕,El Salvador,2011/12,production,0
豆粕,Ethiopia,2011/12,production,0.006
豆粕,Georgia,2011/12,production,0.002
豆粕,Ghana,2011/12,production,0.102
豆粕,Guatemala,2011/12,production,0.04
豆粕,Guyana,2011/12,production,0
豆粕,Honduras,2011/12,production,0
豆粕,Iraq,2011/12,production,0
豆粕,Israel,2011/12,production,0.207
豆粕,Jamaica,2011/12,production,0
豆粕,Jordan,2011/12,production,0
豆粕,Kazakhstan,2011/12,production,0.082
豆粕,Kenya,2011/12,production,0
豆粕,"Korea, North",2011/12,production,0.098
豆粕,Lebanon,2011/12,production,0.075
豆粕,Libya,2011/12,production,0
豆粕,New Zealand,2011/12,production,0
豆粕,Nicaragua,2011/12,production,0
豆粕,Nigeria,2011/12,production,0.177
豆粕,North Macedonia,2011/12,production,0
豆粕,Norway,2011/12,production,0.315
豆粕,Panama,2011/12,production,0.002
豆粕,Serbia,2011/12,production,0.28
豆粕,Singapore,2011/12,production,0.014
豆粕,Sri Lanka,2011/12,production,0
豆粕,Switzerland,2011/12,production,0.017
豆粕,Syria,2011/12,production,0.061
豆粕,Trinidad and Tobago,2011/12,production,0
豆粕,United Arab Emirates,2011/12,production,0.11
豆粕,Uzbekistan,2011/12,production,0.008
豆粕,Yemen,2011/12,production,0
豆粕,Zambia,2011/12,production,0.058
豆粕,Zimbabwe,2011/12,production,0.04
豆粕,阿尔及利亚,2012/13,consumption,1.2
豆粕,阿根廷,2012/13,consumption,1.85
豆粕,埃及,2012/13,consumption,2.22
豆粕,巴基斯坦,2012/13,consumption,0.63
豆粕,巴拉圭,2012/13,consumption,0.3
豆粕,巴西,2012/13,consumption,14.5
豆粕,玻利维亚,2012/13,consumption,0.254
豆粕,俄罗斯,2012/13,consumption,2.3
豆粕,菲律宾,2012/13,consumption,2.1
豆粕,哥伦比亚,2012/13,consumption,1.27
豆粕,韩国,2012/13,consumption,2.211
豆粕,加拿大,2012/13,consumption,1.95
豆粕,马来西亚,2012/13,consumption,1.475
豆粕,美国,2012/13,consumption,26.308
豆粕,孟加拉国,2012/13,consumption,0.734
豆粕,秘鲁,2012/13,consumption,1.1
豆粕,摩洛哥,2012/13,consumption,0.555
豆粕,墨西哥,2012/13,consumption,4.25
豆粕,南非,2012/13,consumption,1.075
豆粕,欧盟,2012/13,consumption,26.742
豆粕,日本,2012/13,consumption,3.238
豆粕,沙特阿拉伯,2012/13,consumption,0.975
豆粕,泰国,2012/13,consumption,4.15
豆粕,突尼斯,2012/13,consumption,0.43
豆粕,土耳其,2012/13,consumption,1.31
豆粕,委内瑞拉,2012/13,consumption,1.3
豆粕,乌克兰,2012/13,consumption,0.43
豆粕,乌拉圭,2012/13,consumption,0.22
豆粕,伊朗,2012/13,consumption,2.5
豆粕,印度,2012/13,consumption,3.53
豆粕,印度尼西亚,2012/13,consumption,3.63
豆粕,越南,2012/13,consumption,3.7
豆粕,智利,2012/13,consumption,0.59
豆粕,中国,2012/13,consumption,50.11
豆粕,中国台湾,2012/13,consumption,1.6
豆粕,Australia,2012/13,consumption,0.684
豆粕,Barbados,2012/13,consumption,0.017
豆粕,Belarus,2012/13,consumption,0.336
豆粕,Bosnia and Herzegovina,2012/13,consumption,0.085
豆粕,Burma,2012/13,consumption,0.103
豆粕,Costa Rica,2012/13,consumption,0.24
豆粕,Cuba,2012/13,consumption,0.336
豆粕,Dominican Republic,2012/13,consumption,0.397
豆粕,Ecuador,2012/13,consumption,0.69
豆粕,El Salvador,2012/13,consumption,0.159
豆粕,Ethiopia,2012/13,consumption,0.008
豆粕,Georgia,2012/13,consumption,0.018
豆粕,Ghana,2012/13,consumption,0.12
豆粕,Guatemala,2012/13,consumption,0.362
豆粕,Guyana,2012/13,consumption,0.018
豆粕,Honduras,2012/13,consumption,0.181
豆粕,Iraq,2012/13,consumption,0.012
豆粕,Israel,2012/13,consumption,0.367
豆粕,Jamaica,2012/13,consumption,0.098
豆粕,Jordan,2012/13,consumption,0.33
豆粕,Kazakhstan,2012/13,consumption,0.085
豆粕,Kenya,2012/13,consumption,0.028
豆粕,"Korea, North",2012/13,consumption,0.15
豆粕,Lebanon,2012/13,consumption,0.21
豆粕,Libya,2012/13,consumption,0.205
豆粕,New Zealand,2012/13,consumption,0.143
豆粕,Nicaragua,2012/13,consumption,0.065
豆粕,Nigeria,2012/13,consumption,0.235
豆粕,North Macedonia,2012/13,consumption,0.025
豆粕,Norway,2012/13,consumption,0.22
豆粕,Panama,2012/13,consumption,0.174
豆粕,Serbia,2012/13,consumption,0.26
豆粕,Singapore,2012/13,consumption,0.031
豆粕,Sri Lanka,2012/13,consumption,0.15
豆粕,Switzerland,2012/13,consumption,0.274
豆粕,Syria,2012/13,consumption,0.3
豆粕,Trinidad and Tobago,2012/13,consumption,0.047
豆粕,United Arab Emirates,2012/13,consumption,0.449
豆粕,Uzbekistan,2012/13,consumption,0.037
豆粕,Yemen,2012/13,consumption,0.188
豆粕,Zambia,2012/13,consumption,0.102
豆粕,Zimbabwe,2012/13,consumption,0.05
豆粕,阿尔及利亚,2012/13,exports,0
豆粕,阿根廷,2012/13,exports,23.667
豆粕,埃及,2012/13,exports,0.005
豆粕,巴基斯坦,2012/13,exports,0.002
豆粕,巴拉圭,2012/13,exports,2.02
豆粕,巴西,2012/13,exports,13.242
豆粕,玻利维亚,2012/13,exports,1.562
豆粕,俄罗斯,2012/13,exports,0.092
豆粕,菲律宾,2012/13,exports,0
豆粕,哥伦比亚,2012/13,exports,0
豆粕,韩国,2012/13,exports,0.115
豆粕,加拿大,2012/13,exports,0.245
豆粕,马来西亚,2012/13,exports,0.027
豆粕,美国,2012/13,exports,10.111
豆粕,孟加拉国,2012/13,exports,0
豆粕,秘鲁,2012/13,exports,0
豆粕,摩洛哥,2012/13,exports,0
豆粕,墨西哥,2012/13,exports,0.013
豆粕,南非,2012/13,exports,0.049
豆粕,欧盟,2012/13,exports,0.536
豆粕,日本,2012/13,exports,0
豆粕,沙特阿拉伯,2012/13,exports,0
豆粕,泰国,2012/13,exports,0
豆粕,突尼斯,2012/13,exports,0.012
豆粕,土耳其,2012/13,exports,0.087
豆粕,委内瑞拉,2012/13,exports,0
豆粕,乌克兰,2012/13,exports,0.015
豆粕,乌拉圭,2012/13,exports,0
豆粕,伊朗,2012/13,exports,0
豆粕,印度,2012/13,exports,4.943
豆粕,印度尼西亚,2012/13,exports,0.004
豆粕,越南,2012/13,exports,0.07
豆粕,智利,2012/13,exports,0.001
豆粕,中国,2012/13,exports,1.365
豆粕,中国台湾,2012/13,exports,0.017
豆粕,Australia,2012/13,exports,0.002
豆粕,Barbados,2012/13,exports,0
豆粕,Belarus,2012/13,exports,0.04
豆粕,Bosnia and Herzegovina,2012/13,exports,0.012
豆粕,Burma,2012/13,exports,0
豆粕,Costa Rica,2012/13,exports,0.001
豆粕,Cuba,2012/13,exports,0
豆粕,Dominican Republic,2012/13,exports,0
豆粕,Ecuador,2012/13,exports,0
豆粕,El Salvador,2012/13,exports,0.001
豆粕,Ethiopia,2012/13,exports,0
豆粕,Georgia,2012/13,exports,0.012
豆粕,Ghana,2012/13,exports,0.001
豆粕,Guatemala,2012/13,exports,0
豆粕,Guyana,2012/13,exports,0
豆粕,Honduras,2012/13,exports,0.001
豆粕,Iraq,2012/13,exports,0
豆粕,Israel,2012/13,exports,0.002
豆粕,Jamaica,2012/13,exports,0
豆粕,Jordan,2012/13,exports,0
豆粕,Kazakhstan,2012/13,exports,0.02
豆粕,Kenya,2012/13,exports,0
豆粕,"Korea, North",2012/13,exports,0
豆粕,Lebanon,2012/13,exports,0.002
豆粕,Libya,2012/13,exports,0
豆粕,New Zealand,2012/13,exports,0
豆粕,Nicaragua,2012/13,exports,0.007
豆粕,Nigeria,2012/13,exports,0
豆粕,North Macedonia,2012/13,exports,0
豆粕,Norway,2012/13,exports,0.148
豆粕,Panama,2012/13,exports,0
豆粕,Serbia,2012/13,exports,0.03
豆粕,Singapore,2012/13,exports,0.001
豆粕,Sri Lanka,2012/13,exports,0.008
豆粕,Switzerland,2012/13,exports,0.001
豆粕,Syria,2012/13,exports,0
豆粕,Trinidad and Tobago,2012/13,exports,0
豆粕,United Arab Emirates,2012/13,exports,0.007
豆粕,Uzbekistan,2012/13,exports,0
豆粕,Yemen,2012/13,exports,0
豆粕,Zambia,2012/13,exports,0
豆粕,Zimbabwe,2012/13,exports,0
豆粕,阿尔及利亚,2012/13,imports,1.333
豆粕,阿根廷,2012/13,imports,0
豆粕,埃及,2012/13,imports,0.896
豆粕,巴基斯坦,2012/13,imports,0.682
豆粕,巴拉圭,2012/13,imports,0.002
豆粕,巴西,2012/13,imports,0.032
豆粕,玻利维亚,2012/13,imports,0
豆粕,俄罗斯,2012/13,imports,0.631
豆粕,菲律宾,2012/13,imports,1.968
豆粕,哥伦比亚,2012/13,imports,1.057
豆粕,韩国,2012/13,imports,1.654
豆粕,加拿大,2012/13,imports,0.983
豆粕,马来西亚,2012/13,imports,1.276
豆粕,美国,2012/13,imports,0.222
豆粕,孟加拉国,2012/13,imports,0.362
豆粕,秘鲁,2012/13,imports,1.099
豆粕,摩洛哥,2012/13,imports,0.49
豆粕,墨西哥,2012/13,imports,1.295
豆粕,南非,2012/13,imports,0.625
豆粕,欧盟,2012/13,imports,16.941
豆粕,日本,2012/13,imports,1.765
豆粕,沙特阿拉伯,2012/13,imports,0.489
豆粕,泰国,2012/13,imports,2.874
豆粕,突尼斯,2012/13,imports,0.104
豆粕,土耳其,2012/13,imports,1.204
豆粕,委内瑞拉,2012/13,imports,1.099
豆粕,乌克兰,2012/13,imports,0.007
豆粕,乌拉圭,2012/13,imports,0.167
豆粕,伊朗,2012/13,imports,2.127
豆粕,印度,2012/13,imports,0.007
豆粕,印度尼西亚,2012/13,imports,3.6
豆粕,越南,2012/13,imports,2.981
豆粕,智利,2012/13,imports,0.506
豆粕,中国,2012/13,imports,0.016
豆粕,中国台湾,2012/13,imports,0.043
豆粕,Australia,2012/13,imports,0.615
豆粕,Barbados,2012/13,imports,0
豆粕,Belarus,2012/13,imports,0.376
豆粕,Bosnia and Herzegovina,2012/13,imports,0.071
豆粕,Burma,2012/13,imports,0.103
豆粕,Costa Rica,2012/13,imports,0.044
豆粕,Cuba,2012/13,imports,0.215
豆粕,Dominican Republic,2012/13,imports,0.382
豆粕,Ecuador,2012/13,imports,0.67
豆粕,El Salvador,2012/13,imports,0.16
豆粕,Ethiopia,2012/13,imports,0
豆粕,Georgia,2012/13,imports,0.026
豆粕,Ghana,2012/13,imports,0.013
豆粕,Guatemala,2012/13,imports,0.32
豆粕,Guyana,2012/13,imports,0.019
豆粕,Honduras,2012/13,imports,0.184
豆粕,Iraq,2012/13,imports,0.009
豆粕,Israel,2012/13,imports,0.122
豆粕,Jamaica,2012/13,imports,0.098
豆粕,Jordan,2012/13,imports,0.317
豆粕,Kazakhstan,2012/13,imports,0.012
豆粕,Kenya,2012/13,imports,0.02
豆粕,"Korea, North",2012/13,imports,0.031
豆粕,Lebanon,2012/13,imports,0.14
豆粕,Libya,2012/13,imports,0.255
豆粕,New Zealand,2012/13,imports,0.133
豆粕,Nicaragua,2012/13,imports,0.072
豆粕,Nigeria,2012/13,imports,0.032
豆粕,North Macedonia,2012/13,imports,0.025
豆粕,Norway,2012/13,imports,0.049
豆粕,Panama,2012/13,imports,0.168
豆粕,Serbia,2012/13,imports,0.064
豆粕,Singapore,2012/13,imports,0.019
豆粕,Sri Lanka,2012/13,imports,0.153
豆粕,Switzerland,2012/13,imports,0.25
豆粕,Syria,2012/13,imports,0.266
豆粕,Trinidad and Tobago,2012/13,imports,0.047
豆粕,United Arab Emirates,2012/13,imports,0.322
豆粕,Uzbekistan,2012/13,imports,0.029
豆粕,Yemen,2012/13,imports,0.203
豆粕,Zambia,2012/13,imports,0.001
豆粕,Zimbabwe,2012/13,imports,0
豆粕,阿尔及利亚,2012/13,production,0
豆粕,阿根廷,2012/13,production,26.089
豆粕,埃及,2012/13,production,1.351
豆粕,巴基斯坦,2012/13,production,0
豆粕,巴拉圭,2012/13,production,2.315
豆粕,巴西,2012/13,production,27.31
豆粕,玻利维亚,2012/13,production,1.7
豆粕,俄罗斯,2012/13,production,1.734
豆粕,菲律宾,2012/13,production,0.048
豆粕,哥伦比亚,2012/13,production,0.22
豆粕,韩国,2012/13,production,0.606
豆粕,加拿大,2012/13,production,1.218
豆粕,马来西亚,2012/13,production,0.308
豆粕,美国,2012/13,production,36.174
豆粕,孟加拉国,2012/13,production,0.375
豆粕,秘鲁,2012/13,production,0.002
豆粕,摩洛哥,2012/13,production,0.058
豆粕,墨西哥,2012/13,production,2.89
豆粕,南非,2012/13,production,0.473
豆粕,欧盟,2012/13,production,10.033
豆粕,日本,2012/13,production,1.447
豆粕,沙特阿拉伯,2012/13,production,0.487
豆粕,泰国,2012/13,production,1.172
豆粕,突尼斯,2012/13,production,0.333
豆粕,土耳其,2012/13,production,0.293
豆粕,委内瑞拉,2012/13,production,0.173
豆粕,乌克兰,2012/13,production,0.466
豆粕,乌拉圭,2012/13,production,0.064
豆粕,伊朗,2012/13,production,0.239
豆粕,印度,2012/13,production,8.64
豆粕,印度尼西亚,2012/13,production,0
豆粕,越南,2012/13,production,0.78
豆粕,智利,2012/13,production,0.035
豆粕,中国,2012/13,production,51.48
豆粕,中国台湾,2012/13,production,1.51
豆粕,Australia,2012/13,production,0.059
豆粕,Barbados,2012/13,production,0.017
豆粕,Belarus,2012/13,production,0
豆粕,Bosnia and Herzegovina,2012/13,production,0.023
豆粕,Burma,2012/13,production,0
豆粕,Costa Rica,2012/13,production,0.197
豆粕,Cuba,2012/13,production,0.102
豆粕,Dominican Republic,2012/13,production,0
豆粕,Ecuador,2012/13,production,0.035
豆粕,El Salvador,2012/13,production,0
豆粕,Ethiopia,2012/13,production,0.008
豆粕,Georgia,2012/13,production,0.002
豆粕,Ghana,2012/13,production,0.118
豆粕,Guatemala,2012/13,production,0.042
豆粕,Guyana,2012/13,production,0
豆粕,Honduras,2012/13,production,0
豆粕,Iraq,2012/13,production,0
豆粕,Israel,2012/13,production,0.236
豆粕,Jamaica,2012/13,production,0
豆粕,Jordan,2012/13,production,0
豆粕,Kazakhstan,2012/13,production,0.101
豆粕,Kenya,2012/13,production,0
豆粕,"Korea, North",2012/13,production,0.104
豆粕,Lebanon,2012/13,production,0.075
豆粕,Libya,2012/13,production,0
豆粕,New Zealand,2012/13,production,0
豆粕,Nicaragua,2012/13,production,0
豆粕,Nigeria,2012/13,production,0.205
豆粕,North Macedonia,2012/13,production,0
豆粕,Norway,2012/13,production,0.323
豆粕,Panama,2012/13,production,0.009
豆粕,Serbia,2012/13,production,0.252
豆粕,Singapore,2012/13,production,0.013
豆粕,Sri Lanka,2012/13,production,0
豆粕,Switzerland,2012/13,production,0.015
豆粕,Syria,2012/13,production,0.039
豆粕,Trinidad and Tobago,2012/13,production,0
豆粕,United Arab Emirates,2012/13,production,0.157
豆粕,Uzbekistan,2012/13,production,0.008
豆粕,Yemen,2012/13,production,0
豆粕,Zambia,2012/13,production,0.101
豆粕,Zimbabwe,2012/13,production,0.05
豆粕,阿尔及利亚,2013/14,consumption,1.275
豆粕,阿根廷,2013/14,consumption,2.1
豆粕,埃及,2013/14,consumption,2.36
豆粕,巴基斯坦,2013/14,consumption,0.931
豆粕,巴拉圭,2013/14,consumption,0.35
豆粕,巴西,2013/14,consumption,15.3
豆粕,玻利维亚,2013/14,consumption,0.235
豆粕,俄罗斯,2013/14,consumption,2.5
豆粕,菲律宾,2013/14,consumption,2.25
豆粕,哥伦比亚,2013/14,consumption,1.3
豆粕,韩国,2013/14,consumption,2.238
豆粕,加拿大,2013/14,consumption,1.95
豆粕,马来西亚,2013/14,consumption,1.65
豆粕,美国,2013/14,consumption,26.774
豆粕,孟加拉国,2013/14,consumption,0.831
豆粕,秘鲁,2013/14,consumption,1.135
豆粕,摩洛哥,2013/14,consumption,0.51
豆粕,墨西哥,2013/14,consumption,4.575
豆粕,南非,2013/14,consumption,1.1
豆粕,欧盟,2013/14,consumption,28.042
豆粕,日本,2013/14,consumption,3.429
豆粕,沙特阿拉伯,2013/14,consumption,1.1
豆粕,泰国,2013/14,consumption,4.15
豆粕,突尼斯,2013/14,consumption,0.445
豆粕,土耳其,2013/14,consumption,1.3
豆粕,委内瑞拉,2013/14,consumption,1.22
豆粕,乌克兰,2013/14,consumption,0.45
豆粕,乌拉圭,2013/14,consumption,0.23
豆粕,伊朗,2013/14,consumption,2.8
豆粕,印度,2013/14,consumption,3.64
豆粕,印度尼西亚,2013/14,consumption,3.8
豆粕,越南,2013/14,consumption,4.2
豆粕,智利,2013/14,consumption,0.575
豆粕,中国,2013/14,consumption,52.56
豆粕,中国台湾,2013/14,consumption,1.514
豆粕,Australia,2013/14,consumption,0.68
豆粕,Azerbaijan,2013/14,consumption,0.057
豆粕,Barbados,2013/14,consumption,0.018
豆粕,Belarus,2013/14,consumption,0.328
豆粕,Bosnia and Herzegovina,2013/14,consumption,0.09
豆粕,Burma,2013/14,consumption,0.128
豆粕,Cambodia,2013/14,consumption,0.04
豆粕,Costa Rica,2013/14,consumption,0.225
豆粕,Cote d'Ivoire,2013/14,consumption,0.03
豆粕,Cuba,2013/14,consumption,0.376
豆粕,Dominican Republic,2013/14,consumption,0.42
豆粕,Ecuador,2013/14,consumption,0.78
豆粕,El Salvador,2013/14,consumption,0.174
豆粕,Ethiopia,2013/14,consumption,0.008
豆粕,Georgia,2013/14,consumption,0.024
豆粕,Ghana,2013/14,consumption,0.095
豆粕,Guatemala,2013/14,consumption,0.359
豆粕,Guyana,2013/14,consumption,0.016
豆粕,Honduras,2013/14,consumption,0.181
豆粕,Iraq,2013/14,consumption,0.141
豆粕,Israel,2013/14,consumption,0.382
豆粕,Jamaica,2013/14,consumption,0.1
豆粕,Jordan,2013/14,consumption,0.34
豆粕,Kazakhstan,2013/14,consumption,0.11
豆粕,Kenya,2013/14,consumption,0.031
豆粕,"Korea, North",2013/14,consumption,0.145
豆粕,Lebanon,2013/14,consumption,0.22
豆粕,Libya,2013/14,consumption,0.2
豆粕,New Zealand,2013/14,consumption,0.19
豆粕,Nicaragua,2013/14,consumption,0.066
豆粕,Nigeria,2013/14,consumption,0.247
豆粕,North Macedonia,2013/14,consumption,0.025
豆粕,Norway,2013/14,consumption,0.2
豆粕,Panama,2013/14,consumption,0.18
豆粕,Serbia,2013/14,consumption,0.3
豆粕,Singapore,2013/14,consumption,0.03
豆粕,Sri Lanka,2013/14,consumption,0.16
豆粕,Switzerland,2013/14,consumption,0.279
豆粕,Syria,2013/14,consumption,0.29
豆粕,Trinidad and Tobago,2013/14,consumption,0.049
豆粕,United Arab Emirates,2013/14,consumption,0.24
豆粕,Uzbekistan,2013/14,consumption,0.057
豆粕,Yemen,2013/14,consumption,0.19
豆粕,Zambia,2013/14,consumption,0.101
豆粕,Zimbabwe,2013/14,consumption,0.05
豆粕,阿尔及利亚,2013/14,exports,0
豆粕,阿根廷,2013/14,exports,24.972
豆粕,埃及,2013/14,exports,0.002
豆粕,巴基斯坦,2013/14,exports,0.001
豆粕,巴拉圭,2013/14,exports,2.428
豆粕,巴西,2013/14,exports,13.948
豆粕,玻利维亚,2013/14,exports,1.608
豆粕,俄罗斯,2013/14,exports,0.526
豆粕,菲律宾,2013/14,exports,0
豆粕,哥伦比亚,2013/14,exports,0
豆粕,韩国,2013/14,exports,0.179
豆粕,加拿大,2013/14,exports,0.241
豆粕,马来西亚,2013/14,exports,0.037
豆粕,美国,2013/14,exports,10.504
豆粕,孟加拉国,2013/14,exports,0
豆粕,秘鲁,2013/14,exports,0
豆粕,摩洛哥,2013/14,exports,0
豆粕,墨西哥,2013/14,exports,0.019
豆粕,南非,2013/14,exports,0.054
豆粕,欧盟,2013/14,exports,0.296
豆粕,日本,2013/14,exports,0
豆粕,沙特阿拉伯,2013/14,exports,0
豆粕,泰国,2013/14,exports,0
豆粕,突尼斯,2013/14,exports,0.012
豆粕,土耳其,2013/14,exports,0.251
豆粕,委内瑞拉,2013/14,exports,0
豆粕,乌克兰,2013/14,exports,0.08
豆粕,乌拉圭,2013/14,exports,0.001
豆粕,伊朗,2013/14,exports,0
豆粕,印度,2013/14,exports,3.252
豆粕,印度尼西亚,2013/14,exports,0
豆粕,越南,2013/14,exports,0.081
豆粕,智利,2013/14,exports,0
豆粕,中国,2013/14,exports,2.017
豆粕,中国台湾,2013/14,exports,0.02
豆粕,Australia,2013/14,exports,0.002
豆粕,Azerbaijan,2013/14,exports,0
豆粕,Barbados,2013/14,exports,0
豆粕,Belarus,2013/14,exports,0.067
豆粕,Bosnia and Herzegovina,2013/14,exports,0.01
豆粕,Burma,2013/14,exports,0
豆粕,Cambodia,2013/14,exports,0
豆粕,Costa Rica,2013/14,exports,0.001
豆粕,Cote d'Ivoire,2013/14,exports,0
豆粕,Cuba,2013/14,exports,0
豆粕,Dominican Republic,2013/14,exports,0
豆粕,Ecuador,2013/14,exports,0
豆粕,El Salvador,2013/14,exports,0.001
豆粕,Ethiopia,2013/14,exports,0
豆粕,Georgia,2013/14,exports,0.014
豆粕,Ghana,2013/14,exports,0
豆粕,Guatemala,2013/14,exports,0.001
豆粕,Guyana,2013/14,exports,0
豆粕,Honduras,2013/14,exports,0
豆粕,Iraq,2013/14,exports,0
豆粕,Israel,2013/14,exports,0.001
豆粕,Jamaica,2013/14,exports,0
豆粕,Jordan,2013/14,exports,0.001
豆粕,Kazakhstan,2013/14,exports,0.024
豆粕,Kenya,2013/14,exports,0
豆粕,"Korea, North",2013/14,exports,0
豆粕,Lebanon,2013/14,exports,0.001
豆粕,Libya,2013/14,exports,0
豆粕,New Zealand,2013/14,exports,0
豆粕,Nicaragua,2013/14,exports,0.007
豆粕,Nigeria,2013/14,exports,0
豆粕,North Macedonia,2013/14,exports,0
豆粕,Norway,2013/14,exports,0.153
豆粕,Panama,2013/14,exports,0
豆粕,Serbia,2013/14,exports,0.022
豆粕,Singapore,2013/14,exports,0.002
豆粕,Sri Lanka,2013/14,exports,0.006
豆粕,Switzerland,2013/14,exports,0.002
豆粕,Syria,2013/14,exports,0
豆粕,Trinidad and Tobago,2013/14,exports,0
豆粕,United Arab Emirates,2013/14,exports,0.016
豆粕,Uzbekistan,2013/14,exports,0
豆粕,Yemen,2013/14,exports,0
豆粕,Zambia,2013/14,exports,0
豆粕,Zimbabwe,2013/14,exports,0
豆粕,阿尔及利亚,2013/14,imports,1.441
豆粕,阿根廷,2013/14,imports,0
豆粕,埃及,2013/14,imports,1.116
豆粕,巴基斯坦,2013/14,imports,0.924
豆粕,巴拉圭,2013/14,imports,0.005
豆粕,巴西,2013/14,imports,0.026
豆粕,玻利维亚,2013/14,imports,0
豆粕,俄罗斯,2013/14,imports,0.55
豆粕,菲律宾,2013/14,imports,2.335
豆粕,哥伦比亚,2013/14,imports,1.036
豆粕,韩国,2013/14,imports,1.825
豆粕,加拿大,2013/14,imports,0.981
豆粕,马来西亚,2013/14,imports,1.397
豆粕,美国,2013/14,imports,0.347
豆粕,孟加拉国,2013/14,imports,0.26
豆粕,秘鲁,2013/14,imports,1.173
豆粕,摩洛哥,2013/14,imports,0.417
豆粕,墨西哥,2013/14,imports,1.41
豆粕,南非,2013/14,imports,0.502
豆粕,欧盟,2013/14,imports,18.14
豆粕,日本,2013/14,imports,1.976
豆粕,沙特阿拉伯,2013/14,imports,0.656
豆粕,泰国,2013/14,imports,2.665
豆粕,突尼斯,2013/14,imports,0.081
豆粕,土耳其,2013/14,imports,1.036
豆粕,委内瑞拉,2013/14,imports,1.041
豆粕,乌克兰,2013/14,imports,0.003
豆粕,乌拉圭,2013/14,imports,0.16
豆粕,伊朗,2013/14,imports,2.657
豆粕,印度,2013/14,imports,0.007
豆粕,印度尼西亚,2013/14,imports,3.806
豆粕,越南,2013/14,imports,3.344
豆粕,智利,2013/14,imports,0.52
豆粕,中国,2013/14,imports,0.02
豆粕,中国台湾,2013/14,imports,0.022
豆粕,Australia,2013/14,imports,0.637
豆粕,Azerbaijan,2013/14,imports,0.057
豆粕,Barbados,2013/14,imports,0
豆粕,Belarus,2013/14,imports,0.395
豆粕,Bosnia and Herzegovina,2013/14,imports,0.074
豆粕,Burma,2013/14,imports,0.128
豆粕,Cambodia,2013/14,imports,0.04
豆粕,Costa Rica,2013/14,imports,0.047
豆粕,Cote d'Ivoire,2013/14,imports,0.035
豆粕,Cuba,2013/14,imports,0.277
豆粕,Dominican Republic,2013/14,imports,0.419
豆粕,Ecuador,2013/14,imports,0.817
豆粕,El Salvador,2013/14,imports,0.175
豆粕,Ethiopia,2013/14,imports,0
豆粕,Georgia,2013/14,imports,0.041
豆粕,Ghana,2013/14,imports,0.014
豆粕,Guatemala,2013/14,imports,0.313
豆粕,Guyana,2013/14,imports,0.012
豆粕,Honduras,2013/14,imports,0.184
豆粕,Iraq,2013/14,imports,0.141
豆粕,Israel,2013/14,imports,0.129
豆粕,Jamaica,2013/14,imports,0.109
豆粕,Jordan,2013/14,imports,0.326
豆粕,Kazakhstan,2013/14,imports,0.017
豆粕,Kenya,2013/14,imports,0.032
豆粕,"Korea, North",2013/14,imports,0.041
豆粕,Lebanon,2013/14,imports,0.163
豆粕,Libya,2013/14,imports,0.248
豆粕,New Zealand,2013/14,imports,0.242
豆粕,Nicaragua,2013/14,imports,0.073
豆粕,Nigeria,2013/14,imports,0.001
豆粕,North Macedonia,2013/14,imports,0.025
豆粕,Norway,2013/14,imports,0.055
豆粕,Panama,2013/14,imports,0.169
豆粕,Serbia,2013/14,imports,0.051
豆粕,Singapore,2013/14,imports,0.019
豆粕,Sri Lanka,2013/14,imports,0.165
豆粕,Switzerland,2013/14,imports,0.269
豆粕,Syria,2013/14,imports,0.277
豆粕,Trinidad and Tobago,2013/14,imports,0.052
豆粕,United Arab Emirates,2013/14,imports,0.113
豆粕,Uzbekistan,2013/14,imports,0.049
豆粕,Yemen,2013/14,imports,0.183
豆粕,Zambia,2013/14,imports,0
豆粕,Zimbabwe,2013/14,imports,0
豆粕,阿尔及利亚,2013/14,production,0
豆粕,阿根廷,2013/14,production,27.892
豆粕,埃及,2013/14,production,1.327
豆粕,巴基斯坦,2013/14,production,0.008
豆粕,巴拉圭,2013/14,production,2.767
豆粕,巴西,2013/14,production,28.54
豆粕,玻利维亚,2013/14,production,1.76
豆粕,俄罗斯,2013/14,production,2.6
豆粕,菲律宾,2013/14,production,0.066
豆粕,哥伦比亚,2013/14,production,0.275
豆粕,韩国,2013/14,production,0.674
豆粕,加拿大,2013/14,production,1.206
豆粕,马来西亚,2013/14,production,0.291
豆粕,美国,2013/14,production,36.909
豆粕,孟加拉国,2013/14,production,0.51
豆粕,秘鲁,2013/14,production,0.002
豆粕,摩洛哥,2013/14,production,0.105
豆粕,墨西哥,2013/14,production,3.185
豆粕,南非,2013/14,production,0.683
豆粕,欧盟,2013/14,production,10.349
豆粕,日本,2013/14,production,1.487
豆粕,沙特阿拉伯,2013/14,production,0.518
豆粕,泰国,2013/14,production,1.18
豆粕,突尼斯,2013/14,production,0.37
豆粕,土耳其,2013/14,production,0.462
豆粕,委内瑞拉,2013/14,production,0.165
豆粕,乌克兰,2013/14,production,0.593
豆粕,乌拉圭,2013/14,production,0.068
豆粕,伊朗,2013/14,production,0.319
豆粕,印度,2013/14,production,6.96
豆粕,印度尼西亚,2013/14,production,0
豆粕,越南,2013/14,production,0.975
豆粕,智利,2013/14,production,0.055
豆粕,中国,2013/14,production,54.569
豆粕,中国台湾,2013/14,production,1.513
豆粕,Australia,2013/14,production,0.024
豆粕,Azerbaijan,2013/14,production,0
豆粕,Barbados,2013/14,production,0.017
豆粕,Belarus,2013/14,production,0
豆粕,Bosnia and Herzegovina,2013/14,production,0.023
豆粕,Burma,2013/14,production,0
豆粕,Cambodia,2013/14,production,0
豆粕,Costa Rica,2013/14,production,0.173
豆粕,Cote d'Ivoire,2013/14,production,0
豆粕,Cuba,2013/14,production,0.099
豆粕,Dominican Republic,2013/14,production,0
豆粕,Ecuador,2013/14,production,0.035
豆粕,El Salvador,2013/14,production,0
豆粕,Ethiopia,2013/14,production,0.008
豆粕,Georgia,2013/14,production,0.006
豆粕,Ghana,2013/14,production,0.079
豆粕,Guatemala,2013/14,production,0.047
豆粕,Guyana,2013/14,production,0
豆粕,Honduras,2013/14,production,0
豆粕,Iraq,2013/14,production,0
豆粕,Israel,2013/14,production,0.252
豆粕,Jamaica,2013/14,production,0
豆粕,Jordan,2013/14,production,0
豆粕,Kazakhstan,2013/14,production,0.128
豆粕,Kenya,2013/14,production,0
豆粕,"Korea, North",2013/14,production,0.092
豆粕,Lebanon,2013/14,production,0.075
豆粕,Libya,2013/14,production,0
豆粕,New Zealand,2013/14,production,0
豆粕,Nicaragua,2013/14,production,0
豆粕,Nigeria,2013/14,production,0.22
豆粕,North Macedonia,2013/14,production,0
豆粕,Norway,2013/14,production,0.307
豆粕,Panama,2013/14,production,0.014
豆粕,Serbia,2013/14,production,0.276
豆粕,Singapore,2013/14,production,0.013
豆粕,Sri Lanka,2013/14,production,0
豆粕,Switzerland,2013/14,production,0.012
豆粕,Syria,2013/14,production,0.039
豆粕,Trinidad and Tobago,2013/14,production,0
豆粕,United Arab Emirates,2013/14,production,0.106
豆粕,Uzbekistan,2013/14,production,0.008
豆粕,Yemen,2013/14,production,0
豆粕,Zambia,2013/14,production,0.101
豆粕,Zimbabwe,2013/14,production,0.049
豆粕,阿尔及利亚,2014/15,consumption,1.3
豆粕,阿根廷,2014/15,consumption,2.402
豆粕,埃及,2014/15,consumption,2.6
豆粕,巴基斯坦,2014/15,consumption,1.15
豆粕,巴拉圭,2014/15,consumption,0.43
豆粕,巴西,2014/15,consumption,15.7
豆粕,玻利维亚,2014/15,consumption,0.26
豆粕,俄罗斯,2014/15,consumption,2.7
豆粕,菲律宾,2014/15,consumption,2.45
豆粕,哥伦比亚,2014/15,consumption,1.42
豆粕,韩国,2014/15,consumption,2.338
豆粕,加拿大,2014/15,consumption,2.05
豆粕,马来西亚,2014/15,consumption,1.66
豆粕,美国,2014/15,consumption,29.282
豆粕,孟加拉国,2014/15,consumption,1.039
豆粕,秘鲁,2014/15,consumption,1.185
豆粕,摩洛哥,2014/15,consumption,0.53
豆粕,墨西哥,2014/15,consumption,5.05
豆粕,南非,2014/15,consumption,1.175
豆粕,欧盟,2014/15,consumption,30.142
豆粕,日本,2014/15,consumption,3.365
豆粕,沙特阿拉伯,2014/15,consumption,1.15
豆粕,泰国,2014/15,consumption,4.1
豆粕,突尼斯,2014/15,consumption,0.47
豆粕,土耳其,2014/15,consumption,1.3
豆粕,委内瑞拉,2014/15,consumption,1.23
豆粕,乌克兰,2014/15,consumption,0.46
豆粕,乌拉圭,2014/15,consumption,0.26
豆粕,伊朗,2014/15,consumption,3.2
豆粕,印度,2014/15,consumption,4.5
豆粕,印度尼西亚,2014/15,consumption,4
豆粕,越南,2014/15,consumption,4.92
豆粕,智利,2014/15,consumption,0.56
豆粕,中国,2014/15,consumption,57.4
豆粕,中国台湾,2014/15,consumption,1.555
豆粕,Australia,2014/15,consumption,0.732
豆粕,Azerbaijan,2014/15,consumption,0.028
豆粕,Barbados,2014/15,consumption,0.02
豆粕,Belarus,2014/15,consumption,0.362
豆粕,Benin,2014/15,consumption,0.03
豆粕,Bosnia and Herzegovina,2014/15,consumption,0.087
豆粕,Burma,2014/15,consumption,0.22
豆粕,Cambodia,2014/15,consumption,0.035
豆粕,Costa Rica,2014/15,consumption,0.25
豆粕,Cote d'Ivoire,2014/15,consumption,0.045
豆粕,Cuba,2014/15,consumption,0.415
豆粕,Dominican Republic,2014/15,consumption,0.465
豆粕,Ecuador,2014/15,consumption,0.85
豆粕,El Salvador,2014/15,consumption,0.173
豆粕,Ethiopia,2014/15,consumption,0.008
豆粕,Georgia,2014/15,consumption,0.025
豆粕,Ghana,2014/15,consumption,0.105
豆粕,Guatemala,2014/15,consumption,0.422
豆粕,Guyana,2014/15,consumption,0.015
豆粕,Honduras,2014/15,consumption,0.195
豆粕,Iraq,2014/15,consumption,0.253
豆粕,Israel,2014/15,consumption,0.385
豆粕,Jamaica,2014/15,consumption,0.106
豆粕,Jordan,2014/15,consumption,0.35
豆粕,Kazakhstan,2014/15,consumption,0.13
豆粕,Kenya,2014/15,consumption,0.035
豆粕,"Korea, North",2014/15,consumption,0.127
豆粕,Lebanon,2014/15,consumption,0.198
豆粕,Libya,2014/15,consumption,0.2
豆粕,New Zealand,2014/15,consumption,0.23
豆粕,Nicaragua,2014/15,consumption,0.09
豆粕,Nigeria,2014/15,consumption,0.34
豆粕,North Macedonia,2014/15,consumption,0.024
豆粕,Norway,2014/15,consumption,0.2
豆粕,Panama,2014/15,consumption,0.196
豆粕,Serbia,2014/15,consumption,0.285
豆粕,Singapore,2014/15,consumption,0.036
豆粕,Sri Lanka,2014/15,consumption,0.18
豆粕,Switzerland,2014/15,consumption,0.274
豆粕,Syria,2014/15,consumption,0.325
豆粕,Trinidad and Tobago,2014/15,consumption,0.05
豆粕,United Arab Emirates,2014/15,consumption,0.172
豆粕,Uzbekistan,2014/15,consumption,0.1
豆粕,Yemen,2014/15,consumption,0.185
豆粕,Zambia,2014/15,consumption,0.102
豆粕,Zimbabwe,2014/15,consumption,0.092
豆粕,阿尔及利亚,2014/15,exports,0
豆粕,阿根廷,2014/15,exports,28.575
豆粕,埃及,2014/15,exports,0.002
豆粕,巴基斯坦,2014/15,exports,0
豆粕,巴拉圭,2014/15,exports,2.569
豆粕,巴西,2014/15,exports,14.29
豆粕,玻利维亚,2014/15,exports,1.674
豆粕,俄罗斯,2014/15,exports,0.505
豆粕,菲律宾,2014/15,exports,0
豆粕,哥伦比亚,2014/15,exports,0
豆粕,韩国,2014/15,exports,0.112
豆粕,加拿大,2014/15,exports,0.212
豆粕,马来西亚,2014/15,exports,0.045
豆粕,美国,2014/15,exports,11.891
豆粕,孟加拉国,2014/15,exports,0
豆粕,秘鲁,2014/15,exports,0
豆粕,摩洛哥,2014/15,exports,0
豆粕,墨西哥,2014/15,exports,0.015
豆粕,南非,2014/15,exports,0.102
豆粕,欧盟,2014/15,exports,0.362
豆粕,日本,2014/15,exports,0.001
豆粕,沙特阿拉伯,2014/15,exports,0.001
豆粕,泰国,2014/15,exports,0
豆粕,突尼斯,2014/15,exports,0.012
豆粕,土耳其,2014/15,exports,0.298
豆粕,委内瑞拉,2014/15,exports,0
豆粕,乌克兰,2014/15,exports,0.216
豆粕,乌拉圭,2014/15,exports,0.021
豆粕,伊朗,2014/15,exports,0
豆粕,印度,2014/15,exports,1.521
豆粕,印度尼西亚,2014/15,exports,0
豆粕,越南,2014/15,exports,0.295
豆粕,智利,2014/15,exports,0
豆粕,中国,2014/15,exports,1.595
豆粕,中国台湾,2014/15,exports,0.018
豆粕,Australia,2014/15,exports,0.002
豆粕,Azerbaijan,2014/15,exports,0
豆粕,Barbados,2014/15,exports,0
豆粕,Belarus,2014/15,exports,0.02
豆粕,Benin,2014/15,exports,0.001
豆粕,Bosnia and Herzegovina,2014/15,exports,0.018
豆粕,Burma,2014/15,exports,0
豆粕,Cambodia,2014/15,exports,0
豆粕,Costa Rica,2014/15,exports,0.003
豆粕,Cote d'Ivoire,2014/15,exports,0
豆粕,Cuba,2014/15,exports,0
豆粕,Dominican Republic,2014/15,exports,0
豆粕,Ecuador,2014/15,exports,0
豆粕,El Salvador,2014/15,exports,0.001
豆粕,Ethiopia,2014/15,exports,0
豆粕,Georgia,2014/15,exports,0.015
豆粕,Ghana,2014/15,exports,0
豆粕,Guatemala,2014/15,exports,0
豆粕,Guyana,2014/15,exports,0
豆粕,Honduras,2014/15,exports,0
豆粕,Iraq,2014/15,exports,0
豆粕,Israel,2014/15,exports,0
豆粕,Jamaica,2014/15,exports,0
豆粕,Jordan,2014/15,exports,0.001
豆粕,Kazakhstan,2014/15,exports,0.021
豆粕,Kenya,2014/15,exports,0
豆粕,"Korea, North",2014/15,exports,0
豆粕,Lebanon,2014/15,exports,0
豆粕,Libya,2014/15,exports,0
豆粕,New Zealand,2014/15,exports,0
豆粕,Nicaragua,2014/15,exports,0.008
豆粕,Nigeria,2014/15,exports,0
豆粕,North Macedonia,2014/15,exports,0
豆粕,Norway,2014/15,exports,0.175
豆粕,Panama,2014/15,exports,0
豆粕,Serbia,2014/15,exports,0.016
豆粕,Singapore,2014/15,exports,0.001
豆粕,Sri Lanka,2014/15,exports,0.004
豆粕,Switzerland,2014/15,exports,0.002
豆粕,Syria,2014/15,exports,0
豆粕,Trinidad and Tobago,2014/15,exports,0
豆粕,United Arab Emirates,2014/15,exports,0.018
豆粕,Uzbekistan,2014/15,exports,0
豆粕,Yemen,2014/15,exports,0
豆粕,Zambia,2014/15,exports,0
豆粕,Zimbabwe,2014/15,exports,0
豆粕,阿尔及利亚,2014/15,imports,1.132
豆粕,阿根廷,2014/15,imports,0.001
豆粕,埃及,2014/15,imports,1.091
豆粕,巴基斯坦,2014/15,imports,1.036
豆粕,巴拉圭,2014/15,imports,0.003
豆粕,巴西,2014/15,imports,0.018
豆粕,玻利维亚,2014/15,imports,0
豆粕,俄罗斯,2014/15,imports,0.542
豆粕,菲律宾,2014/15,imports,2.204
豆粕,哥伦比亚,2014/15,imports,1.148
豆粕,韩国,2014/15,imports,1.751
豆粕,加拿大,2014/15,imports,0.933
豆粕,马来西亚,2014/15,imports,1.465
豆粕,美国,2014/15,imports,0.302
豆粕,孟加拉国,2014/15,imports,0.363
豆粕,秘鲁,2014/15,imports,1.145
豆粕,摩洛哥,2014/15,imports,0.447
豆粕,墨西哥,2014/15,imports,1.795
豆粕,南非,2014/15,imports,0.574
豆粕,欧盟,2014/15,imports,19.623
豆粕,日本,2014/15,imports,1.699
豆粕,沙特阿拉伯,2014/15,imports,0.597
豆粕,泰国,2014/15,imports,3.068
豆粕,突尼斯,2014/15,imports,0.125
豆粕,土耳其,2014/15,imports,0.643
豆粕,委内瑞拉,2014/15,imports,1.125
豆粕,乌克兰,2014/15,imports,0.002
豆粕,乌拉圭,2014/15,imports,0.262
豆粕,伊朗,2014/15,imports,2.009
豆粕,印度,2014/15,imports,0.007
豆粕,印度尼西亚,2014/15,imports,3.844
豆粕,越南,2014/15,imports,4.311
豆粕,智利,2014/15,imports,0.477
豆粕,中国,2014/15,imports,0.058
豆粕,中国台湾,2014/15,imports,0.051
豆粕,Australia,2014/15,imports,0.74
豆粕,Azerbaijan,2014/15,imports,0.028
豆粕,Barbados,2014/15,imports,0
豆粕,Belarus,2014/15,imports,0.382
豆粕,Benin,2014/15,imports,0
豆粕,Bosnia and Herzegovina,2014/15,imports,0.075
豆粕,Burma,2014/15,imports,0.22
豆粕,Cambodia,2014/15,imports,0.035
豆粕,Costa Rica,2014/15,imports,0.064
豆粕,Cote d'Ivoire,2014/15,imports,0.046
豆粕,Cuba,2014/15,imports,0.452
豆粕,Dominican Republic,2014/15,imports,0.473
豆粕,Ecuador,2014/15,imports,0.837
豆粕,El Salvador,2014/15,imports,0.174
豆粕,Ethiopia,2014/15,imports,0
豆粕,Georgia,2014/15,imports,0.023
豆粕,Ghana,2014/15,imports,0.02
豆粕,Guatemala,2014/15,imports,0.375
豆粕,Guyana,2014/15,imports,0.01
豆粕,Honduras,2014/15,imports,0.191
豆粕,Iraq,2014/15,imports,0.253
豆粕,Israel,2014/15,imports,0.113
豆粕,Jamaica,2014/15,imports,0.095
豆粕,Jordan,2014/15,imports,0.354
豆粕,Kazakhstan,2014/15,imports,0.029
豆粕,Kenya,2014/15,imports,0.034
豆粕,"Korea, North",2014/15,imports,0.032
豆粕,Lebanon,2014/15,imports,0.127
豆粕,Libya,2014/15,imports,0.232
豆粕,New Zealand,2014/15,imports,0.209
豆粕,Nicaragua,2014/15,imports,0.098
豆粕,Nigeria,2014/15,imports,0.167
豆粕,North Macedonia,2014/15,imports,0.025
豆粕,Norway,2014/15,imports,0.06
豆粕,Panama,2014/15,imports,0.167
豆粕,Serbia,2014/15,imports,0.035
豆粕,Singapore,2014/15,imports,0.022
豆粕,Sri Lanka,2014/15,imports,0.187
豆粕,Switzerland,2014/15,imports,0.264
豆粕,Syria,2014/15,imports,0.279
豆粕,Trinidad and Tobago,2014/15,imports,0.052
豆粕,United Arab Emirates,2014/15,imports,0.148
豆粕,Uzbekistan,2014/15,imports,0.202
豆粕,Yemen,2014/15,imports,0.183
豆粕,Zambia,2014/15,imports,0.001
豆粕,Zimbabwe,2014/15,imports,0.036
豆粕,阿尔及利亚,2014/15,production,0
豆粕,阿根廷,2014/15,production,30.928
豆粕,埃及,2014/15,production,1.54
豆粕,巴基斯坦,2014/15,production,0.392
豆粕,巴拉圭,2014/15,production,3.06
豆粕,巴西,2014/15,production,31.3
豆粕,玻利维亚,2014/15,production,1.915
豆粕,俄罗斯,2014/15,production,2.837
豆粕,菲律宾,2014/15,production,0.066
豆粕,哥伦比亚,2014/15,production,0.354
豆粕,韩国,2014/15,production,0.763
豆粕,加拿大,2014/15,production,1.328
豆粕,马来西亚,2014/15,production,0.339
豆粕,美国,2014/15,production,40.88
豆粕,孟加拉国,2014/15,production,0.685
豆粕,秘鲁,2014/15,production,0.002
豆粕,摩洛哥,2014/15,production,0.1
豆粕,墨西哥,2014/15,production,3.3
豆粕,南非,2014/15,production,0.781
豆粕,欧盟,2014/15,production,11.416
豆粕,日本,2014/15,production,1.627
豆粕,沙特阿拉伯,2014/15,production,0.557
豆粕,泰国,2014/15,production,1.25
豆粕,突尼斯,2014/15,production,0.38
豆粕,土耳其,2014/15,production,0.886
豆粕,委内瑞拉,2014/15,production,0.11
豆粕,乌克兰,2014/15,production,0.695
豆粕,乌拉圭,2014/15,production,0.068
豆粕,伊朗,2014/15,production,1.21
豆粕,印度,2014/15,production,6.16
豆粕,印度尼西亚,2014/15,production,0
豆粕,越南,2014/15,production,0.897
豆粕,智利,2014/15,production,0.066
豆粕,中国,2014/15,production,59.004
豆粕,中国台湾,2014/15,production,1.555
豆粕,Australia,2014/15,production,0.026
豆粕,Azerbaijan,2014/15,production,0
豆粕,Barbados,2014/15,production,0.02
豆粕,Belarus,2014/15,production,0
豆粕,Benin,2014/15,production,0.031
豆粕,Bosnia and Herzegovina,2014/15,production,0.027
豆粕,Burma,2014/15,production,0
豆粕,Cambodia,2014/15,production,0
豆粕,Costa Rica,2014/15,production,0.197
豆粕,Cote d'Ivoire,2014/15,production,0
豆粕,Cuba,2014/15,production,0.043
豆粕,Dominican Republic,2014/15,production,0
豆粕,Ecuador,2014/15,production,0.026
豆粕,El Salvador,2014/15,production,0
豆粕,Ethiopia,2014/15,production,0.008
豆粕,Georgia,2014/15,production,0.008
豆粕,Ghana,2014/15,production,0.079
豆粕,Guatemala,2014/15,production,0.047
豆粕,Guyana,2014/15,production,0
豆粕,Honduras,2014/15,production,0
豆粕,Iraq,2014/15,production,0
豆粕,Israel,2014/15,production,0.268
豆粕,Jamaica,2014/15,production,0
豆粕,Jordan,2014/15,production,0
豆粕,Kazakhstan,2014/15,production,0.144
豆粕,Kenya,2014/15,production,0
豆粕,"Korea, North",2014/15,production,0.094
豆粕,Lebanon,2014/15,production,0.039
豆粕,Libya,2014/15,production,0
豆粕,New Zealand,2014/15,production,0
豆粕,Nicaragua,2014/15,production,0
豆粕,Nigeria,2014/15,production,0.24
豆粕,North Macedonia,2014/15,production,0
豆粕,Norway,2014/15,production,0.331
豆粕,Panama,2014/15,production,0.024
豆粕,Serbia,2014/15,production,0.252
豆粕,Singapore,2014/15,production,0.015
豆粕,Sri Lanka,2014/15,production,0
豆粕,Switzerland,2014/15,production,0.012
豆粕,Syria,2014/15,production,0.042
豆粕,Trinidad and Tobago,2014/15,production,0
豆粕,United Arab Emirates,2014/15,production,0.045
豆粕,Uzbekistan,2014/15,production,0.006
豆粕,Yemen,2014/15,production,0
豆粕,Zambia,2014/15,production,0.101
豆粕,Zimbabwe,2014/15,production,0.056
豆粕,阿尔及利亚,2015/16,consumption,1.325
豆粕,阿根廷,2015/16,consumption,2.672
豆粕,埃及,2015/16,consumption,2.95
豆粕,巴基斯坦,2015/16,consumption,1.49
豆粕,巴拉圭,2015/16,consumption,0.46
豆粕,巴西,2015/16,consumption,16.45
豆粕,玻利维亚,2015/16,consumption,0.273
豆粕,俄罗斯,2015/16,consumption,3.1
豆粕,菲律宾,2015/16,consumption,2.65
豆粕,哥伦比亚,2015/16,consumption,1.542
豆粕,韩国,2015/16,consumption,2.678
豆粕,加拿大,2015/16,consumption,1.96
豆粕,马来西亚,2015/16,consumption,1.77
豆粕,美国,2015/16,consumption,30.037
豆粕,孟加拉国,2015/16,consumption,1.072
豆粕,秘鲁,2015/16,consumption,1.227
豆粕,摩洛哥,2015/16,consumption,0.54
豆粕,墨西哥,2015/16,consumption,5.7
豆粕,南非,2015/16,consumption,1.2
豆粕,欧盟,2015/16,consumption,30.567
豆粕,日本,2015/16,consumption,3.44
豆粕,沙特阿拉伯,2015/16,consumption,1.175
豆粕,泰国,2015/16,consumption,4.18
豆粕,突尼斯,2015/16,consumption,0.46
豆粕,土耳其,2015/16,consumption,1.45
豆粕,委内瑞拉,2015/16,consumption,0.905
豆粕,乌克兰,2015/16,consumption,0.475
豆粕,乌拉圭,2015/16,consumption,0.25
豆粕,伊朗,2015/16,consumption,2.9
豆粕,印度,2015/16,consumption,4.46
豆粕,印度尼西亚,2015/16,consumption,4.15
豆粕,越南,2015/16,consumption,5.666
豆粕,智利,2015/16,consumption,0.674
豆粕,中国,2015/16,consumption,62.62
豆粕,中国台湾,2015/16,consumption,1.575
豆粕,Australia,2015/16,consumption,0.76
豆粕,Azerbaijan,2015/16,consumption,0.022
豆粕,Barbados,2015/16,consumption,0.021
豆粕,Belarus,2015/16,consumption,0.32
豆粕,Benin,2015/16,consumption,0.039
豆粕,Bosnia and Herzegovina,2015/16,consumption,0.089
豆粕,Burma,2015/16,consumption,0.429
豆粕,Cambodia,2015/16,consumption,0.041
豆粕,Costa Rica,2015/16,consumption,0.265
豆粕,Cote d'Ivoire,2015/16,consumption,0.07
豆粕,Cuba,2015/16,consumption,0.415
豆粕,Dominican Republic,2015/16,consumption,0.49
豆粕,Ecuador,2015/16,consumption,0.89
豆粕,El Salvador,2015/16,consumption,0.179
豆粕,Ethiopia,2015/16,consumption,0.008
豆粕,Georgia,2015/16,consumption,0.025
豆粕,Ghana,2015/16,consumption,0.11
豆粕,Guatemala,2015/16,consumption,0.42
豆粕,Guyana,2015/16,consumption,0.018
豆粕,Honduras,2015/16,consumption,0.205
豆粕,Iraq,2015/16,consumption,0.42
豆粕,Israel,2015/16,consumption,0.416
豆粕,Jamaica,2015/16,consumption,0.116
豆粕,Jordan,2015/16,consumption,0.36
豆粕,Kazakhstan,2015/16,consumption,0.155
豆粕,Kenya,2015/16,consumption,0.033
豆粕,"Korea, North",2015/16,consumption,0.13
豆粕,Lebanon,2015/16,consumption,0.25
豆粕,Libya,2015/16,consumption,0.22
豆粕,New Zealand,2015/16,consumption,0.265
豆粕,Nicaragua,2015/16,consumption,0.104
豆粕,Nigeria,2015/16,consumption,0.35
豆粕,North Macedonia,2015/16,consumption,0.026
豆粕,Norway,2015/16,consumption,0.2
豆粕,Panama,2015/16,consumption,0.215
豆粕,Serbia,2015/16,consumption,0.3
豆粕,Singapore,2015/16,consumption,0.037
豆粕,Sri Lanka,2015/16,consumption,0.2
豆粕,Switzerland,2015/16,consumption,0.28
豆粕,Syria,2015/16,consumption,0.083
豆粕,Trinidad and Tobago,2015/16,consumption,0.048
豆粕,United Arab Emirates,2015/16,consumption,0.232
豆粕,Uzbekistan,2015/16,consumption,0.11
豆粕,Yemen,2015/16,consumption,0.195
豆粕,Zambia,2015/16,consumption,0.055
豆粕,Zimbabwe,2015/16,consumption,0.094
豆粕,阿尔及利亚,2015/16,exports,0
豆粕,阿根廷,2015/16,exports,30.333
豆粕,埃及,2015/16,exports,0.002
豆粕,巴基斯坦,2015/16,exports,0.011
豆粕,巴拉圭,2015/16,exports,2.561
豆粕,巴西,2015/16,exports,15.407
豆粕,玻利维亚,2015/16,exports,1.726
豆粕,俄罗斯,2015/16,exports,0.48
豆粕,菲律宾,2015/16,exports,0
豆粕,哥伦比亚,2015/16,exports,0
豆粕,韩国,2015/16,exports,0.076
豆粕,加拿大,2015/16,exports,0.335
豆粕,马来西亚,2015/16,exports,0.088
豆粕,美国,2015/16,exports,10.843
豆粕,孟加拉国,2015/16,exports,0.01
豆粕,秘鲁,2015/16,exports,0
豆粕,摩洛哥,2015/16,exports,0
豆粕,墨西哥,2015/16,exports,0.014
豆粕,南非,2015/16,exports,0.105
豆粕,欧盟,2015/16,exports,0.304
豆粕,日本,2015/16,exports,0.001
豆粕,沙特阿拉伯,2015/16,exports,0
豆粕,泰国,2015/16,exports,0
豆粕,突尼斯,2015/16,exports,0.012
豆粕,土耳其,2015/16,exports,0.37
豆粕,委内瑞拉,2015/16,exports,0
豆粕,乌克兰,2015/16,exports,0.347
豆粕,乌拉圭,2015/16,exports,0.022
豆粕,伊朗,2015/16,exports,0.001
豆粕,印度,2015/16,exports,0.409
豆粕,印度尼西亚,2015/16,exports,0
豆粕,越南,2015/16,exports,0.02
豆粕,智利,2015/16,exports,0
豆粕,中国,2015/16,exports,1.909
豆粕,中国台湾,2015/16,exports,0.025
豆粕,Australia,2015/16,exports,0.004
豆粕,Azerbaijan,2015/16,exports,0
豆粕,Barbados,2015/16,exports,0
豆粕,Belarus,2015/16,exports,0.004
豆粕,Benin,2015/16,exports,0.004
豆粕,Bosnia and Herzegovina,2015/16,exports,0.015
豆粕,Burma,2015/16,exports,0
豆粕,Cambodia,2015/16,exports,0
豆粕,Costa Rica,2015/16,exports,0.001
豆粕,Cote d'Ivoire,2015/16,exports,0
豆粕,Cuba,2015/16,exports,0
豆粕,Dominican Republic,2015/16,exports,0
豆粕,Ecuador,2015/16,exports,0
豆粕,El Salvador,2015/16,exports,0
豆粕,Ethiopia,2015/16,exports,0
豆粕,Georgia,2015/16,exports,0.021
豆粕,Ghana,2015/16,exports,0
豆粕,Guatemala,2015/16,exports,0
豆粕,Guyana,2015/16,exports,0
豆粕,Honduras,2015/16,exports,0
豆粕,Iraq,2015/16,exports,0
豆粕,Israel,2015/16,exports,0
豆粕,Jamaica,2015/16,exports,0
豆粕,Jordan,2015/16,exports,0
豆粕,Kazakhstan,2015/16,exports,0.018
豆粕,Kenya,2015/16,exports,0.001
豆粕,"Korea, North",2015/16,exports,0
豆粕,Lebanon,2015/16,exports,0.015
豆粕,Libya,2015/16,exports,0
豆粕,New Zealand,2015/16,exports,0
豆粕,Nicaragua,2015/16,exports,0.005
豆粕,Nigeria,2015/16,exports,0.014
豆粕,North Macedonia,2015/16,exports,0
豆粕,Norway,2015/16,exports,0.198
豆粕,Panama,2015/16,exports,0
豆粕,Serbia,2015/16,exports,0.056
豆粕,Singapore,2015/16,exports,0.001
豆粕,Sri Lanka,2015/16,exports,0.003
豆粕,Switzerland,2015/16,exports,0.001
豆粕,Syria,2015/16,exports,0
豆粕,Trinidad and Tobago,2015/16,exports,0
豆粕,United Arab Emirates,2015/16,exports,0.031
豆粕,Uzbekistan,2015/16,exports,0
豆粕,Yemen,2015/16,exports,0
豆粕,Zambia,2015/16,exports,0.048
豆粕,Zimbabwe,2015/16,exports,0
豆粕,阿尔及利亚,2015/16,imports,1.488
豆粕,阿根廷,2015/16,imports,0
豆粕,埃及,2015/16,imports,2.174
豆粕,巴基斯坦,2015/16,imports,0.367
豆粕,巴拉圭,2015/16,imports,0.001
豆粕,巴西,2015/16,imports,0.025
豆粕,玻利维亚,2015/16,imports,0
豆粕,俄罗斯,2015/16,imports,0.394
豆粕,菲律宾,2015/16,imports,2.617
豆粕,哥伦比亚,2015/16,imports,1.206
豆粕,韩国,2015/16,imports,2.118
豆粕,加拿大,2015/16,imports,0.789
豆粕,马来西亚,2015/16,imports,1.291
豆粕,美国,2015/16,imports,0.358
豆粕,孟加拉国,2015/16,imports,0.493
豆粕,秘鲁,2015/16,imports,1.277
豆粕,摩洛哥,2015/16,imports,0.443
豆粕,墨西哥,2015/16,imports,2.367
豆粕,南非,2015/16,imports,0.65
豆粕,欧盟,2015/16,imports,19.213
豆粕,日本,2015/16,imports,1.721
豆粕,沙特阿拉伯,2015/16,imports,0.653
豆粕,泰国,2015/16,imports,2.433
豆粕,突尼斯,2015/16,imports,0.229
豆粕,土耳其,2015/16,imports,0.887
豆粕,委内瑞拉,2015/16,imports,0.8
豆粕,乌克兰,2015/16,imports,0.002
豆粕,乌拉圭,2015/16,imports,0.188
豆粕,伊朗,2015/16,imports,1.42
豆粕,印度,2015/16,imports,0.046
豆粕,印度尼西亚,2015/16,imports,4.203
豆粕,越南,2015/16,imports,5.093
豆粕,智利,2015/16,imports,0.699
豆粕,中国,2015/16,imports,0.024
豆粕,中国台湾,2015/16,imports,0.033
豆粕,Australia,2015/16,imports,0.707
豆粕,Azerbaijan,2015/16,imports,0.022
豆粕,Barbados,2015/16,imports,0.001
豆粕,Belarus,2015/16,imports,0.295
豆粕,Benin,2015/16,imports,0
豆粕,Bosnia and Herzegovina,2015/16,imports,0.072
豆粕,Burma,2015/16,imports,0.474
豆粕,Cambodia,2015/16,imports,0.041
豆粕,Costa Rica,2015/16,imports,0.064
豆粕,Cote d'Ivoire,2015/16,imports,0.076
豆粕,Cuba,2015/16,imports,0.274
豆粕,Dominican Republic,2015/16,imports,0.506
豆粕,Ecuador,2015/16,imports,0.85
豆粕,El Salvador,2015/16,imports,0.196
豆粕,Ethiopia,2015/16,imports,0
豆粕,Georgia,2015/16,imports,0.036
豆粕,Ghana,2015/16,imports,0.022
豆粕,Guatemala,2015/16,imports,0.379
豆粕,Guyana,2015/16,imports,0.018
豆粕,Honduras,2015/16,imports,0.207
豆粕,Iraq,2015/16,imports,0.431
豆粕,Israel,2015/16,imports,0.131
豆粕,Jamaica,2015/16,imports,0.123
豆粕,Jordan,2015/16,imports,0.38
豆粕,Kazakhstan,2015/16,imports,0.021
豆粕,Kenya,2015/16,imports,0.034
豆粕,"Korea, North",2015/16,imports,0.016
豆粕,Lebanon,2015/16,imports,0.154
豆粕,Libya,2015/16,imports,0.212
豆粕,New Zealand,2015/16,imports,0.251
豆粕,Nicaragua,2015/16,imports,0.109
豆粕,Nigeria,2015/16,imports,0
豆粕,North Macedonia,2015/16,imports,0.025
豆粕,Norway,2015/16,imports,0.058
豆粕,Panama,2015/16,imports,0.206
豆粕,Serbia,2015/16,imports,0.009
豆粕,Singapore,2015/16,imports,0.022
豆粕,Sri Lanka,2015/16,imports,0.205
豆粕,Switzerland,2015/16,imports,0.272
豆粕,Syria,2015/16,imports,0.074
豆粕,Trinidad and Tobago,2015/16,imports,0.05
豆粕,United Arab Emirates,2015/16,imports,0.285
豆粕,Uzbekistan,2015/16,imports,0.098
豆粕,Yemen,2015/16,imports,0.194
豆粕,Zambia,2015/16,imports,0.001
豆粕,Zimbabwe,2015/16,imports,0.043
豆粕,阿尔及利亚,2015/16,production,0
豆粕,阿根廷,2015/16,production,33.5
豆粕,埃及,2015/16,production,1.279
豆粕,巴基斯坦,2015/16,production,0.98
豆粕,巴拉圭,2015/16,production,3.06
豆粕,巴西,2015/16,production,30.75
豆粕,玻利维亚,2015/16,production,1.995
豆粕,俄罗斯,2015/16,production,3.152
豆粕,菲律宾,2015/16,production,0.094
豆粕,哥伦比亚,2015/16,production,0.393
豆粕,韩国,2015/16,production,0.781
豆粕,加拿大,2015/16,production,1.504
豆粕,马来西亚,2015/16,production,0.465
豆粕,美国,2015/16,production,40.525
豆粕,孟加拉国,2015/16,production,0.7
豆粕,秘鲁,2015/16,production,0.002
豆粕,摩洛哥,2015/16,production,0.078
豆粕,墨西哥,2015/16,production,3.48
豆粕,南非,2015/16,production,0.675
豆粕,欧盟,2015/16,production,11.811
豆粕,日本,2015/16,production,1.723
豆粕,沙特阿拉伯,2015/16,production,0.533
豆粕,泰国,2015/16,production,1.48
豆粕,突尼斯,2015/16,production,0.266
豆粕,土耳其,2015/16,production,0.81
豆粕,委内瑞拉,2015/16,production,0.102
豆粕,乌克兰,2015/16,production,0.751
豆粕,乌拉圭,2015/16,production,0.068
豆粕,伊朗,2015/16,production,1.422
豆粕,印度,2015/16,production,4.4
豆粕,印度尼西亚,2015/16,production,0
豆粕,越南,2015/16,production,0.776
豆粕,智利,2015/16,production,0.079
豆粕,中国,2015/16,production,64.548
豆粕,中国台湾,2015/16,production,1.555
豆粕,Australia,2015/16,production,0.027
豆粕,Azerbaijan,2015/16,production,0
豆粕,Barbados,2015/16,production,0.02
豆粕,Belarus,2015/16,production,0.039
豆粕,Benin,2015/16,production,0.043
豆粕,Bosnia and Herzegovina,2015/16,production,0.022
豆粕,Burma,2015/16,production,0
豆粕,Cambodia,2015/16,production,0
豆粕,Costa Rica,2015/16,production,0.209
豆粕,Cote d'Ivoire,2015/16,production,0
豆粕,Cuba,2015/16,production,0.077
豆粕,Dominican Republic,2015/16,production,0
豆粕,Ecuador,2015/16,production,0.026
豆粕,El Salvador,2015/16,production,0
豆粕,Ethiopia,2015/16,production,0.008
豆粕,Georgia,2015/16,production,0.008
豆粕,Ghana,2015/16,production,0.086
豆粕,Guatemala,2015/16,production,0.041
豆粕,Guyana,2015/16,production,0
豆粕,Honduras,2015/16,production,0
豆粕,Iraq,2015/16,production,0
豆粕,Israel,2015/16,production,0.287
豆粕,Jamaica,2015/16,production,0
豆粕,Jordan,2015/16,production,0
豆粕,Kazakhstan,2015/16,production,0.148
豆粕,Kenya,2015/16,production,0
豆粕,"Korea, North",2015/16,production,0.109
豆粕,Lebanon,2015/16,production,0.156
豆粕,Libya,2015/16,production,0
豆粕,New Zealand,2015/16,production,0
豆粕,Nicaragua,2015/16,production,0
豆粕,Nigeria,2015/16,production,0.35
豆粕,North Macedonia,2015/16,production,0
豆粕,Norway,2015/16,production,0.331
豆粕,Panama,2015/16,production,0.028
豆粕,Serbia,2015/16,production,0.362
豆粕,Singapore,2015/16,production,0.016
豆粕,Sri Lanka,2015/16,production,0
豆粕,Switzerland,2015/16,production,0.009
豆粕,Syria,2015/16,production,0.011
豆粕,Trinidad and Tobago,2015/16,production,0
豆粕,United Arab Emirates,2015/16,production,0.028
豆粕,Uzbekistan,2015/16,production,0.006
豆粕,Yemen,2015/16,production,0
豆粕,Zambia,2015/16,production,0.102
豆粕,Zimbabwe,2015/16,production,0.051
豆粕,阿尔及利亚,2016/17,consumption,1.335
豆粕,阿根廷,2016/17,consumption,2.867
豆粕,埃及,2016/17,consumption,3.1
豆粕,巴基斯坦,2016/17,consumption,1.61
豆粕,巴拉圭,2016/17,consumption,0.48
豆粕,巴西,2016/17,consumption,17
豆粕,玻利维亚,2016/17,consumption,0.286
豆粕,俄罗斯,2016/17,consumption,3.2
豆粕,菲律宾,2016/17,consumption,2.75
豆粕,哥伦比亚,2016/17,consumption,1.68
豆粕,韩国,2016/17,consumption,2.506
豆粕,加拿大,2016/17,consumption,1.95
豆粕,马来西亚,2016/17,consumption,1.705
豆粕,美国,2016/17,consumption,30.314
豆粕,孟加拉国,2016/17,consumption,1.537
豆粕,秘鲁,2016/17,consumption,1.3
豆粕,摩洛哥,2016/17,consumption,0.54
豆粕,墨西哥,2016/17,consumption,5.87
豆粕,南非,2016/17,consumption,1.225
豆粕,欧盟,2016/17,consumption,27.792
豆粕,日本,2016/17,consumption,3.485
豆粕,沙特阿拉伯,2016/17,consumption,1.25
豆粕,泰国,2016/17,consumption,4.2
豆粕,突尼斯,2016/17,consumption,0.455
豆粕,土耳其,2016/17,consumption,1.5
豆粕,委内瑞拉,2016/17,consumption,0.56
豆粕,乌克兰,2016/17,consumption,0.35
豆粕,乌拉圭,2016/17,consumption,0.22
豆粕,伊朗,2016/17,consumption,3.05
豆粕,印度,2016/17,consumption,4.674
豆粕,印度尼西亚,2016/17,consumption,4.25
豆粕,越南,2016/17,consumption,5.54
豆粕,智利,2016/17,consumption,0.77
豆粕,中国,2016/17,consumption,68.575
豆粕,中国台湾,2016/17,consumption,1.576
豆粕,Australia,2016/17,consumption,0.825
豆粕,Azerbaijan,2016/17,consumption,0.022
豆粕,Barbados,2016/17,consumption,0.022
豆粕,Belarus,2016/17,consumption,0.35
豆粕,Benin,2016/17,consumption,0.043
豆粕,Bosnia and Herzegovina,2016/17,consumption,0.084
豆粕,Burma,2016/17,consumption,0.38
豆粕,Cambodia,2016/17,consumption,0.116
豆粕,Costa Rica,2016/17,consumption,0.28
豆粕,Cote d'Ivoire,2016/17,consumption,0.075
豆粕,Cuba,2016/17,consumption,0.43
豆粕,Dominican Republic,2016/17,consumption,0.5
豆粕,Ecuador,2016/17,consumption,1
豆粕,El Salvador,2016/17,consumption,0.191
豆粕,Ethiopia,2016/17,consumption,0.008
豆粕,Georgia,2016/17,consumption,0.024
豆粕,Ghana,2016/17,consumption,0.125
豆粕,Guatemala,2016/17,consumption,0.42
豆粕,Guyana,2016/17,consumption,0.025
豆粕,Honduras,2016/17,consumption,0.212
豆粕,Iraq,2016/17,consumption,0.475
豆粕,Israel,2016/17,consumption,0.425
豆粕,Jamaica,2016/17,consumption,0.117
豆粕,Jordan,2016/17,consumption,0.37
豆粕,Kazakhstan,2016/17,consumption,0.18
豆粕,Kenya,2016/17,consumption,0.04
豆粕,"Korea, North",2016/17,consumption,0.15
豆粕,Lebanon,2016/17,consumption,0.315
豆粕,Libya,2016/17,consumption,0.225
豆粕,New Zealand,2016/17,consumption,0.285
豆粕,Nicaragua,2016/17,consumption,0.103
豆粕,Nigeria,2016/17,consumption,0.37
豆粕,North Macedonia,2016/17,consumption,0.026
豆粕,Norway,2016/17,consumption,0.203
豆粕,Panama,2016/17,consumption,0.225
豆粕,Serbia,2016/17,consumption,0.32
豆粕,Singapore,2016/17,consumption,0.04
豆粕,Sri Lanka,2016/17,consumption,0.225
豆粕,Switzerland,2016/17,consumption,0.28
豆粕,Syria,2016/17,consumption,0.08
豆粕,Trinidad and Tobago,2016/17,consumption,0.042
豆粕,United Arab Emirates,2016/17,consumption,0.222
豆粕,United Kingdom,2016/17,consumption,2.45
豆粕,Uzbekistan,2016/17,consumption,0.11
豆粕,Yemen,2016/17,consumption,0.2
豆粕,Zambia,2016/17,consumption,0.056
豆粕,Zimbabwe,2016/17,consumption,0.1
豆粕,阿尔及利亚,2016/17,exports,0
豆粕,阿根廷,2016/17,exports,31.323
豆粕,埃及,2016/17,exports,0.002
豆粕,巴基斯坦,2016/17,exports,0.004
豆粕,巴拉圭,2016/17,exports,2.37
豆粕,巴西,2016/17,exports,13.762
豆粕,玻利维亚,2016/17,exports,1.289
豆粕,俄罗斯,2016/17,exports,0.323
豆粕,菲律宾,2016/17,exports,0
豆粕,哥伦比亚,2016/17,exports,0
豆粕,韩国,2016/17,exports,0.1
豆粕,加拿大,2016/17,exports,0.291
豆粕,马来西亚,2016/17,exports,0.077
豆粕,美国,2016/17,exports,10.505
豆粕,孟加拉国,2016/17,exports,0
豆粕,秘鲁,2016/17,exports,0
豆粕,摩洛哥,2016/17,exports,0
豆粕,墨西哥,2016/17,exports,0.016
豆粕,南非,2016/17,exports,0.063
豆粕,欧盟,2016/17,exports,0.734
豆粕,日本,2016/17,exports,0.001
豆粕,沙特阿拉伯,2016/17,exports,0
豆粕,泰国,2016/17,exports,0.002
豆粕,突尼斯,2016/17,exports,0.012
豆粕,土耳其,2016/17,exports,0.418
豆粕,委内瑞拉,2016/17,exports,0
豆粕,乌克兰,2016/17,exports,0.303
豆粕,乌拉圭,2016/17,exports,0.009
豆粕,伊朗,2016/17,exports,0.001
豆粕,印度,2016/17,exports,2.019
豆粕,印度尼西亚,2016/17,exports,0
豆粕,越南,2016/17,exports,0.073
豆粕,智利,2016/17,exports,0
豆粕,中国,2016/17,exports,1.111
豆粕,中国台湾,2016/17,exports,0.02
豆粕,Australia,2016/17,exports,0.008
豆粕,Azerbaijan,2016/17,exports,0
豆粕,Barbados,2016/17,exports,0
豆粕,Belarus,2016/17,exports,0.014
豆粕,Benin,2016/17,exports,0.004
豆粕,Bosnia and Herzegovina,2016/17,exports,0.013
豆粕,Burma,2016/17,exports,0
豆粕,Cambodia,2016/17,exports,0
豆粕,Costa Rica,2016/17,exports,0.001
豆粕,Cote d'Ivoire,2016/17,exports,0
豆粕,Cuba,2016/17,exports,0
豆粕,Dominican Republic,2016/17,exports,0
豆粕,Ecuador,2016/17,exports,0
豆粕,El Salvador,2016/17,exports,0
豆粕,Ethiopia,2016/17,exports,0
豆粕,Georgia,2016/17,exports,0.021
豆粕,Ghana,2016/17,exports,0
豆粕,Guatemala,2016/17,exports,0
豆粕,Guyana,2016/17,exports,0
豆粕,Honduras,2016/17,exports,0
豆粕,Iraq,2016/17,exports,0
豆粕,Israel,2016/17,exports,0
豆粕,Jamaica,2016/17,exports,0
豆粕,Jordan,2016/17,exports,0.004
豆粕,Kazakhstan,2016/17,exports,0.014
豆粕,Kenya,2016/17,exports,0.001
豆粕,"Korea, North",2016/17,exports,0
豆粕,Lebanon,2016/17,exports,0.02
豆粕,Libya,2016/17,exports,0
豆粕,New Zealand,2016/17,exports,0
豆粕,Nicaragua,2016/17,exports,0.005
豆粕,Nigeria,2016/17,exports,0.073
豆粕,North Macedonia,2016/17,exports,0
豆粕,Norway,2016/17,exports,0.181
豆粕,Panama,2016/17,exports,0
豆粕,Serbia,2016/17,exports,0.073
豆粕,Singapore,2016/17,exports,0
豆粕,Sri Lanka,2016/17,exports,0.003
豆粕,Switzerland,2016/17,exports,0.001
豆粕,Syria,2016/17,exports,0
豆粕,Trinidad and Tobago,2016/17,exports,0
豆粕,United Arab Emirates,2016/17,exports,0.011
豆粕,United Kingdom,2016/17,exports,0.075
豆粕,Uzbekistan,2016/17,exports,0
豆粕,Yemen,2016/17,exports,0
豆粕,Zambia,2016/17,exports,0.055
豆粕,Zimbabwe,2016/17,exports,0
豆粕,阿尔及利亚,2016/17,imports,1.242
豆粕,阿根廷,2016/17,imports,0
豆粕,埃及,2016/17,imports,1.053
豆粕,巴基斯坦,2016/17,imports,0.374
豆粕,巴拉圭,2016/17,imports,0
豆粕,巴西,2016/17,imports,0.035
豆粕,玻利维亚,2016/17,imports,0
豆粕,俄罗斯,2016/17,imports,0.057
豆粕,菲律宾,2016/17,imports,2.66
豆粕,哥伦比亚,2016/17,imports,1.284
豆粕,韩国,2016/17,imports,1.764
豆粕,加拿大,2016/17,imports,0.821
豆粕,马来西亚,2016/17,imports,1.427
豆粕,美国,2016/17,imports,0.313
豆粕,孟加拉国,2016/17,imports,0.476
豆粕,秘鲁,2016/17,imports,1.327
豆粕,摩洛哥,2016/17,imports,0.497
豆粕,墨西哥,2016/17,imports,2.064
豆粕,南非,2016/17,imports,0.492
豆粕,欧盟,2016/17,imports,17.353
豆粕,日本,2016/17,imports,1.621
豆粕,沙特阿拉伯,2016/17,imports,0.753
豆粕,泰国,2016/17,imports,2.782
豆粕,突尼斯,2016/17,imports,0.124
豆粕,土耳其,2016/17,imports,1.182
豆粕,委内瑞拉,2016/17,imports,0.488
豆粕,乌克兰,2016/17,imports,0.002
豆粕,乌拉圭,2016/17,imports,0.146
豆粕,伊朗,2016/17,imports,1.507
豆粕,印度,2016/17,imports,0.011
豆粕,印度尼西亚,2016/17,imports,4.255
豆粕,越南,2016/17,imports,4.583
豆粕,智利,2016/17,imports,0.639
豆粕,中国,2016/17,imports,0.061
豆粕,中国台湾,2016/17,imports,0.033
豆粕,Australia,2016/17,imports,0.862
豆粕,Azerbaijan,2016/17,imports,0.022
豆粕,Barbados,2016/17,imports,0
豆粕,Belarus,2016/17,imports,0.322
豆粕,Benin,2016/17,imports,0
豆粕,Bosnia and Herzegovina,2016/17,imports,0.077
豆粕,Burma,2016/17,imports,0.418
豆粕,Cambodia,2016/17,imports,0.116
豆粕,Costa Rica,2016/17,imports,0.06
豆粕,Cote d'Ivoire,2016/17,imports,0.081
豆粕,Cuba,2016/17,imports,0.363
豆粕,Dominican Republic,2016/17,imports,0.49
豆粕,Ecuador,2016/17,imports,0.959
豆粕,El Salvador,2016/17,imports,0.205
豆粕,Ethiopia,2016/17,imports,0
豆粕,Georgia,2016/17,imports,0.038
豆粕,Ghana,2016/17,imports,0.043
豆粕,Guatemala,2016/17,imports,0.385
豆粕,Guyana,2016/17,imports,0.028
豆粕,Honduras,2016/17,imports,0.21
豆粕,Iraq,2016/17,imports,0.504
豆粕,Israel,2016/17,imports,0.144
豆粕,Jamaica,2016/17,imports,0.117
豆粕,Jordan,2016/17,imports,0.437
豆粕,Kazakhstan,2016/17,imports,0.04
豆粕,Kenya,2016/17,imports,0.063
豆粕,"Korea, North",2016/17,imports,0.023
豆粕,Lebanon,2016/17,imports,0.257
豆粕,Libya,2016/17,imports,0.185
豆粕,New Zealand,2016/17,imports,0.28
豆粕,Nicaragua,2016/17,imports,0.108
豆粕,Nigeria,2016/17,imports,0
豆粕,North Macedonia,2016/17,imports,0.026
豆粕,Norway,2016/17,imports,0.053
豆粕,Panama,2016/17,imports,0.212
豆粕,Serbia,2016/17,imports,0.022
豆粕,Singapore,2016/17,imports,0.026
豆粕,Sri Lanka,2016/17,imports,0.231
豆粕,Switzerland,2016/17,imports,0.273
豆粕,Syria,2016/17,imports,0.072
豆粕,Trinidad and Tobago,2016/17,imports,0.04
豆粕,United Arab Emirates,2016/17,imports,0.209
豆粕,United Kingdom,2016/17,imports,1.983
豆粕,Uzbekistan,2016/17,imports,0.049
豆粕,Yemen,2016/17,imports,0.199
豆粕,Zambia,2016/17,imports,0.001
豆粕,Zimbabwe,2016/17,imports,0.059
豆粕,阿尔及利亚,2016/17,production,0
豆粕,阿根廷,2016/17,production,33.6
豆粕,埃及,2016/17,production,1.659
豆粕,巴基斯坦,2016/17,production,1.319
豆粕,巴拉圭,2016/17,production,3.06
豆粕,巴西,2016/17,production,31.28
豆粕,玻利维亚,2016/17,production,1.685
豆粕,俄罗斯,2016/17,production,3.467
豆粕,菲律宾,2016/17,production,0.094
豆粕,哥伦比亚,2016/17,production,0.393
豆粕,韩国,2016/17,production,0.743
豆粕,加拿大,2016/17,production,1.437
豆粕,马来西亚,2016/17,production,0.425
豆粕,美国,2016/17,production,40.63
豆粕,孟加拉国,2016/17,production,0.983
豆粕,秘鲁,2016/17,production,0.002
豆粕,摩洛哥,2016/17,production,0.052
豆粕,墨西哥,2016/17,production,3.79
豆粕,南非,2016/17,production,0.706
豆粕,欧盟,2016/17,production,11.06
豆粕,日本,2016/17,production,1.805
豆粕,沙特阿拉伯,2016/17,production,0.483
豆粕,泰国,2016/17,production,1.52
豆粕,突尼斯,2016/17,production,0.318
豆粕,土耳其,2016/17,production,0.77
豆粕,委内瑞拉,2016/17,production,0.055
豆粕,乌克兰,2016/17,production,0.632
豆粕,乌拉圭,2016/17,production,0.068
豆粕,伊朗,2016/17,production,1.58
豆粕,印度,2016/17,production,7.2
豆粕,印度尼西亚,2016/17,production,0
豆粕,越南,2016/17,production,0.858
豆粕,智利,2016/17,production,0.079
豆粕,中国,2016/17,production,69.696
豆粕,中国台湾,2016/17,production,1.567
豆粕,Australia,2016/17,production,0.021
豆粕,Azerbaijan,2016/17,production,0
豆粕,Barbados,2016/17,production,0.022
豆粕,Belarus,2016/17,production,0.083
豆粕,Benin,2016/17,production,0.047
豆粕,Bosnia and Herzegovina,2016/17,production,0.02
豆粕,Burma,2016/17,production,0
豆粕,Cambodia,2016/17,production,0
豆粕,Costa Rica,2016/17,production,0.225
豆粕,Cote d'Ivoire,2016/17,production,0
豆粕,Cuba,2016/17,production,0.094
豆粕,Dominican Republic,2016/17,production,0
豆粕,Ecuador,2016/17,production,0.033
豆粕,El Salvador,2016/17,production,0
豆粕,Ethiopia,2016/17,production,0.008
豆粕,Georgia,2016/17,production,0.008
豆粕,Ghana,2016/17,production,0.09
豆粕,Guatemala,2016/17,production,0.039
豆粕,Guyana,2016/17,production,0
豆粕,Honduras,2016/17,production,0
豆粕,Iraq,2016/17,production,0
豆粕,Israel,2016/17,production,0.288
豆粕,Jamaica,2016/17,production,0
豆粕,Jordan,2016/17,production,0
豆粕,Kazakhstan,2016/17,production,0.152
豆粕,Kenya,2016/17,production,0
豆粕,"Korea, North",2016/17,production,0.133
豆粕,Lebanon,2016/17,production,0.156
豆粕,Libya,2016/17,production,0
豆粕,New Zealand,2016/17,production,0
豆粕,Nicaragua,2016/17,production,0
豆粕,Nigeria,2016/17,production,0.405
豆粕,North Macedonia,2016/17,production,0
豆粕,Norway,2016/17,production,0.33
豆粕,Panama,2016/17,production,0.028
豆粕,Serbia,2016/17,production,0.355
豆粕,Singapore,2016/17,production,0.014
豆粕,Sri Lanka,2016/17,production,0
豆粕,Switzerland,2016/17,production,0.012
豆粕,Syria,2016/17,production,0
豆粕,Trinidad and Tobago,2016/17,production,0
豆粕,United Arab Emirates,2016/17,production,0.012
豆粕,United Kingdom,2016/17,production,0.518
豆粕,Uzbekistan,2016/17,production,0.008
豆粕,Yemen,2016/17,production,0
豆粕,Zambia,2016/17,production,0.11
豆粕,Zimbabwe,2016/17,production,0.055
豆粕,阿尔及利亚,2017/18,consumption,1.36
豆粕,阿根廷,2017/18,consumption,2.996
豆粕,埃及,2017/18,consumption,3.1
豆粕,巴基斯坦,2017/18,consumption,1.63
豆粕,巴拉圭,2017/18,consumption,0.5
豆粕,巴西,2017/18,consumption,17.311
豆粕,玻利维亚,2017/18,consumption,0.3
豆粕,俄罗斯,2017/18,consumption,3.4
豆粕,菲律宾,2017/18,consumption,2.95
豆粕,哥伦比亚,2017/18,consumption,1.78
豆粕,韩国,2017/18,consumption,2.525
豆粕,加拿大,2017/18,consumption,2.075
豆粕,马来西亚,2017/18,consumption,1.8
豆粕,美国,2017/18,consumption,32.237
豆粕,孟加拉国,2017/18,consumption,1.759
豆粕,秘鲁,2017/18,consumption,1.325
豆粕,摩洛哥,2017/18,consumption,0.575
豆粕,墨西哥,2017/18,consumption,6.15
豆粕,南非,2017/18,consumption,1.225
豆粕,欧盟,2017/18,consumption,27.742
豆粕,日本,2017/18,consumption,3.544
豆粕,沙特阿拉伯,2017/18,consumption,1.225
豆粕,泰国,2017/18,consumption,4.25
豆粕,突尼斯,2017/18,consumption,0.46
豆粕,土耳其,2017/18,consumption,1.535
豆粕,委内瑞拉,2017/18,consumption,0.67
豆粕,乌克兰,2017/18,consumption,0.475
豆粕,乌拉圭,2017/18,consumption,0.2
豆粕,伊朗,2017/18,consumption,2.9
豆粕,印度,2017/18,consumption,4.739
豆粕,印度尼西亚,2017/18,consumption,4.45
豆粕,越南,2017/18,consumption,5.93
豆粕,智利,2017/18,consumption,0.9
豆粕,中国,2017/18,consumption,69.9
豆粕,中国台湾,2017/18,consumption,1.583
豆粕,Australia,2017/18,consumption,0.825
豆粕,Azerbaijan,2017/18,consumption,0.041
豆粕,Barbados,2017/18,consumption,0.022
豆粕,Belarus,2017/18,consumption,0.4
豆粕,Benin,2017/18,consumption,0.049
豆粕,Bosnia and Herzegovina,2017/18,consumption,0.087
豆粕,Burma,2017/18,consumption,0.38
豆粕,Cambodia,2017/18,consumption,0.126
豆粕,Costa Rica,2017/18,consumption,0.295
豆粕,Cote d'Ivoire,2017/18,consumption,0.085
豆粕,Cuba,2017/18,consumption,0.45
豆粕,Dominican Republic,2017/18,consumption,0.51
豆粕,Ecuador,2017/18,consumption,1.18
豆粕,El Salvador,2017/18,consumption,0.205
豆粕,Ethiopia,2017/18,consumption,0.007
豆粕,Georgia,2017/18,consumption,0.026
豆粕,Ghana,2017/18,consumption,0.19
豆粕,Guatemala,2017/18,consumption,0.435
豆粕,Guyana,2017/18,consumption,0.034
豆粕,Honduras,2017/18,consumption,0.23
豆粕,Iraq,2017/18,consumption,0.55
豆粕,Israel,2017/18,consumption,0.465
豆粕,Jamaica,2017/18,consumption,0.118
豆粕,Jordan,2017/18,consumption,0.375
豆粕,Kazakhstan,2017/18,consumption,0.185
豆粕,Kenya,2017/18,consumption,0.044
豆粕,"Korea, North",2017/18,consumption,0.155
豆粕,Lebanon,2017/18,consumption,0.325
豆粕,Libya,2017/18,consumption,0.23
豆粕,New Zealand,2017/18,consumption,0.32
豆粕,Nicaragua,2017/18,consumption,0.104
豆粕,Nigeria,2017/18,consumption,0.41
豆粕,North Macedonia,2017/18,consumption,0.025
豆粕,Norway,2017/18,consumption,0.205
豆粕,Panama,2017/18,consumption,0.23
豆粕,Serbia,2017/18,consumption,0.36
豆粕,Singapore,2017/18,consumption,0.039
豆粕,Sri Lanka,2017/18,consumption,0.227
豆粕,Switzerland,2017/18,consumption,0.28
豆粕,Syria,2017/18,consumption,0.079
豆粕,Trinidad and Tobago,2017/18,consumption,0.039
豆粕,United Arab Emirates,2017/18,consumption,0.212
豆粕,United Kingdom,2017/18,consumption,2.4
豆粕,Uzbekistan,2017/18,consumption,0.08
豆粕,Yemen,2017/18,consumption,0.205
豆粕,Zambia,2017/18,consumption,0.085
豆粕,Zimbabwe,2017/18,consumption,0.1
豆粕,阿尔及利亚,2017/18,exports,0
豆粕,阿根廷,2017/18,exports,26.265
豆粕,埃及,2017/18,exports,0.002
豆粕,巴基斯坦,2017/18,exports,0.019
豆粕,巴拉圭,2017/18,exports,2.625
豆粕,巴西,2017/18,exports,16.033
豆粕,玻利维亚,2017/18,exports,1.653
豆粕,俄罗斯,2017/18,exports,0.384
豆粕,菲律宾,2017/18,exports,0
豆粕,哥伦比亚,2017/18,exports,0
豆粕,韩国,2017/18,exports,0.041
豆粕,加拿大,2017/18,exports,0.357
豆粕,马来西亚,2017/18,exports,0.057
豆粕,美国,2017/18,exports,12.717
豆粕,孟加拉国,2017/18,exports,0
豆粕,秘鲁,2017/18,exports,0
豆粕,摩洛哥,2017/18,exports,0
豆粕,墨西哥,2017/18,exports,0.025
豆粕,南非,2017/18,exports,0.081
豆粕,欧盟,2017/18,exports,0.77
豆粕,日本,2017/18,exports,0.001
豆粕,沙特阿拉伯,2017/18,exports,0
豆粕,泰国,2017/18,exports,0.05
豆粕,突尼斯,2017/18,exports,0.012
豆粕,土耳其,2017/18,exports,0.421
豆粕,委内瑞拉,2017/18,exports,0
豆粕,乌克兰,2017/18,exports,0.365
豆粕,乌拉圭,2017/18,exports,0.008
豆粕,伊朗,2017/18,exports,0.003
豆粕,印度,2017/18,exports,1.863
豆粕,印度尼西亚,2017/18,exports,0.001
豆粕,越南,2017/18,exports,0.066
豆粕,智利,2017/18,exports,0
豆粕,中国,2017/18,exports,1.198
豆粕,中国台湾,2017/18,exports,0.011
豆粕,Australia,2017/18,exports,0.011
豆粕,Azerbaijan,2017/18,exports,0
豆粕,Barbados,2017/18,exports,0
豆粕,Belarus,2017/18,exports,0.135
豆粕,Benin,2017/18,exports,0.002
豆粕,Bosnia and Herzegovina,2017/18,exports,0.013
豆粕,Burma,2017/18,exports,0
豆粕,Cambodia,2017/18,exports,0
豆粕,Costa Rica,2017/18,exports,0.001
豆粕,Cote d'Ivoire,2017/18,exports,0
豆粕,Cuba,2017/18,exports,0
豆粕,Dominican Republic,2017/18,exports,0
豆粕,Ecuador,2017/18,exports,0
豆粕,El Salvador,2017/18,exports,0
豆粕,Ethiopia,2017/18,exports,0.001
豆粕,Georgia,2017/18,exports,0.018
豆粕,Ghana,2017/18,exports,0
豆粕,Guatemala,2017/18,exports,0
豆粕,Guyana,2017/18,exports,0
豆粕,Honduras,2017/18,exports,0
豆粕,Iraq,2017/18,exports,0
豆粕,Israel,2017/18,exports,0
豆粕,Jamaica,2017/18,exports,0
豆粕,Jordan,2017/18,exports,0.001
豆粕,Kazakhstan,2017/18,exports,0.034
豆粕,Kenya,2017/18,exports,0.003
豆粕,"Korea, North",2017/18,exports,0
豆粕,Lebanon,2017/18,exports,0.025
豆粕,Libya,2017/18,exports,0
豆粕,New Zealand,2017/18,exports,0
豆粕,Nicaragua,2017/18,exports,0.006
豆粕,Nigeria,2017/18,exports,0.049
豆粕,North Macedonia,2017/18,exports,0
豆粕,Norway,2017/18,exports,0.182
豆粕,Panama,2017/18,exports,0
豆粕,Serbia,2017/18,exports,0.038
豆粕,Singapore,2017/18,exports,0.001
豆粕,Sri Lanka,2017/18,exports,0.002
豆粕,Switzerland,2017/18,exports,0.001
豆粕,Syria,2017/18,exports,0
豆粕,Trinidad and Tobago,2017/18,exports,0
豆粕,United Arab Emirates,2017/18,exports,0.006
豆粕,United Kingdom,2017/18,exports,0.116
豆粕,Uzbekistan,2017/18,exports,0
豆粕,Yemen,2017/18,exports,0
豆粕,Zambia,2017/18,exports,0.122
豆粕,Zimbabwe,2017/18,exports,0
豆粕,阿尔及利亚,2017/18,imports,1.511
豆粕,阿根廷,2017/18,imports,0.001
豆粕,埃及,2017/18,imports,0.571
豆粕,巴基斯坦,2017/18,imports,0.002
豆粕,巴拉圭,2017/18,imports,0
豆粕,巴西,2017/18,imports,0.019
豆粕,玻利维亚,2017/18,imports,0
豆粕,俄罗斯,2017/18,imports,0.161
豆粕,菲律宾,2017/18,imports,2.886
豆粕,哥伦比亚,2017/18,imports,1.373
豆粕,韩国,2017/18,imports,1.846
豆粕,加拿大,2017/18,imports,1.022
豆粕,马来西亚,2017/18,imports,1.609
豆粕,美国,2017/18,imports,0.438
豆粕,孟加拉国,2017/18,imports,0.652
豆粕,秘鲁,2017/18,imports,1.353
豆粕,摩洛哥,2017/18,imports,0.602
豆粕,墨西哥,2017/18,imports,1.875
豆粕,南非,2017/18,imports,0.423
豆粕,欧盟,2017/18,imports,16.992
豆粕,日本,2017/18,imports,1.728
豆粕,沙特阿拉伯,2017/18,imports,0.922
豆粕,泰国,2017/18,imports,3.191
豆粕,突尼斯,2017/18,imports,0.037
豆粕,土耳其,2017/18,imports,0.979
豆粕,委内瑞拉,2017/18,imports,0.478
豆粕,乌克兰,2017/18,imports,0.003
豆粕,乌拉圭,2017/18,imports,0.138
豆粕,伊朗,2017/18,imports,1.113
豆粕,印度,2017/18,imports,0.011
豆粕,印度尼西亚,2017/18,imports,4.486
豆粕,越南,2017/18,imports,4.847
豆粕,智利,2017/18,imports,0.824
豆粕,中国,2017/18,imports,0.023
豆粕,中国台湾,2017/18,imports,0.024
豆粕,Australia,2017/18,imports,0.929
豆粕,Azerbaijan,2017/18,imports,0.041
豆粕,Barbados,2017/18,imports,0
豆粕,Belarus,2017/18,imports,0.345
豆粕,Benin,2017/18,imports,0
豆粕,Bosnia and Herzegovina,2017/18,imports,0.08
豆粕,Burma,2017/18,imports,0.36
豆粕,Cambodia,2017/18,imports,0.126
豆粕,Costa Rica,2017/18,imports,0.098
豆粕,Cote d'Ivoire,2017/18,imports,0.077
豆粕,Cuba,2017/18,imports,0.381
豆粕,Dominican Republic,2017/18,imports,0.509
豆粕,Ecuador,2017/18,imports,1.145
豆粕,El Salvador,2017/18,imports,0.196
豆粕,Ethiopia,2017/18,imports,0
豆粕,Georgia,2017/18,imports,0.039
豆粕,Ghana,2017/18,imports,0.093
豆粕,Guatemala,2017/18,imports,0.41
豆粕,Guyana,2017/18,imports,0.034
豆粕,Honduras,2017/18,imports,0.234
豆粕,Iraq,2017/18,imports,0.565
豆粕,Israel,2017/18,imports,0.18
豆粕,Jamaica,2017/18,imports,0.121
豆粕,Jordan,2017/18,imports,0.352
豆粕,Kazakhstan,2017/18,imports,0.037
豆粕,Kenya,2017/18,imports,0.037
豆粕,"Korea, North",2017/18,imports,0.018
豆粕,Lebanon,2017/18,imports,0.158
豆粕,Libya,2017/18,imports,0.28
豆粕,New Zealand,2017/18,imports,0.303
豆粕,Nicaragua,2017/18,imports,0.11
豆粕,Nigeria,2017/18,imports,0
豆粕,North Macedonia,2017/18,imports,0.027
豆粕,Norway,2017/18,imports,0.053
豆粕,Panama,2017/18,imports,0.212
豆粕,Serbia,2017/18,imports,0.097
豆粕,Singapore,2017/18,imports,0.028
豆粕,Sri Lanka,2017/18,imports,0.226
豆粕,Switzerland,2017/18,imports,0.271
豆粕,Syria,2017/18,imports,0.058
豆粕,Trinidad and Tobago,2017/18,imports,0.039
豆粕,United Arab Emirates,2017/18,imports,0.205
豆粕,United Kingdom,2017/18,imports,1.931
豆粕,Uzbekistan,2017/18,imports,0.048
豆粕,Yemen,2017/18,imports,0.244
豆粕,Zambia,2017/18,imports,0.001
豆粕,Zimbabwe,2017/18,imports,0.056
豆粕,阿尔及利亚,2017/18,production,0
豆粕,阿根廷,2017/18,production,28.75
豆粕,埃及,2017/18,production,2.53
豆粕,巴基斯坦,2017/18,production,1.575
豆粕,巴拉圭,2017/18,production,2.987
豆粕,巴西,2017/18,production,34.3
豆粕,玻利维亚,2017/18,production,1.957
豆粕,俄罗斯,2017/18,production,3.625
豆粕,菲律宾,2017/18,production,0.094
豆粕,哥伦比亚,2017/18,production,0.415
豆粕,韩国,2017/18,production,0.718
豆粕,加拿大,2017/18,production,1.507
豆粕,马来西亚,2017/18,production,0.385
豆粕,美国,2017/18,production,44.657
豆粕,孟加拉国,2017/18,production,1.085
豆粕,秘鲁,2017/18,production,0.002
豆粕,摩洛哥,2017/18,production,0.021
豆粕,墨西哥,2017/18,production,4.3
豆粕,南非,2017/18,production,0.833
豆粕,欧盟,2017/18,production,11.455
豆粕,日本,2017/18,production,1.816
豆粕,沙特阿拉伯,2017/18,production,0.412
豆粕,泰国,2017/18,production,1.091
豆粕,突尼斯,2017/18,production,0.437
豆粕,土耳其,2017/18,production,1.085
豆粕,委内瑞拉,2017/18,production,0.193
豆粕,乌克兰,2017/18,production,0.838
豆粕,乌拉圭,2017/18,production,0.072
豆粕,伊朗,2017/18,production,1.738
豆粕,印度,2017/18,production,6.16
豆粕,印度尼西亚,2017/18,production,0
豆粕,越南,2017/18,production,1.131
豆粕,智利,2017/18,production,0.079
豆粕,中国,2017/18,production,71.28
豆粕,中国台湾,2017/18,production,1.57
豆粕,Australia,2017/18,production,0.034
豆粕,Azerbaijan,2017/18,production,0
豆粕,Barbados,2017/18,production,0.022
豆粕,Belarus,2017/18,production,0.249
豆粕,Benin,2017/18,production,0.051
豆粕,Bosnia and Herzegovina,2017/18,production,0.02
豆粕,Burma,2017/18,production,0
豆粕,Cambodia,2017/18,production,0
豆粕,Costa Rica,2017/18,production,0.229
豆粕,Cote d'Ivoire,2017/18,production,0
豆粕,Cuba,2017/18,production,0.093
豆粕,Dominican Republic,2017/18,production,0
豆粕,Ecuador,2017/18,production,0.027
豆粕,El Salvador,2017/18,production,0
豆粕,Ethiopia,2017/18,production,0.008
豆粕,Georgia,2017/18,production,0.004
豆粕,Ghana,2017/18,production,0.114
豆粕,Guatemala,2017/18,production,0.029
豆粕,Guyana,2017/18,production,0
豆粕,Honduras,2017/18,production,0
豆粕,Iraq,2017/18,production,0
豆粕,Israel,2017/18,production,0.312
豆粕,Jamaica,2017/18,production,0
豆粕,Jordan,2017/18,production,0
豆粕,Kazakhstan,2017/18,production,0.159
豆粕,Kenya,2017/18,production,0
豆粕,"Korea, North",2017/18,production,0.133
豆粕,Lebanon,2017/18,production,0.195
豆粕,Libya,2017/18,production,0
豆粕,New Zealand,2017/18,production,0
豆粕,Nicaragua,2017/18,production,0
豆粕,Nigeria,2017/18,production,0.45
豆粕,North Macedonia,2017/18,production,0
豆粕,Norway,2017/18,production,0.326
豆粕,Panama,2017/18,production,0.03
豆粕,Serbia,2017/18,production,0.362
豆粕,Singapore,2017/18,production,0.015
豆粕,Sri Lanka,2017/18,production,0
豆粕,Switzerland,2017/18,production,0.012
豆粕,Syria,2017/18,production,0
豆粕,Trinidad and Tobago,2017/18,production,0
豆粕,United Arab Emirates,2017/18,production,0.024
豆粕,United Kingdom,2017/18,production,0.52
豆粕,Uzbekistan,2017/18,production,0.012
豆粕,Yemen,2017/18,production,0
豆粕,Zambia,2017/18,production,0.206
豆粕,Zimbabwe,2017/18,production,0.047
豆粕,阿尔及利亚,2018/19,consumption,1.4
豆粕,阿根廷,2018/19,consumption,3.125
豆粕,埃及,2018/19,consumption,3.1
豆粕,巴基斯坦,2018/19,consumption,1.69
豆粕,巴拉圭,2018/19,consumption,0.52
豆粕,巴西,2018/19,consumption,17.5
豆粕,玻利维亚,2018/19,consumption,0.315
豆粕,俄罗斯,2018/19,consumption,3.5
豆粕,菲律宾,2018/19,consumption,3.05
豆粕,哥伦比亚,2018/19,consumption,1.88
豆粕,韩国,2018/19,consumption,2.525
豆粕,加拿大,2018/19,consumption,2.15
豆粕,马来西亚,2018/19,consumption,1.775
豆粕,美国,2018/19,consumption,32.901
豆粕,孟加拉国,2018/19,consumption,1.989
豆粕,秘鲁,2018/19,consumption,1.365
豆粕,摩洛哥,2018/19,consumption,0.6
豆粕,墨西哥,2018/19,consumption,6.625
豆粕,南非,2018/19,consumption,1.275
豆粕,欧盟,2018/19,consumption,27.892
豆粕,日本,2018/19,consumption,3.45
豆粕,沙特阿拉伯,2018/19,consumption,1.275
豆粕,泰国,2018/19,consumption,4.45
豆粕,突尼斯,2018/19,consumption,0.465
豆粕,土耳其,2018/19,consumption,1.6
豆粕,委内瑞拉,2018/19,consumption,0.365
豆粕,乌克兰,2018/19,consumption,0.55
豆粕,乌拉圭,2018/19,consumption,0.16
豆粕,伊朗,2018/19,consumption,3.6
豆粕,印度,2018/19,consumption,5.53
豆粕,印度尼西亚,2018/19,consumption,4.625
豆粕,越南,2018/19,consumption,5.78
豆粕,智利,2018/19,consumption,1.01
豆粕,中国,2018/19,consumption,66.575
豆粕,中国台湾,2018/19,consumption,1.66
豆粕,Australia,2018/19,consumption,1
豆粕,Azerbaijan,2018/19,consumption,0.075
豆粕,Barbados,2018/19,consumption,0.018
豆粕,Belarus,2018/19,consumption,0.45
豆粕,Benin,2018/19,consumption,0.051
豆粕,Bosnia and Herzegovina,2018/19,consumption,0.089
豆粕,Burma,2018/19,consumption,0.384
豆粕,Cambodia,2018/19,consumption,0.117
豆粕,Costa Rica,2018/19,consumption,0.31
豆粕,Cote d'Ivoire,2018/19,consumption,0.1
豆粕,Cuba,2018/19,consumption,0.46
豆粕,Dominican Republic,2018/19,consumption,0.51
豆粕,Ecuador,2018/19,consumption,1.25
豆粕,El Salvador,2018/19,consumption,0.215
豆粕,Ethiopia,2018/19,consumption,0.01
豆粕,Georgia,2018/19,consumption,0.029
豆粕,Ghana,2018/19,consumption,0.205
豆粕,Guatemala,2018/19,consumption,0.46
豆粕,Guyana,2018/19,consumption,0.034
豆粕,Honduras,2018/19,consumption,0.235
豆粕,Iraq,2018/19,consumption,0.6
豆粕,Israel,2018/19,consumption,0.5
豆粕,Jamaica,2018/19,consumption,0.115
豆粕,Jordan,2018/19,consumption,0.38
豆粕,Kazakhstan,2018/19,consumption,0.205
豆粕,Kenya,2018/19,consumption,0.05
豆粕,"Korea, North",2018/19,consumption,0.118
豆粕,Lebanon,2018/19,consumption,0.35
豆粕,Libya,2018/19,consumption,0.22
豆粕,New Zealand,2018/19,consumption,0.36
豆粕,Nicaragua,2018/19,consumption,0.104
豆粕,Nigeria,2018/19,consumption,0.5
豆粕,North Macedonia,2018/19,consumption,0.03
豆粕,Norway,2018/19,consumption,0.205
豆粕,Panama,2018/19,consumption,0.23
豆粕,Serbia,2018/19,consumption,0.37
豆粕,Singapore,2018/19,consumption,0.038
豆粕,Sri Lanka,2018/19,consumption,0.231
豆粕,Switzerland,2018/19,consumption,0.275
豆粕,Syria,2018/19,consumption,0.072
豆粕,Trinidad and Tobago,2018/19,consumption,0.038
豆粕,United Arab Emirates,2018/19,consumption,0.221
豆粕,United Kingdom,2018/19,consumption,2.5
豆粕,Uzbekistan,2018/19,consumption,0.09
豆粕,Yemen,2018/19,consumption,0.21
豆粕,Zambia,2018/19,consumption,0.094
豆粕,Zimbabwe,2018/19,consumption,0.106
豆粕,阿尔及利亚,2018/19,exports,0
豆粕,阿根廷,2018/19,exports,28.833
豆粕,埃及,2018/19,exports,0.002
豆粕,巴基斯坦,2018/19,exports,0.008
豆粕,巴拉圭,2018/19,exports,2.332
豆粕,巴西,2018/19,exports,16.095
豆粕,玻利维亚,2018/19,exports,1.638
豆粕,俄罗斯,2018/19,exports,0.374
豆粕,菲律宾,2018/19,exports,0
豆粕,哥伦比亚,2018/19,exports,0
豆粕,韩国,2018/19,exports,0.071
豆粕,加拿大,2018/19,exports,0.425
豆粕,马来西亚,2018/19,exports,0.051
豆粕,美国,2018/19,exports,12.141
豆粕,孟加拉国,2018/19,exports,0
豆粕,秘鲁,2018/19,exports,0.001
豆粕,摩洛哥,2018/19,exports,0
豆粕,墨西哥,2018/19,exports,0.008
豆粕,南非,2018/19,exports,0.11
豆粕,欧盟,2018/19,exports,0.753
豆粕,日本,2018/19,exports,0.001
豆粕,沙特阿拉伯,2018/19,exports,0
豆粕,泰国,2018/19,exports,0.05
豆粕,突尼斯,2018/19,exports,0.011
豆粕,土耳其,2018/19,exports,0.492
豆粕,委内瑞拉,2018/19,exports,0
豆粕,乌克兰,2018/19,exports,0.777
豆粕,乌拉圭,2018/19,exports,0.018
豆粕,伊朗,2018/19,exports,0.001
豆粕,印度,2018/19,exports,2.185
豆粕,印度尼西亚,2018/19,exports,0.001
豆粕,越南,2018/19,exports,0.056
豆粕,智利,2018/19,exports,0
豆粕,中国,2018/19,exports,0.932
豆粕,中国台湾,2018/19,exports,0.006
豆粕,Australia,2018/19,exports,0.01
豆粕,Azerbaijan,2018/19,exports,0.001
豆粕,Barbados,2018/19,exports,0.004
豆粕,Belarus,2018/19,exports,0.204
豆粕,Benin,2018/19,exports,0
豆粕,Bosnia and Herzegovina,2018/19,exports,0.008
豆粕,Burma,2018/19,exports,0
豆粕,Cambodia,2018/19,exports,0
豆粕,Costa Rica,2018/19,exports,0.003
豆粕,Cote d'Ivoire,2018/19,exports,0
豆粕,Cuba,2018/19,exports,0
豆粕,Dominican Republic,2018/19,exports,0
豆粕,Ecuador,2018/19,exports,0
豆粕,El Salvador,2018/19,exports,0.002
豆粕,Ethiopia,2018/19,exports,0.002
豆粕,Georgia,2018/19,exports,0.013
豆粕,Ghana,2018/19,exports,0
豆粕,Guatemala,2018/19,exports,0
豆粕,Guyana,2018/19,exports,0
豆粕,Honduras,2018/19,exports,0
豆粕,Iraq,2018/19,exports,0
豆粕,Israel,2018/19,exports,0
豆粕,Jamaica,2018/19,exports,0
豆粕,Jordan,2018/19,exports,0
豆粕,Kazakhstan,2018/19,exports,0.015
豆粕,Kenya,2018/19,exports,0.004
豆粕,"Korea, North",2018/19,exports,0
豆粕,Lebanon,2018/19,exports,0.04
豆粕,Libya,2018/19,exports,0
豆粕,New Zealand,2018/19,exports,0
豆粕,Nicaragua,2018/19,exports,0.007
豆粕,Nigeria,2018/19,exports,0.005
豆粕,North Macedonia,2018/19,exports,0
豆粕,Norway,2018/19,exports,0.157
豆粕,Panama,2018/19,exports,0
豆粕,Serbia,2018/19,exports,0.03
豆粕,Singapore,2018/19,exports,0.001
豆粕,Sri Lanka,2018/19,exports,0.006
豆粕,Switzerland,2018/19,exports,0.001
豆粕,Syria,2018/19,exports,0
豆粕,Trinidad and Tobago,2018/19,exports,0
豆粕,United Arab Emirates,2018/19,exports,0.007
豆粕,United Kingdom,2018/19,exports,0.068
豆粕,Uzbekistan,2018/19,exports,0
豆粕,Yemen,2018/19,exports,0
豆粕,Zambia,2018/19,exports,0.096
豆粕,Zimbabwe,2018/19,exports,0
豆粕,阿尔及利亚,2018/19,imports,1.356
豆粕,阿根廷,2018/19,imports,0.027
豆粕,埃及,2018/19,imports,0.171
豆粕,巴基斯坦,2018/19,imports,0.045
豆粕,巴拉圭,2018/19,imports,0
豆粕,巴西,2018/19,imports,0.022
豆粕,玻利维亚,2018/19,imports,0
豆粕,俄罗斯,2018/19,imports,0.194
豆粕,菲律宾,2018/19,imports,2.935
豆粕,哥伦比亚,2018/19,imports,1.433
豆粕,韩国,2018/19,imports,1.855
豆粕,加拿大,2018/19,imports,1.018
豆粕,马来西亚,2018/19,imports,1.278
豆粕,美国,2018/19,imports,0.62
豆粕,孟加拉国,2018/19,imports,0.554
豆粕,秘鲁,2018/19,imports,1.345
豆粕,摩洛哥,2018/19,imports,0.54
豆粕,墨西哥,2018/19,imports,1.887
豆粕,南非,2018/19,imports,0.473
豆粕,欧盟,2018/19,imports,17.197
豆粕,日本,2018/19,imports,1.596
豆粕,沙特阿拉伯,2018/19,imports,0.715
豆粕,泰国,2018/19,imports,2.889
豆粕,突尼斯,2018/19,imports,0.02
豆粕,土耳其,2018/19,imports,1.18
豆粕,委内瑞拉,2018/19,imports,0.324
豆粕,乌克兰,2018/19,imports,0.003
豆粕,乌拉圭,2018/19,imports,0.086
豆粕,伊朗,2018/19,imports,1.91
豆粕,印度,2018/19,imports,0.049
豆粕,印度尼西亚,2018/19,imports,4.449
豆粕,越南,2018/19,imports,5.127
豆粕,智利,2018/19,imports,0.967
豆粕,中国,2018/19,imports,0.017
豆粕,中国台湾,2018/19,imports,0.026
豆粕,Australia,2018/19,imports,1.035
豆粕,Azerbaijan,2018/19,imports,0.076
豆粕,Barbados,2018/19,imports,0
豆粕,Belarus,2018/19,imports,0.32
豆粕,Benin,2018/19,imports,0
豆粕,Bosnia and Herzegovina,2018/19,imports,0.078
豆粕,Burma,2018/19,imports,0.321
豆粕,Cambodia,2018/19,imports,0.117
豆粕,Costa Rica,2018/19,imports,0.094
豆粕,Cote d'Ivoire,2018/19,imports,0.112
豆粕,Cuba,2018/19,imports,0.382
豆粕,Dominican Republic,2018/19,imports,0.549
豆粕,Ecuador,2018/19,imports,1.263
豆粕,El Salvador,2018/19,imports,0.22
豆粕,Ethiopia,2018/19,imports,0
豆粕,Georgia,2018/19,imports,0.037
豆粕,Ghana,2018/19,imports,0.093
豆粕,Guatemala,2018/19,imports,0.434
豆粕,Guyana,2018/19,imports,0.034
豆粕,Honduras,2018/19,imports,0.242
豆粕,Iraq,2018/19,imports,0.59
豆粕,Israel,2018/19,imports,0.252
豆粕,Jamaica,2018/19,imports,0.118
豆粕,Jordan,2018/19,imports,0.366
豆粕,Kazakhstan,2018/19,imports,0.065
豆粕,Kenya,2018/19,imports,0.071
豆粕,"Korea, North",2018/19,imports,0.019
豆粕,Lebanon,2018/19,imports,0.147
豆粕,Libya,2018/19,imports,0.124
豆粕,New Zealand,2018/19,imports,0.387
豆粕,Nicaragua,2018/19,imports,0.111
豆粕,Nigeria,2018/19,imports,0
豆粕,North Macedonia,2018/19,imports,0.028
豆粕,Norway,2018/19,imports,0.044
豆粕,Panama,2018/19,imports,0.181
豆粕,Serbia,2018/19,imports,0.008
豆粕,Singapore,2018/19,imports,0.03
豆粕,Sri Lanka,2018/19,imports,0.225
豆粕,Switzerland,2018/19,imports,0.263
豆粕,Syria,2018/19,imports,0.072
豆粕,Trinidad and Tobago,2018/19,imports,0.036
豆粕,United Arab Emirates,2018/19,imports,0.209
豆粕,United Kingdom,2018/19,imports,2.147
豆粕,Uzbekistan,2018/19,imports,0.062
豆粕,Yemen,2018/19,imports,0.162
豆粕,Zambia,2018/19,imports,0.001
豆粕,Zimbabwe,2018/19,imports,0.052
豆粕,阿尔及利亚,2018/19,production,0.039
豆粕,阿根廷,2018/19,production,31.5
豆粕,埃及,2018/19,production,2.767
豆粕,巴基斯坦,2018/19,production,1.56
豆粕,巴拉圭,2018/19,production,2.89
豆粕,巴西,2018/19,production,32.746
豆粕,玻利维亚,2018/19,production,2.036
豆粕,俄罗斯,2018/19,production,3.664
豆粕,菲律宾,2018/19,production,0.066
豆粕,哥伦比亚,2018/19,production,0.44
豆粕,韩国,2018/19,production,0.716
豆粕,加拿大,2018/19,production,1.604
豆粕,马来西亚,2018/19,production,0.413
豆粕,美国,2018/19,production,44.283
豆粕,孟加拉国,2018/19,production,1.475
豆粕,秘鲁,2018/19,production,0.002
豆粕,摩洛哥,2018/19,production,0.022
豆粕,墨西哥,2018/19,production,4.86
豆粕,南非,2018/19,production,1.002
豆粕,欧盟,2018/19,production,11.85
豆粕,日本,2018/19,production,1.854
豆粕,沙特阿拉伯,2018/19,production,0.44
豆粕,泰国,2018/19,production,1.559
豆粕,突尼斯,2018/19,production,0.438
豆粕,土耳其,2018/19,production,1.008
豆粕,委内瑞拉,2018/19,production,0.031
豆粕,乌克兰,2018/19,production,1.48
豆粕,乌拉圭,2018/19,production,0.072
豆粕,伊朗,2018/19,production,1.817
豆粕,印度,2018/19,production,7.68
豆粕,印度尼西亚,2018/19,production,0
豆粕,越南,2018/19,production,0.937
豆粕,智利,2018/19,production,0.075
豆粕,中国,2018/19,production,67.32
豆粕,中国台湾,2018/19,production,1.65
豆粕,Australia,2018/19,production,0.018
豆粕,Azerbaijan,2018/19,production,0
豆粕,Barbados,2018/19,production,0.022
豆粕,Belarus,2018/19,production,0.336
豆粕,Benin,2018/19,production,0.051
豆粕,Bosnia and Herzegovina,2018/19,production,0.019
豆粕,Burma,2018/19,production,0
豆粕,Cambodia,2018/19,production,0
豆粕,Costa Rica,2018/19,production,0.217
豆粕,Cote d'Ivoire,2018/19,production,0
豆粕,Cuba,2018/19,production,0.083
豆粕,Dominican Republic,2018/19,production,0
豆粕,Ecuador,2018/19,production,0.02
豆粕,El Salvador,2018/19,production,0
豆粕,Ethiopia,2018/19,production,0.012
豆粕,Georgia,2018/19,production,0.004
豆粕,Ghana,2018/19,production,0.114
豆粕,Guatemala,2018/19,production,0.028
豆粕,Guyana,2018/19,production,0
豆粕,Honduras,2018/19,production,0
豆粕,Iraq,2018/19,production,0
豆粕,Israel,2018/19,production,0.273
豆粕,Jamaica,2018/19,production,0
豆粕,Jordan,2018/19,production,0
豆粕,Kazakhstan,2018/19,production,0.171
豆粕,Kenya,2018/19,production,0
豆粕,"Korea, North",2018/19,production,0.086
豆粕,Lebanon,2018/19,production,0.234
豆粕,Libya,2018/19,production,0
豆粕,New Zealand,2018/19,production,0
豆粕,Nicaragua,2018/19,production,0
豆粕,Nigeria,2018/19,production,0.545
豆粕,North Macedonia,2018/19,production,0
豆粕,Norway,2018/19,production,0.314
豆粕,Panama,2018/19,production,0.03
豆粕,Serbia,2018/19,production,0.378
豆粕,Singapore,2018/19,production,0.015
豆粕,Sri Lanka,2018/19,production,0
豆粕,Switzerland,2018/19,production,0.011
豆粕,Syria,2018/19,production,0
豆粕,Trinidad and Tobago,2018/19,production,0
豆粕,United Arab Emirates,2018/19,production,0.009
豆粕,United Kingdom,2018/19,production,0.46
豆粕,Uzbekistan,2018/19,production,0.022
豆粕,Yemen,2018/19,production,0
豆粕,Zambia,2018/19,production,0.189
豆粕,Zimbabwe,2018/19,production,0.047
豆粕,阿尔及利亚,2019/20,consumption,1.3
豆粕,阿根廷,2019/20,consumption,3.2
豆粕,埃及,2019/20,consumption,3.5
豆粕,巴基斯坦,2019/20,consumption,1.75
豆粕,巴拉圭,2019/20,consumption,0.525
豆粕,巴西,2019/20,consumption,18
豆粕,玻利维亚,2019/20,consumption,0.33
豆粕,俄罗斯,2019/20,consumption,3.5
豆粕,菲律宾,2019/20,consumption,2.9
豆粕,哥伦比亚,2019/20,consumption,1.925
豆粕,韩国,2019/20,consumption,2.585
豆粕,加拿大,2019/20,consumption,2.175
豆粕,马来西亚,2019/20,consumption,1.75
豆粕,美国,2019/20,consumption,34.444
豆粕,孟加拉国,2019/20,consumption,2.154
豆粕,秘鲁,2019/20,consumption,1.42
豆粕,摩洛哥,2019/20,consumption,0.625
豆粕,墨西哥,2019/20,consumption,6.65
豆粕,南非,2019/20,consumption,1.35
豆粕,欧盟,2019/20,consumption,28.342
豆粕,日本,2019/20,consumption,3.655
豆粕,沙特阿拉伯,2019/20,consumption,1.275
豆粕,泰国,2019/20,consumption,4.795
豆粕,突尼斯,2019/20,consumption,0.47
豆粕,土耳其,2019/20,consumption,1.725
豆粕,委内瑞拉,2019/20,consumption,0.415
豆粕,乌克兰,2019/20,consumption,0.6
豆粕,乌拉圭,2019/20,consumption,0.18
豆粕,伊朗,2019/20,consumption,3.5
豆粕,印度,2019/20,consumption,5.78
豆粕,印度尼西亚,2019/20,consumption,4.9
豆粕,越南,2019/20,consumption,6.23
豆粕,智利,2019/20,consumption,1.06
豆粕,中国,2019/20,consumption,71.115
豆粕,中国台湾,2019/20,consumption,1.7
豆粕,Australia,2019/20,consumption,1
豆粕,Azerbaijan,2019/20,consumption,0.094
豆粕,Barbados,2019/20,consumption,0.021
豆粕,Belarus,2019/20,consumption,0.4
豆粕,Benin,2019/20,consumption,0.051
豆粕,Bosnia and Herzegovina,2019/20,consumption,0.073
豆粕,Burma,2019/20,consumption,0.435
豆粕,Cambodia,2019/20,consumption,0.14
豆粕,Costa Rica,2019/20,consumption,0.315
豆粕,Cote d'Ivoire,2019/20,consumption,0.105
豆粕,Cuba,2019/20,consumption,0.425
豆粕,Dominican Republic,2019/20,consumption,0.49
豆粕,Ecuador,2019/20,consumption,1.3
豆粕,El Salvador,2019/20,consumption,0.225
豆粕,Ethiopia,2019/20,consumption,0.018
豆粕,Georgia,2019/20,consumption,0.03
豆粕,Ghana,2019/20,consumption,0.28
豆粕,Guatemala,2019/20,consumption,0.51
豆粕,Guyana,2019/20,consumption,0.037
豆粕,Honduras,2019/20,consumption,0.243
豆粕,Iraq,2019/20,consumption,0.7
豆粕,Israel,2019/20,consumption,0.525
豆粕,Jamaica,2019/20,consumption,0.115
豆粕,Jordan,2019/20,consumption,0.385
豆粕,Kazakhstan,2019/20,consumption,0.2
豆粕,Kenya,2019/20,consumption,0.05
豆粕,"Korea, North",2019/20,consumption,0.136
豆粕,Lebanon,2019/20,consumption,0.35
豆粕,Libya,2019/20,consumption,0.22
豆粕,New Zealand,2019/20,consumption,0.375
豆粕,Nicaragua,2019/20,consumption,0.13
豆粕,Nigeria,2019/20,consumption,0.5
豆粕,North Macedonia,2019/20,consumption,0.03
豆粕,Norway,2019/20,consumption,0.17
豆粕,Panama,2019/20,consumption,0.23
豆粕,Serbia,2019/20,consumption,0.35
豆粕,Singapore,2019/20,consumption,0.038
豆粕,Sri Lanka,2019/20,consumption,0.214
豆粕,Switzerland,2019/20,consumption,0.267
豆粕,Syria,2019/20,consumption,0.058
豆粕,Trinidad and Tobago,2019/20,consumption,0.036
豆粕,United Arab Emirates,2019/20,consumption,0.222
豆粕,United Kingdom,2019/20,consumption,2.55
豆粕,Uzbekistan,2019/20,consumption,0.1
豆粕,Yemen,2019/20,consumption,0.23
豆粕,Zambia,2019/20,consumption,0.072
豆粕,Zimbabwe,2019/20,consumption,0.114
豆粕,阿尔及利亚,2019/20,exports,0
豆粕,阿根廷,2019/20,exports,27.461
豆粕,埃及,2019/20,exports,0.03
豆粕,巴基斯坦,2019/20,exports,0.018
豆粕,巴拉圭,2019/20,exports,2.138
豆粕,巴西,2019/20,exports,17.499
豆粕,玻利维亚,2019/20,exports,1.723
豆粕,俄罗斯,2019/20,exports,0.557
豆粕,菲律宾,2019/20,exports,0
豆粕,哥伦比亚,2019/20,exports,0.001
豆粕,韩国,2019/20,exports,0.044
豆粕,加拿大,2019/20,exports,0.329
豆粕,马来西亚,2019/20,exports,0.055
豆粕,美国,2019/20,exports,12.549
豆粕,孟加拉国,2019/20,exports,0
豆粕,秘鲁,2019/20,exports,0
豆粕,摩洛哥,2019/20,exports,0
豆粕,墨西哥,2019/20,exports,0.008
豆粕,南非,2019/20,exports,0.111
豆粕,欧盟,2019/20,exports,0.874
豆粕,日本,2019/20,exports,0.001
豆粕,沙特阿拉伯,2019/20,exports,0
豆粕,泰国,2019/20,exports,0.047
豆粕,突尼斯,2019/20,exports,0.008
豆粕,土耳其,2019/20,exports,0.542
豆粕,委内瑞拉,2019/20,exports,0
豆粕,乌克兰,2019/20,exports,0.724
豆粕,乌拉圭,2019/20,exports,0.006
豆粕,伊朗,2019/20,exports,0.001
豆粕,印度,2019/20,exports,1.166
豆粕,印度尼西亚,2019/20,exports,0
豆粕,越南,2019/20,exports,0.072
豆粕,智利,2019/20,exports,0
豆粕,中国,2019/20,exports,1.012
豆粕,中国台湾,2019/20,exports,0.008
豆粕,Australia,2019/20,exports,0.003
豆粕,Azerbaijan,2019/20,exports,0.001
豆粕,Barbados,2019/20,exports,0.002
豆粕,Belarus,2019/20,exports,0.648
豆粕,Benin,2019/20,exports,0
豆粕,Bosnia and Herzegovina,2019/20,exports,0.007
豆粕,Burma,2019/20,exports,0
豆粕,Cambodia,2019/20,exports,0
豆粕,Costa Rica,2019/20,exports,0.001
豆粕,Cote d'Ivoire,2019/20,exports,0
豆粕,Cuba,2019/20,exports,0
豆粕,Dominican Republic,2019/20,exports,0
豆粕,Ecuador,2019/20,exports,0
豆粕,El Salvador,2019/20,exports,0.003
豆粕,Ethiopia,2019/20,exports,0.005
豆粕,Georgia,2019/20,exports,0.016
豆粕,Ghana,2019/20,exports,0.001
豆粕,Guatemala,2019/20,exports,0
豆粕,Guyana,2019/20,exports,0
豆粕,Honduras,2019/20,exports,0
豆粕,Iraq,2019/20,exports,0
豆粕,Israel,2019/20,exports,0
豆粕,Jamaica,2019/20,exports,0
豆粕,Jordan,2019/20,exports,0
豆粕,Kazakhstan,2019/20,exports,0.04
豆粕,Kenya,2019/20,exports,0
豆粕,"Korea, North",2019/20,exports,0
豆粕,Lebanon,2019/20,exports,0.025
豆粕,Libya,2019/20,exports,0
豆粕,New Zealand,2019/20,exports,0
豆粕,Nicaragua,2019/20,exports,0.006
豆粕,Nigeria,2019/20,exports,0.096
豆粕,North Macedonia,2019/20,exports,0
豆粕,Norway,2019/20,exports,0.202
豆粕,Panama,2019/20,exports,0
豆粕,Serbia,2019/20,exports,0.039
豆粕,Singapore,2019/20,exports,0.002
豆粕,Sri Lanka,2019/20,exports,0.004
豆粕,Switzerland,2019/20,exports,0.002
豆粕,Syria,2019/20,exports,0
豆粕,Trinidad and Tobago,2019/20,exports,0
豆粕,United Arab Emirates,2019/20,exports,0.005
豆粕,United Kingdom,2019/20,exports,0.077
豆粕,Uzbekistan,2019/20,exports,0
豆粕,Yemen,2019/20,exports,0
豆粕,Zambia,2019/20,exports,0.078
豆粕,Zimbabwe,2019/20,exports,0
豆粕,阿尔及利亚,2019/20,imports,0.809
豆粕,阿根廷,2019/20,imports,0.001
豆粕,埃及,2019/20,imports,0.317
豆粕,巴基斯坦,2019/20,imports,0
豆粕,巴拉圭,2019/20,imports,0
豆粕,巴西,2019/20,imports,0.01
豆粕,玻利维亚,2019/20,imports,0
豆粕,俄罗斯,2019/20,imports,0.289
豆粕,菲律宾,2019/20,imports,2.906
豆粕,哥伦比亚,2019/20,imports,1.509
豆粕,韩国,2019/20,imports,1.992
豆粕,加拿大,2019/20,imports,1.117
豆粕,马来西亚,2019/20,imports,1.414
豆粕,美国,2019/20,imports,0.58
豆粕,孟加拉国,2019/20,imports,0.509
豆粕,秘鲁,2019/20,imports,1.414
豆粕,摩洛哥,2019/20,imports,0.64
豆粕,墨西哥,2019/20,imports,1.818
豆粕,南非,2019/20,imports,0.437
豆粕,欧盟,2019/20,imports,16.329
豆粕,日本,2019/20,imports,1.858
豆粕,沙特阿拉伯,2019/20,imports,0.864
豆粕,泰国,2019/20,imports,2.854
豆粕,突尼斯,2019/20,imports,0.07
豆粕,土耳其,2019/20,imports,1.073
豆粕,委内瑞拉,2019/20,imports,0.38
豆粕,乌克兰,2019/20,imports,0.004
豆粕,乌拉圭,2019/20,imports,0.122
豆粕,伊朗,2019/20,imports,1.604
豆粕,印度,2019/20,imports,0.023
豆粕,印度尼西亚,2019/20,imports,5.043
豆粕,越南,2019/20,imports,5.336
豆粕,智利,2019/20,imports,1.003
豆粕,中国,2019/20,imports,0.051
豆粕,中国台湾,2019/20,imports,0.087
豆粕,Australia,2019/20,imports,0.924
豆粕,Azerbaijan,2019/20,imports,0.095
豆粕,Barbados,2019/20,imports,0
豆粕,Belarus,2019/20,imports,0.563
豆粕,Benin,2019/20,imports,0
豆粕,Bosnia and Herzegovina,2019/20,imports,0.07
豆粕,Burma,2019/20,imports,0.52
豆粕,Cambodia,2019/20,imports,0.14
豆粕,Costa Rica,2019/20,imports,0.107
豆粕,Cote d'Ivoire,2019/20,imports,0.101
豆粕,Cuba,2019/20,imports,0.337
豆粕,Dominican Republic,2019/20,imports,0.458
豆粕,Ecuador,2019/20,imports,1.187
豆粕,El Salvador,2019/20,imports,0.243
豆粕,Ethiopia,2019/20,imports,0
豆粕,Georgia,2019/20,imports,0.046
豆粕,Ghana,2019/20,imports,0.18
豆粕,Guatemala,2019/20,imports,0.489
豆粕,Guyana,2019/20,imports,0.034
豆粕,Honduras,2019/20,imports,0.231
豆粕,Iraq,2019/20,imports,0.683
豆粕,Israel,2019/20,imports,0.281
豆粕,Jamaica,2019/20,imports,0.105
豆粕,Jordan,2019/20,imports,0.369
豆粕,Kazakhstan,2019/20,imports,0.065
豆粕,Kenya,2019/20,imports,0.032
豆粕,"Korea, North",2019/20,imports,0.011
豆粕,Lebanon,2019/20,imports,0.15
豆粕,Libya,2019/20,imports,0.199
豆粕,New Zealand,2019/20,imports,0.411
豆粕,Nicaragua,2019/20,imports,0.136
豆粕,Nigeria,2019/20,imports,0
豆粕,North Macedonia,2019/20,imports,0.03
豆粕,Norway,2019/20,imports,0.043
豆粕,Panama,2019/20,imports,0.201
豆粕,Serbia,2019/20,imports,0.007
豆粕,Singapore,2019/20,imports,0.024
豆粕,Sri Lanka,2019/20,imports,0.218
豆粕,Switzerland,2019/20,imports,0.256
豆粕,Syria,2019/20,imports,0.058
豆粕,Trinidad and Tobago,2019/20,imports,0.033
豆粕,United Arab Emirates,2019/20,imports,0.211
豆粕,United Kingdom,2019/20,imports,2.133
豆粕,Uzbekistan,2019/20,imports,0.104
豆粕,Yemen,2019/20,imports,0.276
豆粕,Zambia,2019/20,imports,0
豆粕,Zimbabwe,2019/20,imports,0.065
豆粕,阿尔及利亚,2019/20,production,0.39
豆粕,阿根廷,2019/20,production,30.241
豆粕,埃及,2019/20,production,3.715
豆粕,巴基斯坦,2019/20,production,1.794
豆粕,巴拉圭,2019/20,production,2.645
豆粕,巴西,2019/20,production,35.991
豆粕,玻利维亚,2019/20,production,2.157
豆粕,俄罗斯,2019/20,production,3.664
豆粕,菲律宾,2019/20,production,0.07
豆粕,哥伦比亚,2019/20,production,0.416
豆粕,韩国,2019/20,production,0.743
豆粕,加拿大,2019/20,production,1.366
豆粕,马来西亚,2019/20,production,0.417
豆粕,美国,2019/20,production,46.358
豆粕,孟加拉国,2019/20,production,1.815
豆粕,秘鲁,2019/20,production,0.002
豆粕,摩洛哥,2019/20,production,0.079
豆粕,墨西哥,2019/20,production,4.74
豆粕,南非,2019/20,production,1
豆粕,欧盟,2019/20,production,12.324
豆粕,日本,2019/20,production,1.799
豆粕,沙特阿拉伯,2019/20,production,0.57
豆粕,泰国,2019/20,production,2.035
豆粕,突尼斯,2019/20,production,0.426
豆粕,土耳其,2019/20,production,1.24
豆粕,委内瑞拉,2019/20,production,0.035
豆粕,乌克兰,2019/20,production,1.46
豆粕,乌拉圭,2019/20,production,0.072
豆粕,伊朗,2019/20,production,1.817
豆粕,印度,2019/20,production,6.89
豆粕,印度尼西亚,2019/20,production,0
豆粕,越南,2019/20,production,0.976
豆粕,智利,2019/20,production,0.075
豆粕,中国,2019/20,production,72.468
豆粕,中国台湾,2019/20,production,1.635
豆粕,Australia,2019/20,production,0.016
豆粕,Azerbaijan,2019/20,production,0
豆粕,Barbados,2019/20,production,0.023
豆粕,Belarus,2019/20,production,0.431
豆粕,Benin,2019/20,production,0.051
豆粕,Bosnia and Herzegovina,2019/20,production,0.01
豆粕,Burma,2019/20,production,0
豆粕,Cambodia,2019/20,production,0
豆粕,Costa Rica,2019/20,production,0.213
豆粕,Cote d'Ivoire,2019/20,production,0
豆粕,Cuba,2019/20,production,0.074
豆粕,Dominican Republic,2019/20,production,0
豆粕,Ecuador,2019/20,production,0.031
豆粕,El Salvador,2019/20,production,0
豆粕,Ethiopia,2019/20,production,0.023
豆粕,Georgia,2019/20,production,0
豆粕,Ghana,2019/20,production,0.118
豆粕,Guatemala,2019/20,production,0.03
豆粕,Guyana,2019/20,production,0
豆粕,Honduras,2019/20,production,0
豆粕,Iraq,2019/20,production,0
豆粕,Israel,2019/20,production,0.254
豆粕,Jamaica,2019/20,production,0
豆粕,Jordan,2019/20,production,0
豆粕,Kazakhstan,2019/20,production,0.187
豆粕,Kenya,2019/20,production,0
豆粕,"Korea, North",2019/20,production,0.125
豆粕,Lebanon,2019/20,production,0.195
豆粕,Libya,2019/20,production,0
豆粕,New Zealand,2019/20,production,0
豆粕,Nicaragua,2019/20,production,0
豆粕,Nigeria,2019/20,production,0.6
豆粕,North Macedonia,2019/20,production,0
豆粕,Norway,2019/20,production,0.322
豆粕,Panama,2019/20,production,0.027
豆粕,Serbia,2019/20,production,0.37
豆粕,Singapore,2019/20,production,0.015
豆粕,Sri Lanka,2019/20,production,0
豆粕,Switzerland,2019/20,production,0.009
豆粕,Syria,2019/20,production,0
豆粕,Trinidad and Tobago,2019/20,production,0
豆粕,United Arab Emirates,2019/20,production,0.006
豆粕,United Kingdom,2019/20,production,0.525
豆粕,Uzbekistan,2019/20,production,0.025
豆粕,Yemen,2019/20,production,0
豆粕,Zambia,2019/20,production,0.15
豆粕,Zimbabwe,2019/20,production,0.053
豆粕,阿尔及利亚,2020/21,consumption,1.3
豆粕,阿根廷,2020/21,consumption,3.275
豆粕,埃及,2020/21,consumption,3.45
豆粕,巴基斯坦,2020/21,consumption,1.9
豆粕,巴拉圭,2020/21,consumption,0.535
豆粕,巴西,2020/21,consumption,18.8
豆粕,玻利维亚,2020/21,consumption,0.35
豆粕,俄罗斯,2020/21,consumption,3.475
豆粕,菲律宾,2020/21,consumption,2.875
豆粕,哥伦比亚,2020/21,consumption,1.975
豆粕,韩国,2020/21,consumption,2.425
豆粕,加拿大,2020/21,consumption,2.2
豆粕,马来西亚,2020/21,consumption,1.675
豆粕,美国,2020/21,consumption,34.179
豆粕,孟加拉国,2020/21,consumption,2.454
豆粕,秘鲁,2020/21,consumption,1.45
豆粕,摩洛哥,2020/21,consumption,0.64
豆粕,墨西哥,2020/21,consumption,6.725
豆粕,南非,2020/21,consumption,1.375
豆粕,欧盟,2020/21,consumption,28.342
豆粕,日本,2020/21,consumption,3.615
豆粕,沙特阿拉伯,2020/21,consumption,1.375
豆粕,泰国,2020/21,consumption,4.745
豆粕,突尼斯,2020/21,consumption,0.475
豆粕,土耳其,2020/21,consumption,1.675
豆粕,委内瑞拉,2020/21,consumption,0.48
豆粕,乌克兰,2020/21,consumption,0.65
豆粕,乌拉圭,2020/21,consumption,0.21
豆粕,伊朗,2020/21,consumption,3.75
豆粕,印度,2020/21,consumption,5.85
豆粕,印度尼西亚,2020/21,consumption,5.2
豆粕,越南,2020/21,consumption,6.13
豆粕,智利,2020/21,consumption,1.08
豆粕,中国,2020/21,consumption,74.425
豆粕,中国台湾,2020/21,consumption,1.65
豆粕,Australia,2020/21,consumption,0.865
豆粕,Azerbaijan,2020/21,consumption,0.091
豆粕,Barbados,2020/21,consumption,0.012
豆粕,Belarus,2020/21,consumption,0.3
豆粕,Benin,2020/21,consumption,0.04
豆粕,Bosnia and Herzegovina,2020/21,consumption,0.064
豆粕,Burma,2020/21,consumption,0.5
豆粕,Cambodia,2020/21,consumption,0.195
豆粕,Costa Rica,2020/21,consumption,0.315
豆粕,Cote d'Ivoire,2020/21,consumption,0.125
豆粕,Cuba,2020/21,consumption,0.265
豆粕,Dominican Republic,2020/21,consumption,0.495
豆粕,Ecuador,2020/21,consumption,1.5
豆粕,El Salvador,2020/21,consumption,0.23
豆粕,Ethiopia,2020/21,consumption,0.016
豆粕,Georgia,2020/21,consumption,0.03
豆粕,Ghana,2020/21,consumption,0.28
豆粕,Guatemala,2020/21,consumption,0.53
豆粕,Guyana,2020/21,consumption,0.041
豆粕,Honduras,2020/21,consumption,0.295
豆粕,Iraq,2020/21,consumption,0.85
豆粕,Israel,2020/21,consumption,0.545
豆粕,Jamaica,2020/21,consumption,0.116
豆粕,Jordan,2020/21,consumption,0.365
豆粕,Kazakhstan,2020/21,consumption,0.21
豆粕,Kenya,2020/21,consumption,0.057
豆粕,"Korea, North",2020/21,consumption,0.125
豆粕,Lebanon,2020/21,consumption,0.25
豆粕,Libya,2020/21,consumption,0.23
豆粕,New Zealand,2020/21,consumption,0.425
豆粕,Nicaragua,2020/21,consumption,0.144
豆粕,Nigeria,2020/21,consumption,0.5
豆粕,North Macedonia,2020/21,consumption,0.029
豆粕,Norway,2020/21,consumption,0.24
豆粕,Panama,2020/21,consumption,0.24
豆粕,Serbia,2020/21,consumption,0.37
豆粕,Singapore,2020/21,consumption,0.038
豆粕,Sri Lanka,2020/21,consumption,0.227
豆粕,Switzerland,2020/21,consumption,0.264
豆粕,Syria,2020/21,consumption,0.055
豆粕,Trinidad and Tobago,2020/21,consumption,0.041
豆粕,United Arab Emirates,2020/21,consumption,0.277
豆粕,United Kingdom,2020/21,consumption,2.625
豆粕,Uzbekistan,2020/21,consumption,0.1
豆粕,Yemen,2020/21,consumption,0.255
豆粕,Zambia,2020/21,consumption,0.029
豆粕,Zimbabwe,2020/21,consumption,0.133
豆粕,阿尔及利亚,2020/21,exports,0
豆粕,阿根廷,2020/21,exports,28.325
豆粕,埃及,2020/21,exports,0.019
豆粕,巴基斯坦,2020/21,exports,0.039
豆粕,巴拉圭,2020/21,exports,1.916
豆粕,巴西,2020/21,exports,16.576
豆粕,玻利维亚,2020/21,exports,2.118
豆粕,俄罗斯,2020/21,exports,0.64
豆粕,菲律宾,2020/21,exports,0
豆粕,哥伦比亚,2020/21,exports,0.002
豆粕,韩国,2020/21,exports,0.043
豆粕,加拿大,2020/21,exports,0.363
豆粕,马来西亚,2020/21,exports,0.078
豆粕,美国,2020/21,exports,12.406
豆粕,孟加拉国,2020/21,exports,0
豆粕,秘鲁,2020/21,exports,0
豆粕,摩洛哥,2020/21,exports,0
豆粕,墨西哥,2020/21,exports,0.006
豆粕,南非,2020/21,exports,0.16
豆粕,欧盟,2020/21,exports,0.847
豆粕,日本,2020/21,exports,0.001
豆粕,沙特阿拉伯,2020/21,exports,0
豆粕,泰国,2020/21,exports,0.075
豆粕,突尼斯,2020/21,exports,0.01
豆粕,土耳其,2020/21,exports,0.59
豆粕,委内瑞拉,2020/21,exports,0
豆粕,乌克兰,2020/21,exports,0.492
豆粕,乌拉圭,2020/21,exports,0
豆粕,伊朗,2020/21,exports,0.001
豆粕,印度,2020/21,exports,2.395
豆粕,印度尼西亚,2020/21,exports,0
豆粕,越南,2020/21,exports,0.221
豆粕,智利,2020/21,exports,0
豆粕,中国,2020/21,exports,1.052
豆粕,中国台湾,2020/21,exports,0.015
豆粕,Australia,2020/21,exports,0.005
豆粕,Azerbaijan,2020/21,exports,0
豆粕,Barbados,2020/21,exports,0.003
豆粕,Belarus,2020/21,exports,0.592
豆粕,Benin,2020/21,exports,0.001
豆粕,Bosnia and Herzegovina,2020/21,exports,0.012
豆粕,Burma,2020/21,exports,0
豆粕,Cambodia,2020/21,exports,0
豆粕,Costa Rica,2020/21,exports,0
豆粕,Cote d'Ivoire,2020/21,exports,0
豆粕,Cuba,2020/21,exports,0
豆粕,Dominican Republic,2020/21,exports,0
豆粕,Ecuador,2020/21,exports,0
豆粕,El Salvador,2020/21,exports,0
豆粕,Ethiopia,2020/21,exports,0.043
豆粕,Georgia,2020/21,exports,0.026
豆粕,Ghana,2020/21,exports,0.006
豆粕,Guatemala,2020/21,exports,0.001
豆粕,Guyana,2020/21,exports,0
豆粕,Honduras,2020/21,exports,0.014
豆粕,Iraq,2020/21,exports,0
豆粕,Israel,2020/21,exports,0
豆粕,Jamaica,2020/21,exports,0
豆粕,Jordan,2020/21,exports,0
豆粕,Kazakhstan,2020/21,exports,0.039
豆粕,Kenya,2020/21,exports,0
豆粕,"Korea, North",2020/21,exports,0
豆粕,Lebanon,2020/21,exports,0.015
豆粕,Libya,2020/21,exports,0
豆粕,New Zealand,2020/21,exports,0
豆粕,Nicaragua,2020/21,exports,0.006
豆粕,Nigeria,2020/21,exports,0.166
豆粕,North Macedonia,2020/21,exports,0
豆粕,Norway,2020/21,exports,0.196
豆粕,Panama,2020/21,exports,0
豆粕,Serbia,2020/21,exports,0.038
豆粕,Singapore,2020/21,exports,0.003
豆粕,Sri Lanka,2020/21,exports,0.001
豆粕,Switzerland,2020/21,exports,0.002
豆粕,Syria,2020/21,exports,0
豆粕,Trinidad and Tobago,2020/21,exports,0
豆粕,United Arab Emirates,2020/21,exports,0.01
豆粕,United Kingdom,2020/21,exports,0.084
豆粕,Uzbekistan,2020/21,exports,0
豆粕,Yemen,2020/21,exports,0.003
豆粕,Zambia,2020/21,exports,0.136
豆粕,Zimbabwe,2020/21,exports,0
豆粕,阿尔及利亚,2020/21,imports,0.422
豆粕,阿根廷,2020/21,imports,0.001
豆粕,埃及,2020/21,imports,0.183
豆粕,巴基斯坦,2020/21,imports,0
豆粕,巴拉圭,2020/21,imports,0.007
豆粕,巴西,2020/21,imports,0.018
豆粕,玻利维亚,2020/21,imports,0
豆粕,俄罗斯,2020/21,imports,0.448
豆粕,菲律宾,2020/21,imports,2.839
豆粕,哥伦比亚,2020/21,imports,1.607
豆粕,韩国,2020/21,imports,1.727
豆粕,加拿大,2020/21,imports,1.262
豆粕,马来西亚,2020/21,imports,1.263
豆粕,美国,2020/21,imports,0.712
豆粕,孟加拉国,2020/21,imports,0.78
豆粕,秘鲁,2020/21,imports,1.56
豆粕,摩洛哥,2020/21,imports,0.55
豆粕,墨西哥,2020/21,imports,1.854
豆粕,南非,2020/21,imports,0.416
豆粕,欧盟,2020/21,imports,16.504
豆粕,日本,2020/21,imports,1.839
豆粕,沙特阿拉伯,2020/21,imports,0.715
豆粕,泰国,2020/21,imports,2.687
豆粕,突尼斯,2020/21,imports,0.087
豆粕,土耳其,2020/21,imports,0.796
豆粕,委内瑞拉,2020/21,imports,0.433
豆粕,乌克兰,2020/21,imports,0.002
豆粕,乌拉圭,2020/21,imports,0.16
豆粕,伊朗,2020/21,imports,2
豆粕,印度,2020/21,imports,0.236
豆粕,印度尼西亚,2020/21,imports,5.356
豆粕,越南,2020/21,imports,5.2
豆粕,智利,2020/21,imports,1.004
豆粕,中国,2020/21,imports,0.074
豆粕,中国台湾,2020/21,imports,0.053
豆粕,Australia,2020/21,imports,0.673
豆粕,Azerbaijan,2020/21,imports,0.091
豆粕,Barbados,2020/21,imports,0
豆粕,Belarus,2020/21,imports,0.573
豆粕,Benin,2020/21,imports,0.002
豆粕,Bosnia and Herzegovina,2020/21,imports,0.076
豆粕,Burma,2020/21,imports,0.503
豆粕,Cambodia,2020/21,imports,0.216
豆粕,Costa Rica,2020/21,imports,0.105
豆粕,Cote d'Ivoire,2020/21,imports,0.135
豆粕,Cuba,2020/21,imports,0.231
豆粕,Dominican Republic,2020/21,imports,0.482
豆粕,Ecuador,2020/21,imports,1.597
豆粕,El Salvador,2020/21,imports,0.211
豆粕,Ethiopia,2020/21,imports,0
豆粕,Georgia,2020/21,imports,0.056
豆粕,Ghana,2020/21,imports,0.177
豆粕,Guatemala,2020/21,imports,0.515
豆粕,Guyana,2020/21,imports,0.041
豆粕,Honduras,2020/21,imports,0.312
豆粕,Iraq,2020/21,imports,1.083
豆粕,Israel,2020/21,imports,0.347
豆粕,Jamaica,2020/21,imports,0.117
豆粕,Jordan,2020/21,imports,0.352
豆粕,Kazakhstan,2020/21,imports,0.07
豆粕,Kenya,2020/21,imports,0.046
豆粕,"Korea, North",2020/21,imports,0
豆粕,Lebanon,2020/21,imports,0.154
豆粕,Libya,2020/21,imports,0.237
豆粕,New Zealand,2020/21,imports,0.385
豆粕,Nicaragua,2020/21,imports,0.15
豆粕,Nigeria,2020/21,imports,0.001
豆粕,North Macedonia,2020/21,imports,0.029
豆粕,Norway,2020/21,imports,0.12
豆粕,Panama,2020/21,imports,0.221
豆粕,Serbia,2020/21,imports,0.012
豆粕,Singapore,2020/21,imports,0.021
豆粕,Sri Lanka,2020/21,imports,0.228
豆粕,Switzerland,2020/21,imports,0.254
豆粕,Syria,2020/21,imports,0.055
豆粕,Trinidad and Tobago,2020/21,imports,0.041
豆粕,United Arab Emirates,2020/21,imports,0.277
豆粕,United Kingdom,2020/21,imports,2.214
豆粕,Uzbekistan,2020/21,imports,0.046
豆粕,Yemen,2020/21,imports,0.325
豆粕,Zambia,2020/21,imports,0
豆粕,Zimbabwe,2020/21,imports,0.08
豆粕,阿尔及利亚,2020/21,production,0.741
豆粕,阿根廷,2020/21,production,31.318
豆粕,埃及,2020/21,production,2.923
豆粕,巴基斯坦,2020/21,production,1.95
豆粕,巴拉圭,2020/21,production,2.519
豆粕,巴西,2020/21,production,35.94
豆粕,玻利维亚,2020/21,production,2.396
豆粕,俄罗斯,2020/21,production,3.55
豆粕,菲律宾,2020/21,production,0.078
豆粕,哥伦比亚,2020/21,production,0.393
豆粕,韩国,2020/21,production,0.733
豆粕,加拿大,2020/21,production,1.281
豆粕,马来西亚,2020/21,production,0.421
豆粕,美国,2020/21,production,45.872
豆粕,孟加拉国,2020/21,production,2.091
豆粕,秘鲁,2020/21,production,0.002
豆粕,摩洛哥,2020/21,production,0.021
豆粕,墨西哥,2020/21,production,4.9
豆粕,南非,2020/21,production,1.216
豆粕,欧盟,2020/21,production,12.482
豆粕,日本,2020/21,production,1.783
豆粕,沙特阿拉伯,2020/21,production,0.59
豆粕,泰国,2020/21,production,2.18
豆粕,突尼斯,2020/21,production,0.378
豆粕,土耳其,2020/21,production,1.336
豆粕,委内瑞拉,2020/21,production,0.051
豆粕,乌克兰,2020/21,production,1.067
豆粕,乌拉圭,2020/21,production,0.072
豆粕,伊朗,2020/21,production,1.896
豆粕,印度,2020/21,production,8
豆粕,印度尼西亚,2020/21,production,0
豆粕,越南,2020/21,production,1.015
豆粕,智利,2020/21,production,0.075
豆粕,中国,2020/21,production,75.24
豆粕,中国台湾,2020/21,production,1.61
豆粕,Australia,2020/21,production,0.025
豆粕,Azerbaijan,2020/21,production,0
豆粕,Barbados,2020/21,production,0.015
豆粕,Belarus,2020/21,production,0.316
豆粕,Benin,2020/21,production,0.039
豆粕,Bosnia and Herzegovina,2020/21,production,0
豆粕,Burma,2020/21,production,0
豆粕,Cambodia,2020/21,production,0
豆粕,Costa Rica,2020/21,production,0.209
豆粕,Cote d'Ivoire,2020/21,production,0
豆粕,Cuba,2020/21,production,0.019
豆粕,Dominican Republic,2020/21,production,0
豆粕,Ecuador,2020/21,production,0.021
豆粕,El Salvador,2020/21,production,0
豆粕,Ethiopia,2020/21,production,0.059
豆粕,Georgia,2020/21,production,0
豆粕,Ghana,2020/21,production,0.114
豆粕,Guatemala,2020/21,production,0.032
豆粕,Guyana,2020/21,production,0
豆粕,Honduras,2020/21,production,0
豆粕,Iraq,2020/21,production,0
豆粕,Israel,2020/21,production,0.191
豆粕,Jamaica,2020/21,production,0
豆粕,Jordan,2020/21,production,0
豆粕,Kazakhstan,2020/21,production,0.187
豆粕,Kenya,2020/21,production,0
豆粕,"Korea, North",2020/21,production,0.125
豆粕,Lebanon,2020/21,production,0.074
豆粕,Libya,2020/21,production,0
豆粕,New Zealand,2020/21,production,0
豆粕,Nicaragua,2020/21,production,0
豆粕,Nigeria,2020/21,production,0.672
豆粕,North Macedonia,2020/21,production,0
豆粕,Norway,2020/21,production,0.334
豆粕,Panama,2020/21,production,0.022
豆粕,Serbia,2020/21,production,0.394
豆粕,Singapore,2020/21,production,0.015
豆粕,Sri Lanka,2020/21,production,0
豆粕,Switzerland,2020/21,production,0.012
豆粕,Syria,2020/21,production,0
豆粕,Trinidad and Tobago,2020/21,production,0
豆粕,United Arab Emirates,2020/21,production,0.039
豆粕,United Kingdom,2020/21,production,0.46
豆粕,Uzbekistan,2020/21,production,0.021
豆粕,Yemen,2020/21,production,0
豆粕,Zambia,2020/21,production,0.165
豆粕,Zimbabwe,2020/21,production,0.067
豆粕,阿尔及利亚,2021/22,consumption,1.3
豆粕,阿根廷,2021/22,consumption,3.325
豆粕,埃及,2021/22,consumption,3.7
豆粕,巴基斯坦,2021/22,consumption,1.425
豆粕,巴拉圭,2021/22,consumption,0.56
豆粕,巴西,2021/22,consumption,19.7
豆粕,玻利维亚,2021/22,consumption,0.37
豆粕,俄罗斯,2021/22,consumption,3.5
豆粕,菲律宾,2021/22,consumption,2.95
豆粕,哥伦比亚,2021/22,consumption,2.025
豆粕,韩国,2021/22,consumption,2.4
豆粕,加拿大,2021/22,consumption,2.275
豆粕,马来西亚,2021/22,consumption,1.6
豆粕,美国,2021/22,consumption,35.323
豆粕,孟加拉国,2021/22,consumption,2.604
豆粕,秘鲁,2021/22,consumption,1.5
豆粕,摩洛哥,2021/22,consumption,0.645
豆粕,墨西哥,2021/22,consumption,6.875
豆粕,南非,2021/22,consumption,1.4
豆粕,欧盟,2021/22,consumption,27.742
豆粕,日本,2021/22,consumption,3.61
豆粕,沙特阿拉伯,2021/22,consumption,1.45
豆粕,泰国,2021/22,consumption,4.9
豆粕,突尼斯,2021/22,consumption,0.48
豆粕,土耳其,2021/22,consumption,1.925
豆粕,委内瑞拉,2021/22,consumption,0.57
豆粕,乌克兰,2021/22,consumption,0.6
豆粕,乌拉圭,2021/22,consumption,0.23
豆粕,伊朗,2021/22,consumption,3.5
豆粕,印度,2021/22,consumption,6.273
豆粕,印度尼西亚,2021/22,consumption,5.55
豆粕,越南,2021/22,consumption,6.235
豆粕,智利,2021/22,consumption,1.1
豆粕,中国,2021/22,consumption,71.1
豆粕,中国台湾,2021/22,consumption,1.695
豆粕,Australia,2021/22,consumption,0.855
豆粕,Azerbaijan,2021/22,consumption,0.087
豆粕,Barbados,2021/22,consumption,0.004
豆粕,Belarus,2021/22,consumption,0.425
豆粕,Benin,2021/22,consumption,0.041
豆粕,Bosnia and Herzegovina,2021/22,consumption,0.074
豆粕,Burma,2021/22,consumption,0.43
豆粕,Cambodia,2021/22,consumption,0.24
豆粕,Costa Rica,2021/22,consumption,0.32
豆粕,Cote d'Ivoire,2021/22,consumption,0.135
豆粕,Cuba,2021/22,consumption,0.165
豆粕,Dominican Republic,2021/22,consumption,0.52
豆粕,Ecuador,2021/22,consumption,1.625
豆粕,El Salvador,2021/22,consumption,0.235
豆粕,Ethiopia,2021/22,consumption,0.044
豆粕,Georgia,2021/22,consumption,0.019
豆粕,Ghana,2021/22,consumption,0.28
豆粕,Guatemala,2021/22,consumption,0.55
豆粕,Guyana,2021/22,consumption,0.039
豆粕,Honduras,2021/22,consumption,0.33
豆粕,Iraq,2021/22,consumption,0.95
豆粕,Israel,2021/22,consumption,0.56
豆粕,Jamaica,2021/22,consumption,0.11
豆粕,Jordan,2021/22,consumption,0.375
豆粕,Kazakhstan,2021/22,consumption,0.21
豆粕,Kenya,2021/22,consumption,0.058
豆粕,"Korea, North",2021/22,consumption,0.107
豆粕,Lebanon,2021/22,consumption,0.21
豆粕,Libya,2021/22,consumption,0.25
豆粕,New Zealand,2021/22,consumption,0.38
豆粕,Nicaragua,2021/22,consumption,0.187
豆粕,Nigeria,2021/22,consumption,0.51
豆粕,North Macedonia,2021/22,consumption,0.027
豆粕,Norway,2021/22,consumption,0.2
豆粕,Panama,2021/22,consumption,0.25
豆粕,Serbia,2021/22,consumption,0.44
豆粕,Singapore,2021/22,consumption,0.03
豆粕,Sri Lanka,2021/22,consumption,0.187
豆粕,Switzerland,2021/22,consumption,0.267
豆粕,Syria,2021/22,consumption,0.086
豆粕,Trinidad and Tobago,2021/22,consumption,0.042
豆粕,United Arab Emirates,2021/22,consumption,0.282
豆粕,United Kingdom,2021/22,consumption,2.625
豆粕,Uzbekistan,2021/22,consumption,0.1
豆粕,Yemen,2021/22,consumption,0.265
豆粕,Zambia,2021/22,consumption,0.166
豆粕,Zimbabwe,2021/22,consumption,0.125
豆粕,阿尔及利亚,2021/22,exports,0
豆粕,阿根廷,2021/22,exports,26.589
豆粕,埃及,2021/22,exports,0.046
豆粕,巴基斯坦,2021/22,exports,0.045
豆粕,巴拉圭,2021/22,exports,1.27
豆粕,巴西,2021/22,exports,20.207
豆粕,玻利维亚,2021/22,exports,2.167
豆粕,俄罗斯,2021/22,exports,0.7
豆粕,菲律宾,2021/22,exports,0
豆粕,哥伦比亚,2021/22,exports,0.003
豆粕,韩国,2021/22,exports,0.051
豆粕,加拿大,2021/22,exports,0.406
豆粕,马来西亚,2021/22,exports,0.082
豆粕,美国,2021/22,exports,12.303
豆粕,孟加拉国,2021/22,exports,0.116
豆粕,秘鲁,2021/22,exports,0
豆粕,摩洛哥,2021/22,exports,0
豆粕,墨西哥,2021/22,exports,0.017
豆粕,南非,2021/22,exports,0.172
豆粕,欧盟,2021/22,exports,0.764
豆粕,日本,2021/22,exports,0.001
豆粕,沙特阿拉伯,2021/22,exports,0.006
豆粕,泰国,2021/22,exports,0.125
豆粕,突尼斯,2021/22,exports,0.01
豆粕,土耳其,2021/22,exports,0.822
豆粕,委内瑞拉,2021/22,exports,0
豆粕,乌克兰,2021/22,exports,0.453
豆粕,乌拉圭,2021/22,exports,0
豆粕,伊朗,2021/22,exports,0.001
豆粕,印度,2021/22,exports,0.94
豆粕,印度尼西亚,2021/22,exports,0.009
豆粕,越南,2021/22,exports,0.118
豆粕,智利,2021/22,exports,0
豆粕,中国,2021/22,exports,0.484
豆粕,中国台湾,2021/22,exports,0.011
豆粕,Australia,2021/22,exports,0.006
豆粕,Azerbaijan,2021/22,exports,0
豆粕,Barbados,2021/22,exports,0.001
豆粕,Belarus,2021/22,exports,0.25
豆粕,Benin,2021/22,exports,0
豆粕,Bosnia and Herzegovina,2021/22,exports,0.015
豆粕,Burma,2021/22,exports,0
豆粕,Cambodia,2021/22,exports,0
豆粕,Costa Rica,2021/22,exports,0
豆粕,Cote d'Ivoire,2021/22,exports,0.006
豆粕,Cuba,2021/22,exports,0
豆粕,Dominican Republic,2021/22,exports,0
豆粕,Ecuador,2021/22,exports,0
豆粕,El Salvador,2021/22,exports,0.002
豆粕,Ethiopia,2021/22,exports,0.027
豆粕,Georgia,2021/22,exports,0.033
豆粕,Ghana,2021/22,exports,0.002
豆粕,Guatemala,2021/22,exports,0.004
豆粕,Guyana,2021/22,exports,0
豆粕,Honduras,2021/22,exports,0.02
豆粕,Iraq,2021/22,exports,0
豆粕,Israel,2021/22,exports,0
豆粕,Jamaica,2021/22,exports,0
豆粕,Jordan,2021/22,exports,0
豆粕,Kazakhstan,2021/22,exports,0.016
豆粕,Kenya,2021/22,exports,0
豆粕,"Korea, North",2021/22,exports,0
豆粕,Lebanon,2021/22,exports,0.02
豆粕,Libya,2021/22,exports,0
豆粕,New Zealand,2021/22,exports,0
豆粕,Nicaragua,2021/22,exports,0.008
豆粕,Nigeria,2021/22,exports,0.108
豆粕,North Macedonia,2021/22,exports,0
豆粕,Norway,2021/22,exports,0.164
豆粕,Panama,2021/22,exports,0
豆粕,Serbia,2021/22,exports,0.062
豆粕,Singapore,2021/22,exports,0.003
豆粕,Sri Lanka,2021/22,exports,0
豆粕,Switzerland,2021/22,exports,0.003
豆粕,Syria,2021/22,exports,0
豆粕,Trinidad and Tobago,2021/22,exports,0
豆粕,United Arab Emirates,2021/22,exports,0.008
豆粕,United Kingdom,2021/22,exports,0.078
豆粕,Uzbekistan,2021/22,exports,0
豆粕,Yemen,2021/22,exports,0
豆粕,Zambia,2021/22,exports,0.086
豆粕,Zimbabwe,2021/22,exports,0
豆粕,阿尔及利亚,2021/22,imports,0.116
豆粕,阿根廷,2021/22,imports,0.135
豆粕,埃及,2021/22,imports,0.161
豆粕,巴基斯坦,2021/22,imports,0.003
豆粕,巴拉圭,2021/22,imports,0.005
豆粕,巴西,2021/22,imports,0.012
豆粕,玻利维亚,2021/22,imports,0
豆粕,俄罗斯,2021/22,imports,0.565
豆粕,菲律宾,2021/22,imports,2.897
豆粕,哥伦比亚,2021/22,imports,1.831
豆粕,韩国,2021/22,imports,1.726
豆粕,加拿大,2021/22,imports,1.326
豆粕,马来西亚,2021/22,imports,1.292
豆粕,美国,2021/22,imports,0.594
豆粕,孟加拉国,2021/22,imports,0.853
豆粕,秘鲁,2021/22,imports,1.483
豆粕,摩洛哥,2021/22,imports,0.561
豆粕,墨西哥,2021/22,imports,1.827
豆粕,南非,2021/22,imports,0.199
豆粕,欧盟,2021/22,imports,16.473
豆粕,日本,2021/22,imports,1.699
豆粕,沙特阿拉伯,2021/22,imports,1.008
豆粕,泰国,2021/22,imports,3.077
豆粕,突尼斯,2021/22,imports,0.164
豆粕,土耳其,2021/22,imports,1.468
豆粕,委内瑞拉,2021/22,imports,0.522
豆粕,乌克兰,2021/22,imports,0.003
豆粕,乌拉圭,2021/22,imports,0.174
豆粕,伊朗,2021/22,imports,1.362
豆粕,印度,2021/22,imports,0.646
豆粕,印度尼西亚,2021/22,imports,5.535
豆粕,越南,2021/22,imports,5.531
豆粕,智利,2021/22,imports,1.049
豆粕,中国,2021/22,imports,0.056
豆粕,中国台湾,2021/22,imports,0.079
豆粕,Australia,2021/22,imports,0.83
豆粕,Azerbaijan,2021/22,imports,0.087
豆粕,Barbados,2021/22,imports,0
豆粕,Belarus,2021/22,imports,0.425
豆粕,Benin,2021/22,imports,0.002
豆粕,Bosnia and Herzegovina,2021/22,imports,0.089
豆粕,Burma,2021/22,imports,0.426
豆粕,Cambodia,2021/22,imports,0.236
豆粕,Costa Rica,2021/22,imports,0.102
豆粕,Cote d'Ivoire,2021/22,imports,0.133
豆粕,Cuba,2021/22,imports,0.141
豆粕,Dominican Republic,2021/22,imports,0.526
豆粕,Ecuador,2021/22,imports,1.775
豆粕,El Salvador,2021/22,imports,0.227
豆粕,Ethiopia,2021/22,imports,0
豆粕,Georgia,2021/22,imports,0.052
豆粕,Ghana,2021/22,imports,0.176
豆粕,Guatemala,2021/22,imports,0.532
豆粕,Guyana,2021/22,imports,0.039
豆粕,Honduras,2021/22,imports,0.429
豆粕,Iraq,2021/22,imports,0.907
豆粕,Israel,2021/22,imports,0.361
豆粕,Jamaica,2021/22,imports,0.113
豆粕,Jordan,2021/22,imports,0.395
豆粕,Kazakhstan,2021/22,imports,0.083
豆粕,Kenya,2021/22,imports,0.058
豆粕,"Korea, North",2021/22,imports,0.005
豆粕,Lebanon,2021/22,imports,0.125
豆粕,Libya,2021/22,imports,0.259
豆粕,New Zealand,2021/22,imports,0.414
豆粕,Nicaragua,2021/22,imports,0.195
豆粕,Nigeria,2021/22,imports,0.001
豆粕,North Macedonia,2021/22,imports,0.027
豆粕,Norway,2021/22,imports,0.132
豆粕,Panama,2021/22,imports,0.216
豆粕,Serbia,2021/22,imports,0.024
豆粕,Singapore,2021/22,imports,0.018
豆粕,Sri Lanka,2021/22,imports,0.187
豆粕,Switzerland,2021/22,imports,0.259
豆粕,Syria,2021/22,imports,0.086
豆粕,Trinidad and Tobago,2021/22,imports,0.042
豆粕,United Arab Emirates,2021/22,imports,0.27
豆粕,United Kingdom,2021/22,imports,2.015
豆粕,Uzbekistan,2021/22,imports,0.05
豆粕,Yemen,2021/22,imports,0.221
豆粕,Zambia,2021/22,imports,0
豆粕,Zimbabwe,2021/22,imports,0.089
豆粕,阿尔及利亚,2021/22,production,1.17
豆粕,阿根廷,2021/22,production,30.268
豆粕,埃及,2021/22,production,3.555
豆粕,巴基斯坦,2021/22,production,1.443
豆粕,巴拉圭,2021/22,production,1.668
豆粕,巴西,2021/22,production,39.091
豆粕,玻利维亚,2021/22,production,2.439
豆粕,俄罗斯,2021/22,production,3.861
豆粕,菲律宾,2021/22,production,0.078
豆粕,哥伦比亚,2021/22,production,0.393
豆粕,韩国,2021/22,production,0.739
豆粕,加拿大,2021/22,production,1.429
豆粕,马来西亚,2021/22,production,0.394
豆粕,美国,2021/22,production,47.005
豆粕,孟加拉国,2021/22,production,1.914
豆粕,秘鲁,2021/22,production,0.002
豆粕,摩洛哥,2021/22,production,0.042
豆粕,墨西哥,2021/22,production,5.02
豆粕,南非,2021/22,production,1.36
豆粕,欧盟,2021/22,production,12.166
豆粕,日本,2021/22,production,1.946
豆粕,沙特阿拉伯,2021/22,production,0.61
豆粕,泰国,2021/22,production,1.944
豆粕,突尼斯,2021/22,production,0.358
豆粕,土耳其,2021/22,production,1.395
豆粕,委内瑞拉,2021/22,production,0.051
豆粕,乌克兰,2021/22,production,1.027
豆粕,乌拉圭,2021/22,production,0.072
豆粕,伊朗,2021/22,production,1.975
豆粕,印度,2021/22,production,6.8
豆粕,印度尼西亚,2021/22,production,0
豆粕,越南,2021/22,production,1.053
豆粕,智利,2021/22,production,0.063
豆粕,中国,2021/22,production,71.28
豆粕,中国台湾,2021/22,production,1.63
豆粕,Australia,2021/22,production,0.034
豆粕,Azerbaijan,2021/22,production,0
豆粕,Barbados,2021/22,production,0.005
豆粕,Belarus,2021/22,production,0.237
豆粕,Benin,2021/22,production,0.039
豆粕,Bosnia and Herzegovina,2021/22,production,0
豆粕,Burma,2021/22,production,0
豆粕,Cambodia,2021/22,production,0
豆粕,Costa Rica,2021/22,production,0.213
豆粕,Cote d'Ivoire,2021/22,production,0
豆粕,Cuba,2021/22,production,0.012
豆粕,Dominican Republic,2021/22,production,0
豆粕,Ecuador,2021/22,production,0.016
豆粕,El Salvador,2021/22,production,0
豆粕,Ethiopia,2021/22,production,0.071
豆粕,Georgia,2021/22,production,0
豆粕,Ghana,2021/22,production,0.118
豆粕,Guatemala,2021/22,production,0.013
豆粕,Guyana,2021/22,production,0
豆粕,Honduras,2021/22,production,0
豆粕,Iraq,2021/22,production,0
豆粕,Israel,2021/22,production,0.226
豆粕,Jamaica,2021/22,production,0
豆粕,Jordan,2021/22,production,0
豆粕,Kazakhstan,2021/22,production,0.167
豆粕,Kenya,2021/22,production,0
豆粕,"Korea, North",2021/22,production,0.102
豆粕,Lebanon,2021/22,production,0.086
豆粕,Libya,2021/22,production,0
豆粕,New Zealand,2021/22,production,0
豆粕,Nicaragua,2021/22,production,0
豆粕,Nigeria,2021/22,production,0.622
豆粕,North Macedonia,2021/22,production,0
豆粕,Norway,2021/22,production,0.267
豆粕,Panama,2021/22,production,0.025
豆粕,Serbia,2021/22,production,0.473
豆粕,Singapore,2021/22,production,0.015
豆粕,Sri Lanka,2021/22,production,0
豆粕,Switzerland,2021/22,production,0.011
豆粕,Syria,2021/22,production,0
豆粕,Trinidad and Tobago,2021/22,production,0
豆粕,United Arab Emirates,2021/22,production,0.033
豆粕,United Kingdom,2021/22,production,0.612
豆粕,Uzbekistan,2021/22,production,0.048
豆粕,Yemen,2021/22,production,0
豆粕,Zambia,2021/22,production,0.252
豆粕,Zimbabwe,2021/22,production,0.056
豆粕,阿尔及利亚,2022/23,consumption,1.55
豆粕,阿根廷,2022/23,consumption,3.45
豆粕,埃及,2022/23,consumption,2.7
豆粕,巴基斯坦,2022/23,consumption,0.66
豆粕,巴拉圭,2022/23,consumption,0.565
豆粕,巴西,2022/23,consumption,20
豆粕,玻利维亚,2022/23,consumption,0.39
豆粕,俄罗斯,2022/23,consumption,3.65
豆粕,菲律宾,2022/23,consumption,2.93
豆粕,哥伦比亚,2022/23,consumption,2.075
豆粕,韩国,2022/23,consumption,2.23
豆粕,加拿大,2022/23,consumption,2.326
豆粕,马来西亚,2022/23,consumption,1.66
豆粕,美国,2022/23,consumption,34.946
豆粕,孟加拉国,2022/23,consumption,2.354
豆粕,秘鲁,2022/23,consumption,1.535
豆粕,摩洛哥,2022/23,consumption,0.69
豆粕,墨西哥,2022/23,consumption,6.93
豆粕,南非,2022/23,consumption,1.425
豆粕,欧盟,2022/23,consumption,26.642
豆粕,日本,2022/23,consumption,3.55
豆粕,沙特阿拉伯,2022/23,consumption,1.425
豆粕,泰国,2022/23,consumption,4.75
豆粕,突尼斯,2022/23,consumption,0.48
豆粕,土耳其,2022/23,consumption,1.875
豆粕,委内瑞拉,2022/23,consumption,0.65
豆粕,乌克兰,2022/23,consumption,0.55
豆粕,乌拉圭,2022/23,consumption,0.235
豆粕,伊朗,2022/23,consumption,3.55
豆粕,印度,2022/23,consumption,6.625
豆粕,印度尼西亚,2022/23,consumption,5.58
豆粕,越南,2022/23,consumption,5.785
豆粕,智利,2022/23,consumption,1.1
豆粕,中国,2022/23,consumption,75.05
豆粕,中国台湾,2022/23,consumption,1.585
豆粕,Australia,2022/23,consumption,0.89
豆粕,Azerbaijan,2022/23,consumption,0.122
豆粕,Barbados,2022/23,consumption,0.002
豆粕,Belarus,2022/23,consumption,0.45
豆粕,Benin,2022/23,consumption,0.045
豆粕,Bosnia and Herzegovina,2022/23,consumption,0.075
豆粕,Burma,2022/23,consumption,0.445
豆粕,Cambodia,2022/23,consumption,0.23
豆粕,Costa Rica,2022/23,consumption,0.325
豆粕,Cote d'Ivoire,2022/23,consumption,0.145
豆粕,Cuba,2022/23,consumption,0.125
豆粕,Dominican Republic,2022/23,consumption,0.49
豆粕,Ecuador,2022/23,consumption,1.95
豆粕,El Salvador,2022/23,consumption,0.24
豆粕,Ethiopia,2022/23,consumption,0
豆粕,Georgia,2022/23,consumption,0.02
豆粕,Ghana,2022/23,consumption,0.245
豆粕,Guatemala,2022/23,consumption,0.56
豆粕,Guyana,2022/23,consumption,0.035
豆粕,Honduras,2022/23,consumption,0.34
豆粕,Iraq,2022/23,consumption,1.05
豆粕,Israel,2022/23,consumption,0.55
豆粕,Jamaica,2022/23,consumption,0.125
豆粕,Jordan,2022/23,consumption,0.375
豆粕,Kazakhstan,2022/23,consumption,0.225
豆粕,Kenya,2022/23,consumption,0.047
豆粕,"Korea, North",2022/23,consumption,0.094
豆粕,Lebanon,2022/23,consumption,0.285
豆粕,Libya,2022/23,consumption,0.27
豆粕,New Zealand,2022/23,consumption,0.295
豆粕,Nicaragua,2022/23,consumption,0.138
豆粕,Nigeria,2022/23,consumption,0.51
豆粕,North Macedonia,2022/23,consumption,0.027
豆粕,Norway,2022/23,consumption,0.26
豆粕,Panama,2022/23,consumption,0.25
豆粕,Serbia,2022/23,consumption,0.44
豆粕,Singapore,2022/23,consumption,0.033
豆粕,Sri Lanka,2022/23,consumption,0.214
豆粕,Switzerland,2022/23,consumption,0.231
豆粕,Syria,2022/23,consumption,0.069
豆粕,Trinidad and Tobago,2022/23,consumption,0.038
豆粕,United Arab Emirates,2022/23,consumption,0.292
豆粕,United Kingdom,2022/23,consumption,2.325
豆粕,Uzbekistan,2022/23,consumption,0.1
豆粕,Yemen,2022/23,consumption,0.275
豆粕,Zambia,2022/23,consumption,0.142
豆粕,Zimbabwe,2022/23,consumption,0.145
豆粕,阿尔及利亚,2022/23,exports,0
豆粕,阿根廷,2022/23,exports,20.764
豆粕,埃及,2022/23,exports,0.003
豆粕,巴基斯坦,2022/23,exports,0.008
豆粕,巴拉圭,2022/23,exports,1.992
豆粕,巴西,2022/23,exports,21.334
豆粕,玻利维亚,2022/23,exports,2.155
豆粕,俄罗斯,2022/23,exports,0.75
豆粕,菲律宾,2022/23,exports,0
豆粕,哥伦比亚,2022/23,exports,0.003
豆粕,韩国,2022/23,exports,0.061
豆粕,加拿大,2022/23,exports,0.379
豆粕,马来西亚,2022/23,exports,0.059
豆粕,美国,2022/23,exports,13.196
豆粕,孟加拉国,2022/23,exports,0.025
豆粕,秘鲁,2022/23,exports,0
豆粕,摩洛哥,2022/23,exports,0
豆粕,墨西哥,2022/23,exports,0.001
豆粕,南非,2022/23,exports,0.131
豆粕,欧盟,2022/23,exports,0.737
豆粕,日本,2022/23,exports,0.001
豆粕,沙特阿拉伯,2022/23,exports,0.002
豆粕,泰国,2022/23,exports,0.101
豆粕,突尼斯,2022/23,exports,0.01
豆粕,土耳其,2022/23,exports,0.839
豆粕,委内瑞拉,2022/23,exports,0
豆粕,乌克兰,2022/23,exports,0.54
豆粕,乌拉圭,2022/23,exports,0.007
豆粕,伊朗,2022/23,exports,0.001
豆粕,印度,2022/23,exports,1.871
豆粕,印度尼西亚,2022/23,exports,0
豆粕,越南,2022/23,exports,0.086
豆粕,智利,2022/23,exports,0.002
豆粕,中国,2022/23,exports,0.795
豆粕,中国台湾,2022/23,exports,0.021
豆粕,Australia,2022/23,exports,0.001
豆粕,Azerbaijan,2022/23,exports,0
豆粕,Barbados,2022/23,exports,0
豆粕,Belarus,2022/23,exports,0.3
豆粕,Benin,2022/23,exports,0.004
豆粕,Bosnia and Herzegovina,2022/23,exports,0.006
豆粕,Burma,2022/23,exports,0
豆粕,Cambodia,2022/23,exports,0
豆粕,Costa Rica,2022/23,exports,0
豆粕,Cote d'Ivoire,2022/23,exports,0.004
豆粕,Cuba,2022/23,exports,0
豆粕,Dominican Republic,2022/23,exports,0
豆粕,Ecuador,2022/23,exports,0
豆粕,El Salvador,2022/23,exports,0.001
豆粕,Ethiopia,2022/23,exports,0.048
豆粕,Georgia,2022/23,exports,0.03
豆粕,Ghana,2022/23,exports,0.002
豆粕,Guatemala,2022/23,exports,0.002
豆粕,Guyana,2022/23,exports,0
豆粕,Honduras,2022/23,exports,0.022
豆粕,Iraq,2022/23,exports,0
豆粕,Israel,2022/23,exports,0
豆粕,Jamaica,2022/23,exports,0
豆粕,Jordan,2022/23,exports,0
豆粕,Kazakhstan,2022/23,exports,0.039
豆粕,Kenya,2022/23,exports,0
豆粕,"Korea, North",2022/23,exports,0
豆粕,Lebanon,2022/23,exports,0.02
豆粕,Libya,2022/23,exports,0
豆粕,New Zealand,2022/23,exports,0
豆粕,Nicaragua,2022/23,exports,0.007
豆粕,Nigeria,2022/23,exports,0.236
豆粕,North Macedonia,2022/23,exports,0
豆粕,Norway,2022/23,exports,0.18
豆粕,Panama,2022/23,exports,0
豆粕,Serbia,2022/23,exports,0.043
豆粕,Singapore,2022/23,exports,0.002
豆粕,Sri Lanka,2022/23,exports,0
豆粕,Switzerland,2022/23,exports,0.002
豆粕,Syria,2022/23,exports,0
豆粕,Trinidad and Tobago,2022/23,exports,0
豆粕,United Arab Emirates,2022/23,exports,0.01
豆粕,United Kingdom,2022/23,exports,0.084
豆粕,Uzbekistan,2022/23,exports,0
豆粕,Yemen,2022/23,exports,0
豆粕,Zambia,2022/23,exports,0.149
豆粕,Zimbabwe,2022/23,exports,0
豆粕,阿尔及利亚,2022/23,imports,0.475
豆粕,阿根廷,2022/23,imports,0.067
豆粕,埃及,2022/23,imports,0.892
豆粕,巴基斯坦,2022/23,imports,0.099
豆粕,巴拉圭,2022/23,imports,0.005
豆粕,巴西,2022/23,imports,0.006
豆粕,玻利维亚,2022/23,imports,0
豆粕,俄罗斯,2022/23,imports,0.1
豆粕,菲律宾,2022/23,imports,2.824
豆粕,哥伦比亚,2022/23,imports,1.603
豆粕,韩国,2022/23,imports,1.492
豆粕,加拿大,2022/23,imports,1.208
豆粕,马来西亚,2022/23,imports,1.346
豆粕,美国,2022/23,imports,0.575
豆粕,孟加拉国,2022/23,imports,0.691
豆粕,秘鲁,2022/23,imports,1.511
豆粕,摩洛哥,2022/23,imports,0.686
豆粕,墨西哥,2022/23,imports,1.67
豆粕,南非,2022/23,imports,0.117
豆粕,欧盟,2022/23,imports,15.997
豆粕,日本,2022/23,imports,1.54
豆粕,沙特阿拉伯,2022/23,imports,0.839
豆粕,泰国,2022/23,imports,3.141
豆粕,突尼斯,2022/23,imports,0.093
豆粕,土耳其,2022/23,imports,1.4
豆粕,委内瑞拉,2022/23,imports,0.603
豆粕,乌克兰,2022/23,imports,0.003
豆粕,乌拉圭,2022/23,imports,0.208
豆粕,伊朗,2022/23,imports,1.185
豆粕,印度,2022/23,imports,0.029
豆粕,印度尼西亚,2022/23,imports,5.434
豆粕,越南,2022/23,imports,4.724
豆粕,智利,2022/23,imports,1.01
豆粕,中国,2022/23,imports,0.04
豆粕,中国台湾,2022/23,imports,0.043
豆粕,Australia,2022/23,imports,0.853
豆粕,Azerbaijan,2022/23,imports,0.122
豆粕,Barbados,2022/23,imports,0
豆粕,Belarus,2022/23,imports,0.4
豆粕,Benin,2022/23,imports,0.002
豆粕,Bosnia and Herzegovina,2022/23,imports,0.081
豆粕,Burma,2022/23,imports,0.437
豆粕,Cambodia,2022/23,imports,0.226
豆粕,Costa Rica,2022/23,imports,0.105
豆粕,Cote d'Ivoire,2022/23,imports,0.15
豆粕,Cuba,2022/23,imports,0.1
豆粕,Dominican Republic,2022/23,imports,0.493
豆粕,Ecuador,2022/23,imports,1.771
豆粕,El Salvador,2022/23,imports,0.246
豆粕,Ethiopia,2022/23,imports,0
豆粕,Georgia,2022/23,imports,0.05
豆粕,Ghana,2022/23,imports,0.081
豆粕,Guatemala,2022/23,imports,0.524
豆粕,Guyana,2022/23,imports,0.035
豆粕,Honduras,2022/23,imports,0.333
豆粕,Iraq,2022/23,imports,0.466
豆粕,Israel,2022/23,imports,0.308
豆粕,Jamaica,2022/23,imports,0.127
豆粕,Jordan,2022/23,imports,0.349
豆粕,Kazakhstan,2022/23,imports,0.07
豆粕,Kenya,2022/23,imports,0.047
豆粕,"Korea, North",2022/23,imports,0
豆粕,Lebanon,2022/23,imports,0.221
豆粕,Libya,2022/23,imports,0.279
豆粕,New Zealand,2022/23,imports,0.24
豆粕,Nicaragua,2022/23,imports,0.145
豆粕,Nigeria,2022/23,imports,0.001
豆粕,North Macedonia,2022/23,imports,0.027
豆粕,Norway,2022/23,imports,0.155
豆粕,Panama,2022/23,imports,0.229
豆粕,Serbia,2022/23,imports,0.006
豆粕,Singapore,2022/23,imports,0.019
豆粕,Sri Lanka,2022/23,imports,0.214
豆粕,Switzerland,2022/23,imports,0.223
豆粕,Syria,2022/23,imports,0.069
豆粕,Trinidad and Tobago,2022/23,imports,0.038
豆粕,United Arab Emirates,2022/23,imports,0.25
豆粕,United Kingdom,2022/23,imports,1.762
豆粕,Uzbekistan,2022/23,imports,0.05
豆粕,Yemen,2022/23,imports,0.285
豆粕,Zambia,2022/23,imports,0
豆粕,Zimbabwe,2022/23,imports,0.066
豆粕,阿尔及利亚,2022/23,production,1.053
豆粕,阿根廷,2022/23,production,23.666
豆粕,埃及,2022/23,production,1.738
豆粕,巴基斯坦,2022/23,production,0.507
豆粕,巴拉圭,2022/23,production,2.612
豆粕,巴西,2022/23,production,41.488
豆粕,玻利维亚,2022/23,production,2.593
豆粕,俄罗斯,2022/23,production,4.255
豆粕,菲律宾,2022/23,production,0.062
豆粕,哥伦比亚,2022/23,production,0.354
豆粕,韩国,2022/23,production,0.714
豆粕,加拿大,2022/23,production,1.39
豆粕,马来西亚,2022/23,production,0.366
豆粕,美国,2022/23,production,47.621
豆粕,孟加拉国,2022/23,production,1.184
豆粕,秘鲁,2022/23,production,0.002
豆粕,摩洛哥,2022/23,production,0.029
豆粕,墨西哥,2022/23,production,5.255
豆粕,南非,2022/23,production,1.44
豆粕,欧盟,2022/23,production,11.297
豆粕,日本,2022/23,production,1.962
豆粕,沙特阿拉伯,2022/23,production,0.408
豆粕,泰国,2022/23,production,1.633
豆粕,突尼斯,2022/23,production,0.374
豆粕,土耳其,2022/23,production,1.319
豆粕,委内瑞拉,2022/23,production,0.055
豆粕,乌克兰,2022/23,production,1.185
豆粕,乌拉圭,2022/23,production,0.04
豆粕,伊朗,2022/23,production,2.37
豆粕,印度,2022/23,production,8.24
豆粕,印度尼西亚,2022/23,production,0
豆粕,越南,2022/23,production,0.976
豆粕,智利,2022/23,production,0.051
豆粕,中国,2022/23,production,76.032
豆粕,中国台湾,2022/23,production,1.531
豆粕,Australia,2022/23,production,0.04
豆粕,Azerbaijan,2022/23,production,0
豆粕,Barbados,2022/23,production,0.002
豆粕,Belarus,2022/23,production,0.356
豆粕,Benin,2022/23,production,0.047
豆粕,Bosnia and Herzegovina,2022/23,production,0
豆粕,Burma,2022/23,production,0
豆粕,Cambodia,2022/23,production,0
豆粕,Costa Rica,2022/23,production,0.197
豆粕,Cote d'Ivoire,2022/23,production,0
豆粕,Cuba,2022/23,production,0.005
豆粕,Dominican Republic,2022/23,production,0
豆粕,Ecuador,2022/23,production,0.023
豆粕,El Salvador,2022/23,production,0
豆粕,Ethiopia,2022/23,production,0.048
豆粕,Georgia,2022/23,production,0
豆粕,Ghana,2022/23,production,0.126
豆粕,Guatemala,2022/23,production,0.027
豆粕,Guyana,2022/23,production,0
豆粕,Honduras,2022/23,production,0
豆粕,Iraq,2022/23,production,0.468
豆粕,Israel,2022/23,production,0.218
豆粕,Jamaica,2022/23,production,0
豆粕,Jordan,2022/23,production,0
豆粕,Kazakhstan,2022/23,production,0.171
豆粕,Kenya,2022/23,production,0
豆粕,"Korea, North",2022/23,production,0.094
豆粕,Lebanon,2022/23,production,0.106
豆粕,Libya,2022/23,production,0
豆粕,New Zealand,2022/23,production,0
豆粕,Nicaragua,2022/23,production,0
豆粕,Nigeria,2022/23,production,0.738
豆粕,North Macedonia,2022/23,production,0
豆粕,Norway,2022/23,production,0.291
豆粕,Panama,2022/23,production,0.028
豆粕,Serbia,2022/23,production,0.473
豆粕,Singapore,2022/23,production,0.015
豆粕,Sri Lanka,2022/23,production,0
豆粕,Switzerland,2022/23,production,0.01
豆粕,Syria,2022/23,production,0
豆粕,Trinidad and Tobago,2022/23,production,0
豆粕,United Arab Emirates,2022/23,production,0.047
豆粕,United Kingdom,2022/23,production,0.655
豆粕,Uzbekistan,2022/23,production,0.048
豆粕,Yemen,2022/23,production,0
豆粕,Zambia,2022/23,production,0.291
豆粕,Zimbabwe,2022/23,production,0.059
豆粕,阿尔及利亚,2023/24,consumption,1.7
豆粕,阿根廷,2023/24,consumption,3.5
豆粕,埃及,2023/24,consumption,3
豆粕,巴基斯坦,2023/24,consumption,1.05
豆粕,巴拉圭,2023/24,consumption,0.6
豆粕,巴西,2023/24,consumption,20
豆粕,玻利维亚,2023/24,consumption,0.41
豆粕,俄罗斯,2023/24,consumption,3.9
豆粕,菲律宾,2023/24,consumption,3
豆粕,哥伦比亚,2023/24,consumption,2.15
豆粕,韩国,2023/24,consumption,2.325
豆粕,加拿大,2023/24,consumption,2.35
豆粕,马来西亚,2023/24,consumption,1.625
豆粕,美国,2023/24,consumption,35.068
豆粕,孟加拉国,2023/24,consumption,2.504
豆粕,秘鲁,2023/24,consumption,1.65
豆粕,摩洛哥,2023/24,consumption,0.625
豆粕,墨西哥,2023/24,consumption,7.08
豆粕,南非,2023/24,consumption,1.36
豆粕,欧盟,2023/24,consumption,27.042
豆粕,日本,2023/24,consumption,3.521
豆粕,沙特阿拉伯,2023/24,consumption,1.36
豆粕,泰国,2023/24,consumption,4.575
豆粕,突尼斯,2023/24,consumption,0.48
豆粕,土耳其,2023/24,consumption,2.2
豆粕,委内瑞拉,2023/24,consumption,0.8
豆粕,乌克兰,2023/24,consumption,0.65
豆粕,乌拉圭,2023/24,consumption,0.28
豆粕,伊朗,2023/24,consumption,4.81
豆粕,印度,2023/24,consumption,7.075
豆粕,印度尼西亚,2023/24,consumption,5.2
豆粕,越南,2023/24,consumption,6.64
豆粕,智利,2023/24,consumption,1.1
豆粕,中国,2023/24,consumption,77.15
豆粕,中国台湾,2023/24,consumption,1.62
豆粕,Australia,2023/24,consumption,0.89
豆粕,Azerbaijan,2023/24,consumption,0.147
豆粕,Barbados,2023/24,consumption,0.012
豆粕,Belarus,2023/24,consumption,0.49
豆粕,Benin,2023/24,consumption,0.016
豆粕,Bosnia and Herzegovina,2023/24,consumption,0.075
豆粕,Burma,2023/24,consumption,0.225
豆粕,Cambodia,2023/24,consumption,0.215
豆粕,Costa Rica,2023/24,consumption,0.335
豆粕,Cote d'Ivoire,2023/24,consumption,0.175
豆粕,Cuba,2023/24,consumption,0.068
豆粕,Dominican Republic,2023/24,consumption,0.62
豆粕,Ecuador,2023/24,consumption,1.95
豆粕,El Salvador,2023/24,consumption,0.235
豆粕,Ethiopia,2023/24,consumption,0.018
豆粕,Georgia,2023/24,consumption,0.005
豆粕,Ghana,2023/24,consumption,0.27
豆粕,Guatemala,2023/24,consumption,0.6
豆粕,Guyana,2023/24,consumption,0.046
豆粕,Honduras,2023/24,consumption,0.33
豆粕,Iraq,2023/24,consumption,1.15
豆粕,Israel,2023/24,consumption,0.5
豆粕,Jamaica,2023/24,consumption,0.128
豆粕,Jordan,2023/24,consumption,0.45
豆粕,Kazakhstan,2023/24,consumption,0.215
豆粕,Kenya,2023/24,consumption,0.112
豆粕,"Korea, North",2023/24,consumption,0.086
豆粕,Lebanon,2023/24,consumption,0.315
豆粕,Libya,2023/24,consumption,0.27
豆粕,New Zealand,2023/24,consumption,0.355
豆粕,Nicaragua,2023/24,consumption,0.218
豆粕,Nigeria,2023/24,consumption,0.47
豆粕,North Macedonia,2023/24,consumption,0.029
豆粕,Norway,2023/24,consumption,0.28
豆粕,Panama,2023/24,consumption,0.25
豆粕,Serbia,2023/24,consumption,0.46
豆粕,Singapore,2023/24,consumption,0.036
豆粕,Sri Lanka,2023/24,consumption,0.282
豆粕,Switzerland,2023/24,consumption,0.238
豆粕,Syria,2023/24,consumption,0.173
豆粕,Trinidad and Tobago,2023/24,consumption,0.039
豆粕,United Arab Emirates,2023/24,consumption,0.5
豆粕,United Kingdom,2023/24,consumption,2.525
豆粕,Uzbekistan,2023/24,consumption,0.1
豆粕,Yemen,2023/24,consumption,0.29
豆粕,Zambia,2023/24,consumption,0.301
豆粕,Zimbabwe,2023/24,consumption,0.2
豆粕,阿尔及利亚,2023/24,exports,0
豆粕,阿根廷,2023/24,exports,24.891
豆粕,埃及,2023/24,exports,0.012
豆粕,巴基斯坦,2023/24,exports,0.001
豆粕,巴拉圭,2023/24,exports,1.683
豆粕,巴西,2023/24,exports,22.722
豆粕,玻利维亚,2023/24,exports,1.546
豆粕,俄罗斯,2023/24,exports,0.8
豆粕,菲律宾,2023/24,exports,0
豆粕,哥伦比亚,2023/24,exports,0.001
豆粕,韩国,2023/24,exports,0.04
豆粕,加拿大,2023/24,exports,0.327
豆粕,马来西亚,2023/24,exports,0.074
豆粕,美国,2023/24,exports,14.564
豆粕,孟加拉国,2023/24,exports,0
豆粕,秘鲁,2023/24,exports,0
豆粕,摩洛哥,2023/24,exports,0
豆粕,墨西哥,2023/24,exports,0.004
豆粕,南非,2023/24,exports,0.218
豆粕,欧盟,2023/24,exports,0.651
豆粕,日本,2023/24,exports,0.001
豆粕,沙特阿拉伯,2023/24,exports,0.003
豆粕,泰国,2023/24,exports,0.078
豆粕,突尼斯,2023/24,exports,0.01
豆粕,土耳其,2023/24,exports,1.095
豆粕,委内瑞拉,2023/24,exports,0
豆粕,乌克兰,2023/24,exports,0.7
豆粕,乌拉圭,2023/24,exports,0
豆粕,伊朗,2023/24,exports,0
豆粕,印度,2023/24,exports,1.973
豆粕,印度尼西亚,2023/24,exports,0
豆粕,越南,2023/24,exports,0.082
豆粕,智利,2023/24,exports,0.001
豆粕,中国,2023/24,exports,1.432
豆粕,中国台湾,2023/24,exports,0.05
豆粕,Australia,2023/24,exports,0.001
豆粕,Azerbaijan,2023/24,exports,0
豆粕,Barbados,2023/24,exports,0
豆粕,Belarus,2023/24,exports,0.3
豆粕,Benin,2023/24,exports,0.111
豆粕,Bosnia and Herzegovina,2023/24,exports,0.004
豆粕,Burma,2023/24,exports,0
豆粕,Cambodia,2023/24,exports,0
豆粕,Costa Rica,2023/24,exports,0
豆粕,Cote d'Ivoire,2023/24,exports,0.005
豆粕,Cuba,2023/24,exports,0
豆粕,Dominican Republic,2023/24,exports,0
豆粕,Ecuador,2023/24,exports,0
豆粕,El Salvador,2023/24,exports,0
豆粕,Ethiopia,2023/24,exports,0.03
豆粕,Georgia,2023/24,exports,0.054
豆粕,Ghana,2023/24,exports,0.013
豆粕,Guatemala,2023/24,exports,0
豆粕,Guyana,2023/24,exports,0
豆粕,Honduras,2023/24,exports,0.043
豆粕,Iraq,2023/24,exports,0
豆粕,Israel,2023/24,exports,0
豆粕,Jamaica,2023/24,exports,0
豆粕,Jordan,2023/24,exports,0
豆粕,Kazakhstan,2023/24,exports,0.047
豆粕,Kenya,2023/24,exports,0
豆粕,"Korea, North",2023/24,exports,0
豆粕,Lebanon,2023/24,exports,0.02
豆粕,Libya,2023/24,exports,0
豆粕,New Zealand,2023/24,exports,0
豆粕,Nicaragua,2023/24,exports,0.006
豆粕,Nigeria,2023/24,exports,0.11
豆粕,North Macedonia,2023/24,exports,0
豆粕,Norway,2023/24,exports,0.183
豆粕,Panama,2023/24,exports,0
豆粕,Serbia,2023/24,exports,0.057
豆粕,Singapore,2023/24,exports,0
豆粕,Sri Lanka,2023/24,exports,0.002
豆粕,Switzerland,2023/24,exports,0.002
豆粕,Syria,2023/24,exports,0
豆粕,Trinidad and Tobago,2023/24,exports,0
豆粕,United Arab Emirates,2023/24,exports,0.01
豆粕,United Kingdom,2023/24,exports,0.099
豆粕,Uzbekistan,2023/24,exports,0
豆粕,Yemen,2023/24,exports,0
豆粕,Zambia,2023/24,exports,0.167
豆粕,Zimbabwe,2023/24,exports,0
豆粕,阿尔及利亚,2023/24,imports,0.537
豆粕,阿根廷,2023/24,imports,0.001
豆粕,埃及,2023/24,imports,0.468
豆粕,巴基斯坦,2023/24,imports,0.341
豆粕,巴拉圭,2023/24,imports,0
豆粕,巴西,2023/24,imports,0.018
豆粕,玻利维亚,2023/24,imports,0
豆粕,俄罗斯,2023/24,imports,0.075
豆粕,菲律宾,2023/24,imports,2.967
豆粕,哥伦比亚,2023/24,imports,1.585
豆粕,韩国,2023/24,imports,1.664
豆粕,加拿大,2023/24,imports,1.347
豆粕,马来西亚,2023/24,imports,1.279
豆粕,美国,2023/24,imports,0.623
豆粕,孟加拉国,2023/24,imports,1.061
豆粕,秘鲁,2023/24,imports,1.687
豆粕,摩洛哥,2023/24,imports,0.601
豆粕,墨西哥,2023/24,imports,1.937
豆粕,南非,2023/24,imports,0.227
豆粕,欧盟,2023/24,imports,16.564
豆粕,日本,2023/24,imports,1.822
豆粕,沙特阿拉伯,2023/24,imports,0.989
豆粕,泰国,2023/24,imports,2.77
豆粕,突尼斯,2023/24,imports,0.12
豆粕,土耳其,2023/24,imports,1.554
豆粕,委内瑞拉,2023/24,imports,0.711
豆粕,乌克兰,2023/24,imports,0.004
豆粕,乌拉圭,2023/24,imports,0.173
豆粕,伊朗,2023/24,imports,2.985
豆粕,印度,2023/24,imports,0.029
豆粕,印度尼西亚,2023/24,imports,5.055
豆粕,越南,2023/24,imports,6.033
豆粕,智利,2023/24,imports,1.084
豆粕,中国,2023/24,imports,0.031
豆粕,中国台湾,2023/24,imports,0.081
豆粕,Australia,2023/24,imports,0.847
豆粕,Azerbaijan,2023/24,imports,0.147
豆粕,Barbados,2023/24,imports,0.001
豆粕,Belarus,2023/24,imports,0.4
豆粕,Benin,2023/24,imports,0.002
豆粕,Bosnia and Herzegovina,2023/24,imports,0.079
豆粕,Burma,2023/24,imports,0.213
豆粕,Cambodia,2023/24,imports,0.214
豆粕,Costa Rica,2023/24,imports,0.133
豆粕,Cote d'Ivoire,2023/24,imports,0.184
豆粕,Cuba,2023/24,imports,0.047
豆粕,Dominican Republic,2023/24,imports,0.629
豆粕,Ecuador,2023/24,imports,1.891
豆粕,El Salvador,2023/24,imports,0.234
豆粕,Ethiopia,2023/24,imports,0
豆粕,Georgia,2023/24,imports,0.059
豆粕,Ghana,2023/24,imports,0.151
豆粕,Guatemala,2023/24,imports,0.606
豆粕,Guyana,2023/24,imports,0.046
豆粕,Honduras,2023/24,imports,0.337
豆粕,Iraq,2023/24,imports,0.853
豆粕,Israel,2023/24,imports,0.249
豆粕,Jamaica,2023/24,imports,0.129
豆粕,Jordan,2023/24,imports,0.454
豆粕,Kazakhstan,2023/24,imports,0.074
豆粕,Kenya,2023/24,imports,0.112
豆粕,"Korea, North",2023/24,imports,0
豆粕,Lebanon,2023/24,imports,0.241
豆粕,Libya,2023/24,imports,0.26
豆粕,New Zealand,2023/24,imports,0.363
豆粕,Nicaragua,2023/24,imports,0.224
豆粕,Nigeria,2023/24,imports,0.001
豆粕,North Macedonia,2023/24,imports,0.029
豆粕,Norway,2023/24,imports,0.15
豆粕,Panama,2023/24,imports,0.21
豆粕,Serbia,2023/24,imports,0.008
豆粕,Singapore,2023/24,imports,0.023
豆粕,Sri Lanka,2023/24,imports,0.284
豆粕,Switzerland,2023/24,imports,0.228
豆粕,Syria,2023/24,imports,0.173
豆粕,Trinidad and Tobago,2023/24,imports,0.039
豆粕,United Arab Emirates,2023/24,imports,0.464
豆粕,United Kingdom,2023/24,imports,1.976
豆粕,Uzbekistan,2023/24,imports,0.06
豆粕,Yemen,2023/24,imports,0.267
豆粕,Zambia,2023/24,imports,0
豆粕,Zimbabwe,2023/24,imports,0.085
豆粕,阿尔及利亚,2023/24,production,1.17
豆粕,阿根廷,2023/24,production,28.352
豆粕,埃及,2023/24,production,2.568
豆粕,巴基斯坦,2023/24,production,0.74
豆粕,巴拉圭,2023/24,production,2.271
豆粕,巴西,2023/24,production,41.859
豆粕,玻利维亚,2023/24,production,2.028
豆粕,俄罗斯,2023/24,production,4.65
豆粕,菲律宾,2023/24,production,0.05
豆粕,哥伦比亚,2023/24,production,0.418
豆粕,韩国,2023/24,production,0.666
豆粕,加拿大,2023/24,production,1.327
豆粕,马来西亚,2023/24,production,0.382
豆粕,美国,2023/24,production,49.084
豆粕,孟加拉国,2023/24,production,1.578
豆粕,秘鲁,2023/24,production,0.002
豆粕,摩洛哥,2023/24,production,0.022
豆粕,墨西哥,2023/24,production,5.159
豆粕,南非,2023/24,production,1.36
豆粕,欧盟,2023/24,production,11.455
豆粕,日本,2023/24,production,1.769
豆粕,沙特阿拉伯,2023/24,production,0.291
豆粕,泰国,2023/24,production,1.868
豆粕,突尼斯,2023/24,production,0.366
豆粕,土耳其,2023/24,production,1.785
豆粕,委内瑞拉,2023/24,production,0.102
豆粕,乌克兰,2023/24,production,1.422
豆粕,乌拉圭,2023/24,production,0.12
豆粕,伊朗,2023/24,production,2.133
豆粕,印度,2023/24,production,9.04
豆粕,印度尼西亚,2023/24,production,0
豆粕,越南,2023/24,production,1.093
豆粕,智利,2023/24,production,0.055
豆粕,中国,2023/24,production,78.408
豆粕,中国台湾,2023/24,production,1.587
豆粕,Australia,2023/24,production,0.049
豆粕,Azerbaijan,2023/24,production,0
豆粕,Barbados,2023/24,production,0.011
豆粕,Belarus,2023/24,production,0.395
豆粕,Benin,2023/24,production,0.125
豆粕,Bosnia and Herzegovina,2023/24,production,0
豆粕,Burma,2023/24,production,0
豆粕,Cambodia,2023/24,production,0
豆粕,Costa Rica,2023/24,production,0.197
豆粕,Cote d'Ivoire,2023/24,production,0
豆粕,Cuba,2023/24,production,0.01
豆粕,Dominican Republic,2023/24,production,0
豆粕,Ecuador,2023/24,production,0.01
豆粕,El Salvador,2023/24,production,0
豆粕,Ethiopia,2023/24,production,0.048
豆粕,Georgia,2023/24,production,0
豆粕,Ghana,2023/24,production,0.157
豆粕,Guatemala,2023/24,production,0.027
豆粕,Guyana,2023/24,production,0
豆粕,Honduras,2023/24,production,0
豆粕,Iraq,2023/24,production,0.312
豆粕,Israel,2023/24,production,0.202
豆粕,Jamaica,2023/24,production,0
豆粕,Jordan,2023/24,production,0
豆粕,Kazakhstan,2023/24,production,0.174
豆粕,Kenya,2023/24,production,0
豆粕,"Korea, North",2023/24,production,0.086
豆粕,Lebanon,2023/24,production,0.106
豆粕,Libya,2023/24,production,0
豆粕,New Zealand,2023/24,production,0
豆粕,Nicaragua,2023/24,production,0
豆粕,Nigeria,2023/24,production,0.543
豆粕,North Macedonia,2023/24,production,0
豆粕,Norway,2023/24,production,0.271
豆粕,Panama,2023/24,production,0.029
豆粕,Serbia,2023/24,production,0.512
豆粕,Singapore,2023/24,production,0.013
豆粕,Sri Lanka,2023/24,production,0
豆粕,Switzerland,2023/24,production,0.012
豆粕,Syria,2023/24,production,0
豆粕,Trinidad and Tobago,2023/24,production,0
豆粕,United Arab Emirates,2023/24,production,0.102
豆粕,United Kingdom,2023/24,production,0.662
豆粕,Uzbekistan,2023/24,production,0.04
豆粕,Yemen,2023/24,production,0
豆粕,Zambia,2023/24,production,0.468
豆粕,Zimbabwe,2023/24,production,0.118
豆粕,阿尔及利亚,2024/25,consumption,1.825
豆粕,阿根廷,2024/25,consumption,3.525
豆粕,埃及,2024/25,consumption,3.8
豆粕,巴基斯坦,2024/25,consumption,1.425
豆粕,巴拉圭,2024/25,consumption,0.64
豆粕,巴西,2024/25,consumption,20.5
豆粕,玻利维亚,2024/25,consumption,0.43
豆粕,俄罗斯,2024/25,consumption,4.1
豆粕,菲律宾,2024/25,consumption,3.22
豆粕,哥伦比亚,2024/25,consumption,2.37
豆粕,韩国,2024/25,consumption,2.395
豆粕,加拿大,2024/25,consumption,2.4
豆粕,马来西亚,2024/25,consumption,1.696
豆粕,美国,2024/25,consumption,37.405
豆粕,孟加拉国,2024/25,consumption,2.579
豆粕,秘鲁,2024/25,consumption,1.94
豆粕,摩洛哥,2024/25,consumption,0.72
豆粕,墨西哥,2024/25,consumption,7.45
豆粕,南非,2024/25,consumption,1.37
豆粕,欧盟,2024/25,consumption,31.242
豆粕,日本,2024/25,consumption,3.505
豆粕,沙特阿拉伯,2024/25,consumption,1.65
豆粕,泰国,2024/25,consumption,4.8
豆粕,突尼斯,2024/25,consumption,0.495
豆粕,土耳其,2024/25,consumption,2.4
豆粕,委内瑞拉,2024/25,consumption,0.8
豆粕,乌克兰,2024/25,consumption,0.75
豆粕,乌拉圭,2024/25,consumption,0.33
豆粕,伊朗,2024/25,consumption,5.1
豆粕,印度,2024/25,consumption,7.185
豆粕,印度尼西亚,2024/25,consumption,5.9
豆粕,越南,2024/25,consumption,7.295
豆粕,智利,2024/25,consumption,1.22
豆粕,中国,2024/25,consumption,80.85
豆粕,中国台湾,2024/25,consumption,1.64
豆粕,Australia,2024/25,consumption,0.915
豆粕,Azerbaijan,2024/25,consumption,0.151
豆粕,Barbados,2024/25,consumption,0.017
豆粕,Belarus,2024/25,consumption,0.53
豆粕,Benin,2024/25,consumption,0.144
豆粕,Bosnia and Herzegovina,2024/25,consumption,0.086
豆粕,Burma,2024/25,consumption,0.18
豆粕,Cambodia,2024/25,consumption,0.295
豆粕,Costa Rica,2024/25,consumption,0.36
豆粕,Cote d'Ivoire,2024/25,consumption,0.23
豆粕,Cuba,2024/25,consumption,0.016
豆粕,Dominican Republic,2024/25,consumption,0.62
豆粕,Ecuador,2024/25,consumption,2.05
豆粕,El Salvador,2024/25,consumption,0.265
豆粕,Ethiopia,2024/25,consumption,0.021
豆粕,Georgia,2024/25,consumption,0.018
豆粕,Ghana,2024/25,consumption,0.245
豆粕,Guatemala,2024/25,consumption,0.7
豆粕,Guyana,2024/25,consumption,0.042
豆粕,Honduras,2024/25,consumption,0.375
豆粕,Iraq,2024/25,consumption,1.22
豆粕,Israel,2024/25,consumption,0.485
豆粕,Jamaica,2024/25,consumption,0.12
豆粕,Jordan,2024/25,consumption,0.39
豆粕,Kazakhstan,2024/25,consumption,0.155
豆粕,Kenya,2024/25,consumption,0.125
豆粕,"Korea, North",2024/25,consumption,0.086
豆粕,Lebanon,2024/25,consumption,0.35
豆粕,Libya,2024/25,consumption,0.29
豆粕,New Zealand,2024/25,consumption,0.41
豆粕,Nicaragua,2024/25,consumption,0.251
豆粕,Nigeria,2024/25,consumption,0.54
豆粕,North Macedonia,2024/25,consumption,0.033
豆粕,Norway,2024/25,consumption,0.32
豆粕,Panama,2024/25,consumption,0.265
豆粕,Serbia,2024/25,consumption,0.52
豆粕,Singapore,2024/25,consumption,0.035
豆粕,Sri Lanka,2024/25,consumption,0.298
豆粕,Switzerland,2024/25,consumption,0.27
豆粕,Syria,2024/25,consumption,0.252
豆粕,Trinidad and Tobago,2024/25,consumption,0.038
豆粕,United Arab Emirates,2024/25,consumption,0.45
豆粕,United Kingdom,2024/25,consumption,3.05
豆粕,Uzbekistan,2024/25,consumption,0.105
豆粕,Yemen,2024/25,consumption,0.325
豆粕,Zambia,2024/25,consumption,0.091
豆粕,Zimbabwe,2024/25,consumption,0.245
豆粕,阿尔及利亚,2024/25,exports,0
豆粕,阿根廷,2024/25,exports,29.78
豆粕,埃及,2024/25,exports,0.02
豆粕,巴基斯坦,2024/25,exports,0.016
豆粕,巴拉圭,2024/25,exports,2.176
豆粕,巴西,2024/25,exports,23.39
豆粕,玻利维亚,2024/25,exports,2.006
豆粕,俄罗斯,2024/25,exports,0.8
豆粕,菲律宾,2024/25,exports,0
豆粕,哥伦比亚,2024/25,exports,0.004
豆粕,韩国,2024/25,exports,0.014
豆粕,加拿大,2024/25,exports,0.313
豆粕,马来西亚,2024/25,exports,0.08
豆粕,美国,2024/25,exports,16.396
豆粕,孟加拉国,2024/25,exports,0.004
豆粕,秘鲁,2024/25,exports,0
豆粕,摩洛哥,2024/25,exports,0.001
豆粕,墨西哥,2024/25,exports,0
豆粕,南非,2024/25,exports,0.235
豆粕,欧盟,2024/25,exports,0.652
豆粕,日本,2024/25,exports,0.001
豆粕,沙特阿拉伯,2024/25,exports,0
豆粕,泰国,2024/25,exports,0.159
豆粕,突尼斯,2024/25,exports,0.01
豆粕,土耳其,2024/25,exports,1.056
豆粕,委内瑞拉,2024/25,exports,0
豆粕,乌克兰,2024/25,exports,1.356
豆粕,乌拉圭,2024/25,exports,0
豆粕,伊朗,2024/25,exports,0
豆粕,印度,2024/25,exports,1.781
豆粕,印度尼西亚,2024/25,exports,0
豆粕,越南,2024/25,exports,0.161
豆粕,智利,2024/25,exports,0
豆粕,中国,2024/25,exports,1.018
豆粕,中国台湾,2024/25,exports,0.086
豆粕,Australia,2024/25,exports,0.001
豆粕,Azerbaijan,2024/25,exports,0
豆粕,Barbados,2024/25,exports,0
豆粕,Belarus,2024/25,exports,0.3
豆粕,Benin,2024/25,exports,0.092
豆粕,Bosnia and Herzegovina,2024/25,exports,0.013
豆粕,Burma,2024/25,exports,0
豆粕,Cambodia,2024/25,exports,0
豆粕,Costa Rica,2024/25,exports,0
豆粕,Cote d'Ivoire,2024/25,exports,0.012
豆粕,Cuba,2024/25,exports,0
豆粕,Dominican Republic,2024/25,exports,0
豆粕,Ecuador,2024/25,exports,0
豆粕,El Salvador,2024/25,exports,0
豆粕,Ethiopia,2024/25,exports,0.075
豆粕,Georgia,2024/25,exports,0.039
豆粕,Ghana,2024/25,exports,0.233
豆粕,Guatemala,2024/25,exports,0
豆粕,Guyana,2024/25,exports,0
豆粕,Honduras,2024/25,exports,0.055
豆粕,Iraq,2024/25,exports,0
豆粕,Israel,2024/25,exports,0
豆粕,Jamaica,2024/25,exports,0
豆粕,Jordan,2024/25,exports,0
豆粕,Kazakhstan,2024/25,exports,0.04
豆粕,Kenya,2024/25,exports,0
豆粕,"Korea, North",2024/25,exports,0
豆粕,Lebanon,2024/25,exports,0.01
豆粕,Libya,2024/25,exports,0
豆粕,New Zealand,2024/25,exports,0
豆粕,Nicaragua,2024/25,exports,0.006
豆粕,Nigeria,2024/25,exports,0.12
豆粕,North Macedonia,2024/25,exports,0
豆粕,Norway,2024/25,exports,0.168
豆粕,Panama,2024/25,exports,0
豆粕,Serbia,2024/25,exports,0.032
豆粕,Singapore,2024/25,exports,0
豆粕,Sri Lanka,2024/25,exports,0.003
豆粕,Switzerland,2024/25,exports,0.001
豆粕,Syria,2024/25,exports,0
豆粕,Trinidad and Tobago,2024/25,exports,0
豆粕,United Arab Emirates,2024/25,exports,0.01
豆粕,United Kingdom,2024/25,exports,0.087
豆粕,Uzbekistan,2024/25,exports,0
豆粕,Yemen,2024/25,exports,0
豆粕,Zambia,2024/25,exports,0.05
豆粕,Zimbabwe,2024/25,exports,0
豆粕,阿尔及利亚,2024/25,imports,0.598
豆粕,阿根廷,2024/25,imports,0.279
豆粕,埃及,2024/25,imports,0.395
豆粕,巴基斯坦,2024/25,imports,0.064
豆粕,巴拉圭,2024/25,imports,0
豆粕,巴西,2024/25,imports,0.005
豆粕,玻利维亚,2024/25,imports,0
豆粕,俄罗斯,2024/25,imports,0.075
豆粕,菲律宾,2024/25,imports,3.189
豆粕,哥伦比亚,2024/25,imports,2.03
豆粕,韩国,2024/25,imports,1.725
豆粕,加拿大,2024/25,imports,1.448
豆粕,马来西亚,2024/25,imports,1.426
豆粕,美国,2024/25,imports,0.732
豆粕,孟加拉国,2024/25,imports,0.998
豆粕,秘鲁,2024/25,imports,1.965
豆粕,摩洛哥,2024/25,imports,0.771
豆粕,墨西哥,2024/25,imports,2.345
豆粕,南非,2024/25,imports,0.075
豆粕,欧盟,2024/25,imports,20.609
豆粕,日本,2024/25,imports,1.621
豆粕,沙特阿拉伯,2024/25,imports,1.804
豆粕,泰国,2024/25,imports,2.939
豆粕,突尼斯,2024/25,imports,0.158
豆粕,土耳其,2024/25,imports,1.35
豆粕,委内瑞拉,2024/25,imports,0.737
豆粕,乌克兰,2024/25,imports,0.003
豆粕,乌拉圭,2024/25,imports,0.181
豆粕,伊朗,2024/25,imports,2.805
豆粕,印度,2024/25,imports,0.01
豆粕,印度尼西亚,2024/25,imports,6.179
豆粕,越南,2024/25,imports,5.703
豆粕,智利,2024/25,imports,1.125
豆粕,中国,2024/25,imports,0.045
豆粕,中国台湾,2024/25,imports,0.034
豆粕,Australia,2024/25,imports,0.896
豆粕,Azerbaijan,2024/25,imports,0.151
豆粕,Barbados,2024/25,imports,0.004
豆粕,Belarus,2024/25,imports,0.4
豆粕,Benin,2024/25,imports,0.002
豆粕,Bosnia and Herzegovina,2024/25,imports,0.099
豆粕,Burma,2024/25,imports,0.152
豆粕,Cambodia,2024/25,imports,0.3
豆粕,Costa Rica,2024/25,imports,0.164
豆粕,Cote d'Ivoire,2024/25,imports,0.25
豆粕,Cuba,2024/25,imports,0.016
豆粕,Dominican Republic,2024/25,imports,0.62
豆粕,Ecuador,2024/25,imports,2.1
豆粕,El Salvador,2024/25,imports,0.272
豆粕,Ethiopia,2024/25,imports,0
豆粕,Georgia,2024/25,imports,0.057
豆粕,Ghana,2024/25,imports,0.279
豆粕,Guatemala,2024/25,imports,0.673
豆粕,Guyana,2024/25,imports,0.042
豆粕,Honduras,2024/25,imports,0.444
豆粕,Iraq,2024/25,imports,0.392
豆粕,Israel,2024/25,imports,0.311
豆粕,Jamaica,2024/25,imports,0.123
豆粕,Jordan,2024/25,imports,0.387
豆粕,Kazakhstan,2024/25,imports,0.058
豆粕,Kenya,2024/25,imports,0.125
豆粕,"Korea, North",2024/25,imports,0
豆粕,Lebanon,2024/25,imports,0.195
豆粕,Libya,2024/25,imports,0.3
豆粕,New Zealand,2024/25,imports,0.442
豆粕,Nicaragua,2024/25,imports,0.257
豆粕,Nigeria,2024/25,imports,0.001
豆粕,North Macedonia,2024/25,imports,0.033
豆粕,Norway,2024/25,imports,0.205
豆粕,Panama,2024/25,imports,0.246
豆粕,Serbia,2024/25,imports,0.026
豆粕,Singapore,2024/25,imports,0.022
豆粕,Sri Lanka,2024/25,imports,0.301
豆粕,Switzerland,2024/25,imports,0.259
豆粕,Syria,2024/25,imports,0.252
豆粕,Trinidad and Tobago,2024/25,imports,0.038
豆粕,United Arab Emirates,2024/25,imports,0.351
豆粕,United Kingdom,2024/25,imports,2.529
豆粕,Uzbekistan,2024/25,imports,0.07
豆粕,Yemen,2024/25,imports,0.347
豆粕,Zambia,2024/25,imports,0
豆粕,Zimbabwe,2024/25,imports,0.075
豆粕,阿尔及利亚,2024/25,production,1.287
豆粕,阿根廷,2024/25,production,33.508
豆粕,埃及,2024/25,production,3.555
豆粕,巴基斯坦,2024/25,production,1.404
豆粕,巴拉圭,2024/25,production,2.802
豆粕,巴西,2024/25,production,44.383
豆粕,玻利维亚,2024/25,production,2.516
豆粕,俄罗斯,2024/25,production,4.905
豆粕,菲律宾,2024/25,production,0.046
豆粕,哥伦比亚,2024/25,production,0.418
豆粕,韩国,2024/25,production,0.686
豆粕,加拿大,2024/25,production,1.3
豆粕,马来西亚,2024/25,production,0.393
豆粕,美国,2024/25,production,53.019
豆粕,孟加拉国,2024/25,production,1.46
豆粕,秘鲁,2024/25,production,0.002
豆粕,摩洛哥,2024/25,production,0.027
豆粕,墨西哥,2024/25,production,5.255
豆粕,南非,2024/25,production,1.46
豆粕,欧盟,2024/25,production,12.166
豆粕,日本,2024/25,production,1.892
豆粕,沙特阿拉伯,2024/25,production,0.126
豆粕,泰国,2024/25,production,2.102
豆粕,突尼斯,2024/25,production,0.354
豆粕,土耳其,2024/25,production,2.212
豆粕,委内瑞拉,2024/25,production,0.087
豆粕,乌克兰,2024/25,production,2.212
豆粕,乌拉圭,2024/25,production,0.16
豆粕,伊朗,2024/25,production,2.252
豆粕,印度,2024/25,production,9.04
豆粕,印度尼西亚,2024/25,production,0
豆粕,越南,2024/25,production,1.453
豆粕,智利,2024/25,production,0.071
豆粕,中国,2024/25,production,81.972
豆粕,中国台湾,2024/25,production,1.691
豆粕,Australia,2024/25,production,0.034
豆粕,Azerbaijan,2024/25,production,0
豆粕,Barbados,2024/25,production,0.013
豆粕,Belarus,2024/25,production,0.435
豆粕,Benin,2024/25,production,0.234
豆粕,Bosnia and Herzegovina,2024/25,production,0
豆粕,Burma,2024/25,production,0
豆粕,Cambodia,2024/25,production,0
豆粕,Costa Rica,2024/25,production,0.213
豆粕,Cote d'Ivoire,2024/25,production,0
豆粕,Cuba,2024/25,production,0
豆粕,Dominican Republic,2024/25,production,0
豆粕,Ecuador,2024/25,production,0.02
豆粕,El Salvador,2024/25,production,0
豆粕,Ethiopia,2024/25,production,0.096
豆粕,Georgia,2024/25,production,0
豆粕,Ghana,2024/25,production,0.177
豆粕,Guatemala,2024/25,production,0.027
豆粕,Guyana,2024/25,production,0
豆粕,Honduras,2024/25,production,0
豆粕,Iraq,2024/25,production,0.858
豆粕,Israel,2024/25,production,0.186
豆粕,Jamaica,2024/25,production,0
豆粕,Jordan,2024/25,production,0
豆粕,Kazakhstan,2024/25,production,0.155
豆粕,Kenya,2024/25,production,0
豆粕,"Korea, North",2024/25,production,0.086
豆粕,Lebanon,2024/25,production,0.165
豆粕,Libya,2024/25,production,0
豆粕,New Zealand,2024/25,production,0
豆粕,Nicaragua,2024/25,production,0
豆粕,Nigeria,2024/25,production,0.738
豆粕,North Macedonia,2024/25,production,0
豆粕,Norway,2024/25,production,0.314
豆粕,Panama,2024/25,production,0.031
豆粕,Serbia,2024/25,production,0.532
豆粕,Singapore,2024/25,production,0.013
豆粕,Sri Lanka,2024/25,production,0
豆粕,Switzerland,2024/25,production,0.012
豆粕,Syria,2024/25,production,0
豆粕,Trinidad and Tobago,2024/25,production,0
豆粕,United Arab Emirates,2024/25,production,0.082
豆粕,United Kingdom,2024/25,production,0.739
豆粕,Uzbekistan,2024/25,production,0.037
豆粕,Yemen,2024/25,production,0
豆粕,Zambia,2024/25,production,0.141
豆粕,Zimbabwe,2024/25,production,0.18
豆粕,阿尔及利亚,2025/26,consumption,1.9
豆粕,阿根廷,2025/26,consumption,3.6
豆粕,埃及,2025/26,consumption,4.05
豆粕,巴基斯坦,2025/26,consumption,2.25
豆粕,巴拉圭,2025/26,consumption,0.67
豆粕,巴西,2025/26,consumption,21.8
豆粕,玻利维亚,2025/26,consumption,0.45
豆粕,俄罗斯,2025/26,consumption,4.3
豆粕,菲律宾,2025/26,consumption,3.33
豆粕,哥伦比亚,2025/26,consumption,2.75
豆粕,韩国,2025/26,consumption,2.4
豆粕,加拿大,2025/26,consumption,2.24
豆粕,马来西亚,2025/26,consumption,1.725
豆粕,美国,2025/26,consumption,39.485
豆粕,孟加拉国,2025/26,consumption,2.979
豆粕,秘鲁,2025/26,consumption,2.015
豆粕,摩洛哥,2025/26,consumption,0.915
豆粕,墨西哥,2025/26,consumption,8.09
豆粕,南非,2025/26,consumption,1.57
豆粕,欧盟,2025/26,consumption,30.942
豆粕,日本,2025/26,consumption,3.465
豆粕,沙特阿拉伯,2025/26,consumption,1.7
豆粕,泰国,2025/26,consumption,5.15
豆粕,突尼斯,2025/26,consumption,0.51
豆粕,土耳其,2025/26,consumption,2.75
豆粕,委内瑞拉,2025/26,consumption,1
豆粕,乌克兰,2025/26,consumption,0.81
豆粕,乌拉圭,2025/26,consumption,0.36
豆粕,伊朗,2025/26,consumption,4.7
豆粕,印度,2025/26,consumption,7.13
豆粕,印度尼西亚,2025/26,consumption,6.35
豆粕,越南,2025/26,consumption,8.095
豆粕,智利,2025/26,consumption,1.3
豆粕,中国,2025/26,consumption,85.15
豆粕,中国台湾,2025/26,consumption,1.69
豆粕,Australia,2025/26,consumption,0.99
豆粕,Azerbaijan,2025/26,consumption,0.18
豆粕,Barbados,2025/26,consumption,0.016
豆粕,Belarus,2025/26,consumption,0.58
豆粕,Benin,2025/26,consumption,0.146
豆粕,Bosnia and Herzegovina,2025/26,consumption,0.085
豆粕,Burma,2025/26,consumption,0.2
豆粕,Cambodia,2025/26,consumption,0.31
豆粕,Costa Rica,2025/26,consumption,0.385
豆粕,Cote d'Ivoire,2025/26,consumption,0.26
豆粕,Cuba,2025/26,consumption,0.062
豆粕,Dominican Republic,2025/26,consumption,0.8
豆粕,Ecuador,2025/26,consumption,2.18
豆粕,El Salvador,2025/26,consumption,0.28
豆粕,Ethiopia,2025/26,consumption,0.029
豆粕,Georgia,2025/26,consumption,0.025
豆粕,Ghana,2025/26,consumption,0.415
豆粕,Guatemala,2025/26,consumption,0.77
豆粕,Guyana,2025/26,consumption,0.05
豆粕,Honduras,2025/26,consumption,0.45
豆粕,Iraq,2025/26,consumption,1.175
豆粕,Israel,2025/26,consumption,0.53
豆粕,Jamaica,2025/26,consumption,0.15
豆粕,Jordan,2025/26,consumption,0.45
豆粕,Kazakhstan,2025/26,consumption,0.2
豆粕,Kenya,2025/26,consumption,0.15
豆粕,"Korea, North",2025/26,consumption,0.086
豆粕,Lebanon,2025/26,consumption,0.39
豆粕,Libya,2025/26,consumption,0.34
豆粕,New Zealand,2025/26,consumption,0.55
豆粕,Nicaragua,2025/26,consumption,0.294
豆粕,Nigeria,2025/26,consumption,0.64
豆粕,North Macedonia,2025/26,consumption,0.035
豆粕,Norway,2025/26,consumption,0.35
豆粕,Panama,2025/26,consumption,0.3
豆粕,Serbia,2025/26,consumption,0.535
豆粕,Singapore,2025/26,consumption,0.038
豆粕,Sri Lanka,2025/26,consumption,0.35
豆粕,Switzerland,2025/26,consumption,0.26
豆粕,Syria,2025/26,consumption,0.2
豆粕,Trinidad and Tobago,2025/26,consumption,0.06
豆粕,United Arab Emirates,2025/26,consumption,0.45
豆粕,United Kingdom,2025/26,consumption,3.065
豆粕,Uzbekistan,2025/26,consumption,0.105
豆粕,Yemen,2025/26,consumption,0.34
豆粕,Zambia,2025/26,consumption,0.138
豆粕,Zimbabwe,2025/26,consumption,0.255
豆粕,阿尔及利亚,2025/26,exports,0
豆粕,阿根廷,2025/26,exports,29
豆粕,埃及,2025/26,exports,0.01
豆粕,巴基斯坦,2025/26,exports,0.01
豆粕,巴拉圭,2025/26,exports,2
豆粕,巴西,2025/26,exports,25
豆粕,玻利维亚,2025/26,exports,2
豆粕,俄罗斯,2025/26,exports,0.9
豆粕,菲律宾,2025/26,exports,0
豆粕,哥伦比亚,2025/26,exports,0.002
豆粕,韩国,2025/26,exports,0.01
豆粕,加拿大,2025/26,exports,0.33
豆粕,马来西亚,2025/26,exports,0.08
豆粕,美国,2025/26,exports,18.416
豆粕,孟加拉国,2025/26,exports,0.03
豆粕,秘鲁,2025/26,exports,0
豆粕,摩洛哥,2025/26,exports,0
豆粕,墨西哥,2025/26,exports,0.001
豆粕,南非,2025/26,exports,0.2
豆粕,欧盟,2025/26,exports,0.6
豆粕,日本,2025/26,exports,0.001
豆粕,沙特阿拉伯,2025/26,exports,0.002
豆粕,泰国,2025/26,exports,0.125
豆粕,突尼斯,2025/26,exports,0.01
豆粕,土耳其,2025/26,exports,1.3
豆粕,委内瑞拉,2025/26,exports,0
豆粕,乌克兰,2025/26,exports,1.5
豆粕,乌拉圭,2025/26,exports,0.005
豆粕,伊朗,2025/26,exports,0
豆粕,印度,2025/26,exports,0.85
豆粕,印度尼西亚,2025/26,exports,0
豆粕,越南,2025/26,exports,0.06
豆粕,智利,2025/26,exports,0
豆粕,中国,2025/26,exports,1
豆粕,中国台湾,2025/26,exports,0.05
豆粕,Australia,2025/26,exports,0.001
豆粕,Azerbaijan,2025/26,exports,0
豆粕,Barbados,2025/26,exports,0
豆粕,Belarus,2025/26,exports,0.3
豆粕,Benin,2025/26,exports,0.09
豆粕,Bosnia and Herzegovina,2025/26,exports,0.015
豆粕,Burma,2025/26,exports,0
豆粕,Cambodia,2025/26,exports,0
豆粕,Costa Rica,2025/26,exports,0
豆粕,Cote d'Ivoire,2025/26,exports,0.01
豆粕,Cuba,2025/26,exports,0
豆粕,Dominican Republic,2025/26,exports,0
豆粕,Ecuador,2025/26,exports,0
豆粕,El Salvador,2025/26,exports,0
豆粕,Ethiopia,2025/26,exports,0.075
豆粕,Georgia,2025/26,exports,0.04
豆粕,Ghana,2025/26,exports,0.01
豆粕,Guatemala,2025/26,exports,0
豆粕,Guyana,2025/26,exports,0
豆粕,Honduras,2025/26,exports,0.05
豆粕,Iraq,2025/26,exports,0
豆粕,Israel,2025/26,exports,0
豆粕,Jamaica,2025/26,exports,0
豆粕,Jordan,2025/26,exports,0
豆粕,Kazakhstan,2025/26,exports,0.02
豆粕,Kenya,2025/26,exports,0
豆粕,"Korea, North",2025/26,exports,0
豆粕,Lebanon,2025/26,exports,0.01
豆粕,Libya,2025/26,exports,0
豆粕,New Zealand,2025/26,exports,0
豆粕,Nicaragua,2025/26,exports,0.006
豆粕,Nigeria,2025/26,exports,0.12
豆粕,North Macedonia,2025/26,exports,0
豆粕,Norway,2025/26,exports,0.185
豆粕,Panama,2025/26,exports,0
豆粕,Serbia,2025/26,exports,0.03
豆粕,Singapore,2025/26,exports,0
豆粕,Sri Lanka,2025/26,exports,0
豆粕,Switzerland,2025/26,exports,0.002
豆粕,Syria,2025/26,exports,0
豆粕,Trinidad and Tobago,2025/26,exports,0
豆粕,United Arab Emirates,2025/26,exports,0.01
豆粕,United Kingdom,2025/26,exports,0.1
豆粕,Uzbekistan,2025/26,exports,0
豆粕,Yemen,2025/26,exports,0
豆粕,Zambia,2025/26,exports,0.05
豆粕,Zimbabwe,2025/26,exports,0
豆粕,阿尔及利亚,2025/26,imports,0.15
豆粕,阿根廷,2025/26,imports,0.25
豆粕,埃及,2025/26,imports,0.45
豆粕,巴基斯坦,2025/26,imports,0.05
豆粕,巴拉圭,2025/26,imports,0
豆粕,巴西,2025/26,imports,0.01
豆粕,玻利维亚,2025/26,imports,0
豆粕,俄罗斯,2025/26,imports,0.075
豆粕,菲律宾,2025/26,imports,3.3
豆粕,哥伦比亚,2025/26,imports,2.35
豆粕,韩国,2025/26,imports,1.725
豆粕,加拿大,2025/26,imports,1.45
豆粕,马来西亚,2025/26,imports,1.4
豆粕,美国,2025/26,imports,0.762
豆粕,孟加拉国,2025/26,imports,1.45
豆粕,秘鲁,2025/26,imports,2
豆粕,摩洛哥,2025/26,imports,0.85
豆粕,墨西哥,2025/26,imports,2.7
豆粕,南非,2025/26,imports,0.3
豆粕,欧盟,2025/26,imports,19.6
豆粕,日本,2025/26,imports,1.7
豆粕,沙特阿拉伯,2025/26,imports,1.4
豆粕,泰国,2025/26,imports,3
豆粕,突尼斯,2025/26,imports,0.15
豆粕,土耳其,2025/26,imports,1.95
豆粕,委内瑞拉,2025/26,imports,0.9
豆粕,乌克兰,2025/26,imports,0.002
豆粕,乌拉圭,2025/26,imports,0.3
豆粕,伊朗,2025/26,imports,2.6
豆粕,印度,2025/26,imports,0.05
豆粕,印度尼西亚,2025/26,imports,6.4
豆粕,越南,2025/26,imports,6.55
豆粕,智利,2025/26,imports,1.25
豆粕,中国,2025/26,imports,0.15
豆粕,中国台湾,2025/26,imports,0.04
豆粕,Australia,2025/26,imports,0.96
豆粕,Azerbaijan,2025/26,imports,0.18
豆粕,Barbados,2025/26,imports,0.004
豆粕,Belarus,2025/26,imports,0.4
豆粕,Benin,2025/26,imports,0.002
豆粕,Bosnia and Herzegovina,2025/26,imports,0.1
豆粕,Burma,2025/26,imports,0.225
豆粕,Cambodia,2025/26,imports,0.31
豆粕,Costa Rica,2025/26,imports,0.18
豆粕,Cote d'Ivoire,2025/26,imports,0.27
豆粕,Cuba,2025/26,imports,0.05
豆粕,Dominican Republic,2025/26,imports,0.8
豆粕,Ecuador,2025/26,imports,2.2
豆粕,El Salvador,2025/26,imports,0.28
豆粕,Ethiopia,2025/26,imports,0
豆粕,Georgia,2025/26,imports,0.065
豆粕,Ghana,2025/26,imports,0.3
豆粕,Guatemala,2025/26,imports,0.75
豆粕,Guyana,2025/26,imports,0.05
豆粕,Honduras,2025/26,imports,0.5
豆粕,Iraq,2025/26,imports,0.5
豆粕,Israel,2025/26,imports,0.32
豆粕,Jamaica,2025/26,imports,0.15
豆粕,Jordan,2025/26,imports,0.45
豆粕,Kazakhstan,2025/26,imports,0.1
豆粕,Kenya,2025/26,imports,0.15
豆粕,"Korea, North",2025/26,imports,0
豆粕,Lebanon,2025/26,imports,0.25
豆粕,Libya,2025/26,imports,0.34
豆粕,New Zealand,2025/26,imports,0.55
豆粕,Nicaragua,2025/26,imports,0.3
豆粕,Nigeria,2025/26,imports,0.001
豆粕,North Macedonia,2025/26,imports,0.035
豆粕,Norway,2025/26,imports,0.2
豆粕,Panama,2025/26,imports,0.265
豆粕,Serbia,2025/26,imports,0.03
豆粕,Singapore,2025/26,imports,0.025
豆粕,Sri Lanka,2025/26,imports,0.35
豆粕,Switzerland,2025/26,imports,0.25
豆粕,Syria,2025/26,imports,0.2
豆粕,Trinidad and Tobago,2025/26,imports,0.06
豆粕,United Arab Emirates,2025/26,imports,0.375
豆粕,United Kingdom,2025/26,imports,2.5
豆粕,Uzbekistan,2025/26,imports,0.07
豆粕,Yemen,2025/26,imports,0.35
豆粕,Zambia,2025/26,imports,0
豆粕,Zimbabwe,2025/26,imports,0.08
豆粕,阿尔及利亚,2025/26,production,1.736
豆粕,阿根廷,2025/26,production,32.34
豆粕,埃及,2025/26,production,3.634
豆粕,巴基斯坦,2025/26,production,2.262
豆粕,巴拉圭,2025/26,production,2.726
豆粕,巴西,2025/26,production,47.478
豆粕,玻利维亚,2025/26,production,2.418
豆粕,俄罗斯,2025/26,production,5.201
豆粕,菲律宾,2025/26,production,0.054
豆粕,哥伦比亚,2025/26,production,0.418
豆粕,韩国,2025/26,production,0.685
豆粕,加拿大,2025/26,production,1.116
豆粕,马来西亚,2025/26,production,0.405
豆粕,美国,2025/26,production,57.186
豆粕,孟加拉国,2025/26,production,1.814
豆粕,秘鲁,2025/26,production,0.002
豆粕,摩洛哥,2025/26,production,0.039
豆粕,墨西哥,2025/26,production,5.411
豆粕,南非,2025/26,production,1.52
豆粕,欧盟,2025/26,production,11.692
豆粕,日本,2025/26,production,1.765
豆粕,沙特阿拉伯,2025/26,production,0.228
豆粕,泰国,2025/26,production,2.336
豆粕,突尼斯,2025/26,production,0.378
豆粕,土耳其,2025/26,production,2.173
豆粕,委内瑞拉,2025/26,production,0.102
豆粕,乌克兰,2025/26,production,2.291
豆粕,乌拉圭,2025/26,production,0.08
豆粕,伊朗,2025/26,production,1.975
豆粕,印度,2025/26,production,7.82
豆粕,印度尼西亚,2025/26,production,0
豆粕,越南,2025/26,production,1.717
豆粕,智利,2025/26,production,0.075
豆粕,中国,2025/26,production,86.328
豆粕,中国台湾,2025/26,production,1.712
豆粕,Australia,2025/26,production,0.032
豆粕,Azerbaijan,2025/26,production,0
豆粕,Barbados,2025/26,production,0.012
豆粕,Belarus,2025/26,production,0.474
豆粕,Benin,2025/26,production,0.234
豆粕,Bosnia and Herzegovina,2025/26,production,0
豆粕,Burma,2025/26,production,0
豆粕,Cambodia,2025/26,production,0
豆粕,Costa Rica,2025/26,production,0.213
豆粕,Cote d'Ivoire,2025/26,production,0
豆粕,Cuba,2025/26,production,0.012
豆粕,Dominican Republic,2025/26,production,0
豆粕,Ecuador,2025/26,production,0.015
豆粕,El Salvador,2025/26,production,0
豆粕,Ethiopia,2025/26,production,0.104
豆粕,Georgia,2025/26,production,0
豆粕,Ghana,2025/26,production,0.157
豆粕,Guatemala,2025/26,production,0.027
豆粕,Guyana,2025/26,production,0
豆粕,Honduras,2025/26,production,0
豆粕,Iraq,2025/26,production,0.605
豆粕,Israel,2025/26,production,0.225
豆粕,Jamaica,2025/26,production,0
豆粕,Jordan,2025/26,production,0
豆粕,Kazakhstan,2025/26,production,0.124
豆粕,Kenya,2025/26,production,0
豆粕,"Korea, North",2025/26,production,0.086
豆粕,Lebanon,2025/26,production,0.157
豆粕,Libya,2025/26,production,0
豆粕,New Zealand,2025/26,production,0
豆粕,Nicaragua,2025/26,production,0
豆粕,Nigeria,2025/26,production,0.758
豆粕,North Macedonia,2025/26,production,0
豆粕,Norway,2025/26,production,0.334
豆粕,Panama,2025/26,production,0.039
豆粕,Serbia,2025/26,production,0.532
豆粕,Singapore,2025/26,production,0.013
豆粕,Sri Lanka,2025/26,production,0
豆粕,Switzerland,2025/26,production,0.012
豆粕,Syria,2025/26,production,0
豆粕,Trinidad and Tobago,2025/26,production,0
豆粕,United Arab Emirates,2025/26,production,0.056
豆粕,United Kingdom,2025/26,production,0.681
豆粕,Uzbekistan,2025/26,production,0.044
豆粕,Yemen,2025/26,production,0
豆粕,Zambia,2025/26,production,0.188
豆粕,Zimbabwe,2025/26,production,0.18
豆粕,阿尔及利亚,2026/27,consumption,2
豆粕,阿根廷,2026/27,consumption,3.65
豆粕,埃及,2026/27,consumption,4.55
豆粕,巴基斯坦,2026/27,consumption,2.575
豆粕,巴拉圭,2026/27,consumption,0.7
豆粕,巴西,2026/27,consumption,23
豆粕,玻利维亚,2026/27,consumption,0.475
豆粕,俄罗斯,2026/27,consumption,4.35
豆粕,菲律宾,2026/27,consumption,3.47
豆粕,哥伦比亚,2026/27,consumption,2.95
豆粕,韩国,2026/27,consumption,2.45
豆粕,加拿大,2026/27,consumption,2.345
豆粕,马来西亚,2026/27,consumption,1.8
豆粕,美国,2026/27,consumption,39.757
豆粕,孟加拉国,2026/27,consumption,3.279
豆粕,秘鲁,2026/27,consumption,2.125
豆粕,摩洛哥,2026/27,consumption,0.96
豆粕,墨西哥,2026/27,consumption,8.45
豆粕,南非,2026/27,consumption,1.63
豆粕,欧盟,2026/27,consumption,31.042
豆粕,日本,2026/27,consumption,3.525
豆粕,沙特阿拉伯,2026/27,consumption,1.77
豆粕,泰国,2026/27,consumption,5.45
豆粕,突尼斯,2026/27,consumption,0.53
豆粕,土耳其,2026/27,consumption,3.025
豆粕,委内瑞拉,2026/27,consumption,1.07
豆粕,乌克兰,2026/27,consumption,0.79
豆粕,乌拉圭,2026/27,consumption,0.4
豆粕,伊朗,2026/27,consumption,4.45
豆粕,印度,2026/27,consumption,7.1
豆粕,印度尼西亚,2026/27,consumption,6.78
豆粕,越南,2026/27,consumption,8.8
豆粕,智利,2026/27,consumption,1.375
豆粕,中国,2026/27,consumption,86.75
豆粕,中国台湾,2026/27,consumption,1.735
豆粕,Australia,2026/27,consumption,1.015
豆粕,Azerbaijan,2026/27,consumption,0.19
豆粕,Barbados,2026/27,consumption,0.017
豆粕,Belarus,2026/27,consumption,0.61
豆粕,Benin,2026/27,consumption,0.146
豆粕,Bosnia and Herzegovina,2026/27,consumption,0.085
豆粕,Burma,2026/27,consumption,0.285
豆粕,Cambodia,2026/27,consumption,0.32
豆粕,Costa Rica,2026/27,consumption,0.425
豆粕,Cote d'Ivoire,2026/27,consumption,0.275
豆粕,Cuba,2026/27,consumption,0.062
豆粕,Dominican Republic,2026/27,consumption,0.895
豆粕,Ecuador,2026/27,consumption,2.35
豆粕,El Salvador,2026/27,consumption,0.3
豆粕,Ethiopia,2026/27,consumption,0.034
豆粕,Georgia,2026/27,consumption,0.025
豆粕,Ghana,2026/27,consumption,0.44
豆粕,Guatemala,2026/27,consumption,0.82
豆粕,Guyana,2026/27,consumption,0.06
豆粕,Honduras,2026/27,consumption,0.5
豆粕,Iraq,2026/27,consumption,1.2
豆粕,Israel,2026/27,consumption,0.55
豆粕,Jamaica,2026/27,consumption,0.19
豆粕,Jordan,2026/27,consumption,0.49
豆粕,Kazakhstan,2026/27,consumption,0.24
豆粕,Kenya,2026/27,consumption,0.175
豆粕,"Korea, North",2026/27,consumption,0.086
豆粕,Lebanon,2026/27,consumption,0.37
豆粕,Libya,2026/27,consumption,0.34
豆粕,New Zealand,2026/27,consumption,0.58
豆粕,Nicaragua,2026/27,consumption,0.324
豆粕,Nigeria,2026/27,consumption,0.65
豆粕,North Macedonia,2026/27,consumption,0.035
豆粕,Norway,2026/27,consumption,0.375
豆粕,Panama,2026/27,consumption,0.31
豆粕,Serbia,2026/27,consumption,0.55
豆粕,Singapore,2026/27,consumption,0.038
豆粕,Sri Lanka,2026/27,consumption,0.38
豆粕,Switzerland,2026/27,consumption,0.26
豆粕,Syria,2026/27,consumption,0.2
豆粕,Trinidad and Tobago,2026/27,consumption,0.065
豆粕,United Arab Emirates,2026/27,consumption,0.425
豆粕,United Kingdom,2026/27,consumption,3.2
豆粕,Uzbekistan,2026/27,consumption,0.13
豆粕,Yemen,2026/27,consumption,0.365
豆粕,Zambia,2026/27,consumption,0.169
豆粕,Zimbabwe,2026/27,consumption,0.27
豆粕,阿尔及利亚,2026/27,exports,0
豆粕,阿根廷,2026/27,exports,29.4
豆粕,埃及,2026/27,exports,0.01
豆粕,巴基斯坦,2026/27,exports,0.01
豆粕,巴拉圭,2026/27,exports,2
豆粕,巴西,2026/27,exports,26.9
豆粕,玻利维亚,2026/27,exports,2.025
豆粕,俄罗斯,2026/27,exports,0.75
豆粕,菲律宾,2026/27,exports,0
豆粕,哥伦比亚,2026/27,exports,0.002
豆粕,韩国,2026/27,exports,0.01
豆粕,加拿大,2026/27,exports,0.35
豆粕,马来西亚,2026/27,exports,0.085
豆粕,美国,2026/27,exports,19.958
豆粕,孟加拉国,2026/27,exports,0
豆粕,秘鲁,2026/27,exports,0
豆粕,摩洛哥,2026/27,exports,0
豆粕,墨西哥,2026/27,exports,0.001
豆粕,南非,2026/27,exports,0.225
豆粕,欧盟,2026/27,exports,0.6
豆粕,日本,2026/27,exports,0.001
豆粕,沙特阿拉伯,2026/27,exports,0.002
豆粕,泰国,2026/27,exports,0.15
豆粕,突尼斯,2026/27,exports,0.01
豆粕,土耳其,2026/27,exports,1.1
豆粕,委内瑞拉,2026/27,exports,0
豆粕,乌克兰,2026/27,exports,1.5
豆粕,乌拉圭,2026/27,exports,0
豆粕,伊朗,2026/27,exports,0
豆粕,印度,2026/27,exports,1
豆粕,印度尼西亚,2026/27,exports,0
豆粕,越南,2026/27,exports,0.05
豆粕,智利,2026/27,exports,0
豆粕,中国,2026/27,exports,1.1
豆粕,中国台湾,2026/27,exports,0.05
豆粕,Australia,2026/27,exports,0.001
豆粕,Azerbaijan,2026/27,exports,0
豆粕,Barbados,2026/27,exports,0
豆粕,Belarus,2026/27,exports,0.3
豆粕,Benin,2026/27,exports,0.09
豆粕,Bosnia and Herzegovina,2026/27,exports,0.015
豆粕,Burma,2026/27,exports,0
豆粕,Cambodia,2026/27,exports,0
豆粕,Costa Rica,2026/27,exports,0
豆粕,Cote d'Ivoire,2026/27,exports,0.01
豆粕,Cuba,2026/27,exports,0
豆粕,Dominican Republic,2026/27,exports,0
豆粕,Ecuador,2026/27,exports,0
豆粕,El Salvador,2026/27,exports,0
豆粕,Ethiopia,2026/27,exports,0.07
豆粕,Georgia,2026/27,exports,0.04
豆粕,Ghana,2026/27,exports,0.01
豆粕,Guatemala,2026/27,exports,0
豆粕,Guyana,2026/27,exports,0
豆粕,Honduras,2026/27,exports,0.05
豆粕,Iraq,2026/27,exports,0
豆粕,Israel,2026/27,exports,0
豆粕,Jamaica,2026/27,exports,0
豆粕,Jordan,2026/27,exports,0
豆粕,Kazakhstan,2026/27,exports,0.02
豆粕,Kenya,2026/27,exports,0
豆粕,"Korea, North",2026/27,exports,0
豆粕,Lebanon,2026/27,exports,0.01
豆粕,Libya,2026/27,exports,0
豆粕,New Zealand,2026/27,exports,0
豆粕,Nicaragua,2026/27,exports,0.006
豆粕,Nigeria,2026/27,exports,0.12
豆粕,North Macedonia,2026/27,exports,0
豆粕,Norway,2026/27,exports,0.185
豆粕,Panama,2026/27,exports,0
豆粕,Serbia,2026/27,exports,0.025
豆粕,Singapore,2026/27,exports,0
豆粕,Sri Lanka,2026/27,exports,0
豆粕,Switzerland,2026/27,exports,0.002
豆粕,Syria,2026/27,exports,0
豆粕,Trinidad and Tobago,2026/27,exports,0
豆粕,United Arab Emirates,2026/27,exports,0.01
豆粕,United Kingdom,2026/27,exports,0.1
豆粕,Uzbekistan,2026/27,exports,0
豆粕,Yemen,2026/27,exports,0
豆粕,Zambia,2026/27,exports,0.05
豆粕,Zimbabwe,2026/27,exports,0
豆粕,阿尔及利亚,2026/27,imports,0.15
豆粕,阿根廷,2026/27,imports,0.12
豆粕,埃及,2026/27,imports,0.65
豆粕,巴基斯坦,2026/27,imports,0.05
豆粕,巴拉圭,2026/27,imports,0
豆粕,巴西,2026/27,imports,0.01
豆粕,玻利维亚,2026/27,imports,0
豆粕,俄罗斯,2026/27,imports,0.075
豆粕,菲律宾,2026/27,imports,3.45
豆粕,哥伦比亚,2026/27,imports,2.55
豆粕,韩国,2026/27,imports,1.75
豆粕,加拿大,2026/27,imports,1.5
豆粕,马来西亚,2026/27,imports,1.5
豆粕,美国,2026/27,imports,0.762
豆粕,孟加拉国,2026/27,imports,1.35
豆粕,秘鲁,2026/27,imports,2.125
豆粕,摩洛哥,2026/27,imports,0.925
豆粕,墨西哥,2026/27,imports,3
豆粕,南非,2026/27,imports,0.275
豆粕,欧盟,2026/27,imports,20.2
豆粕,日本,2026/27,imports,1.725
豆粕,沙特阿拉伯,2026/27,imports,1.525
豆粕,泰国,2026/27,imports,3.25
豆粕,突尼斯,2026/27,imports,0.15
豆粕,土耳其,2026/27,imports,1.75
豆粕,委内瑞拉,2026/27,imports,0.975
豆粕,乌克兰,2026/27,imports,0.002
豆粕,乌拉圭,2026/27,imports,0.26
豆粕,伊朗,2026/27,imports,2.6
豆粕,印度,2026/27,imports,0.1
豆粕,印度尼西亚,2026/27,imports,6.8
豆粕,越南,2026/27,imports,6.85
豆粕,智利,2026/27,imports,1.3
豆粕,中国,2026/27,imports,0.1
豆粕,中国台湾,2026/27,imports,0.06
豆粕,Australia,2026/27,imports,0.98
豆粕,Azerbaijan,2026/27,imports,0.19
豆粕,Barbados,2026/27,imports,0.005
豆粕,Belarus,2026/27,imports,0.4
豆粕,Benin,2026/27,imports,0.002
豆粕,Bosnia and Herzegovina,2026/27,imports,0.1
豆粕,Burma,2026/27,imports,0.3
豆粕,Cambodia,2026/27,imports,0.325
豆粕,Costa Rica,2026/27,imports,0.215
豆粕,Cote d'Ivoire,2026/27,imports,0.29
豆粕,Cuba,2026/27,imports,0.05
豆粕,Dominican Republic,2026/27,imports,0.9
豆粕,Ecuador,2026/27,imports,2.35
豆粕,El Salvador,2026/27,imports,0.3
豆粕,Ethiopia,2026/27,imports,0
豆粕,Georgia,2026/27,imports,0.065
豆粕,Ghana,2026/27,imports,0.3
豆粕,Guatemala,2026/27,imports,0.8
豆粕,Guyana,2026/27,imports,0.06
豆粕,Honduras,2026/27,imports,0.57
豆粕,Iraq,2026/27,imports,0.5
豆粕,Israel,2026/27,imports,0.35
豆粕,Jamaica,2026/27,imports,0.19
豆粕,Jordan,2026/27,imports,0.5
豆粕,Kazakhstan,2026/27,imports,0.1
豆粕,Kenya,2026/27,imports,0.175
豆粕,"Korea, North",2026/27,imports,0
豆粕,Lebanon,2026/27,imports,0.2
豆粕,Libya,2026/27,imports,0.34
豆粕,New Zealand,2026/27,imports,0.58
豆粕,Nicaragua,2026/27,imports,0.33
豆粕,Nigeria,2026/27,imports,0.001
豆粕,North Macedonia,2026/27,imports,0.035
豆粕,Norway,2026/27,imports,0.225
豆粕,Panama,2026/27,imports,0.275
豆粕,Serbia,2026/27,imports,0.025
豆粕,Singapore,2026/27,imports,0.025
豆粕,Sri Lanka,2026/27,imports,0.38
豆粕,Switzerland,2026/27,imports,0.25
豆粕,Syria,2026/27,imports,0.2
豆粕,Trinidad and Tobago,2026/27,imports,0.065
豆粕,United Arab Emirates,2026/27,imports,0.375
豆粕,United Kingdom,2026/27,imports,2.6
豆粕,Uzbekistan,2026/27,imports,0.09
豆粕,Yemen,2026/27,imports,0.37
豆粕,Zambia,2026/27,imports,0
豆粕,Zimbabwe,2026/27,imports,0.085
豆粕,阿尔及利亚,2026/27,production,1.911
豆粕,阿根廷,2026/27,production,33.11
豆粕,埃及,2026/27,production,3.95
豆粕,巴基斯坦,2026/27,production,2.574
豆粕,巴拉圭,2026/27,production,2.727
豆粕,巴西,2026/27,production,50.011
豆粕,玻利维亚,2026/27,production,2.535
豆粕,俄罗斯,2026/27,production,5.004
豆粕,菲律宾,2026/27,production,0.054
豆粕,哥伦比亚,2026/27,production,0.449
豆粕,韩国,2026/27,production,0.723
豆粕,加拿大,2026/27,production,1.196
豆粕,马来西亚,2026/27,production,0.408
豆粕,美国,2026/27,production,58.953
豆粕,孟加拉国,2026/27,production,1.913
豆粕,秘鲁,2026/27,production,0
豆粕,摩洛哥,2026/27,production,0.044
豆粕,墨西哥,2026/27,production,5.49
豆粕,南非,2026/27,production,1.6
豆粕,欧盟,2026/27,production,11.455
豆粕,日本,2026/27,production,1.8
豆粕,沙特阿拉伯,2026/27,production,0.247
豆粕,泰国,2026/27,production,2.375
豆粕,突尼斯,2026/27,production,0.398
豆粕,土耳其,2026/27,production,2.406
豆粕,委内瑞拉,2026/27,production,0.105
豆粕,乌克兰,2026/27,production,2.291
豆粕,乌拉圭,2026/27,production,0.12
豆粕,伊朗,2026/27,production,1.738
豆粕,印度,2026/27,production,8
豆粕,印度尼西亚,2026/27,production,0
豆粕,越南,2026/27,production,2.067
豆粕,智利,2026/27,production,0.079
豆粕,中国,2026/27,production,87.912
豆粕,中国台湾,2026/27,production,1.729
豆粕,Australia,2026/27,production,0.036
豆粕,Azerbaijan,2026/27,production,0
豆粕,Barbados,2026/27,production,0.012
豆粕,Belarus,2026/27,production,0.514
豆粕,Benin,2026/27,production,0.234
豆粕,Bosnia and Herzegovina,2026/27,production,0
豆粕,Burma,2026/27,production,0
豆粕,Cambodia,2026/27,production,0
豆粕,Costa Rica,2026/27,production,0.213
豆粕,Cote d'Ivoire,2026/27,production,0
豆粕,Cuba,2026/27,production,0.012
豆粕,Dominican Republic,2026/27,production,0
豆粕,Ecuador,2026/27,production,0.02
豆粕,El Salvador,2026/27,production,0
豆粕,Ethiopia,2026/27,production,0.104
豆粕,Georgia,2026/27,production,0
豆粕,Ghana,2026/27,production,0.157
豆粕,Guatemala,2026/27,production,0.019
豆粕,Guyana,2026/27,production,0
豆粕,Honduras,2026/27,production,0
豆粕,Iraq,2026/27,production,0.702
豆粕,Israel,2026/27,production,0.214
豆粕,Jamaica,2026/27,production,0
豆粕,Jordan,2026/27,production,0
豆粕,Kazakhstan,2026/27,production,0.175
豆粕,Kenya,2026/27,production,0
豆粕,"Korea, North",2026/27,production,0.086
豆粕,Lebanon,2026/27,production,0.157
豆粕,Libya,2026/27,production,0
豆粕,New Zealand,2026/27,production,0
豆粕,Nicaragua,2026/27,production,0
豆粕,Nigeria,2026/27,production,0.758
豆粕,North Macedonia,2026/27,production,0
豆粕,Norway,2026/27,production,0.334
豆粕,Panama,2026/27,production,0.039
豆粕,Serbia,2026/27,production,0.552
豆粕,Singapore,2026/27,production,0.013
豆粕,Sri Lanka,2026/27,production,0
豆粕,Switzerland,2026/27,production,0.012
豆粕,Syria,2026/27,production,0
豆粕,Trinidad and Tobago,2026/27,production,0
豆粕,United Arab Emirates,2026/27,production,0.057
豆粕,United Kingdom,2026/27,production,0.739
豆粕,Uzbekistan,2026/27,production,0.04
豆粕,Yemen,2026/27,production,0
豆粕,Zambia,2026/27,production,0.219
豆粕,Zimbabwe,2026/27,production,0.188
豆油,阿尔及利亚,2000/01,consumption,0.017
豆油,阿根廷,2000/01,consumption,0.247
豆油,埃及,2000/01,consumption,0.411
豆油,巴基斯坦,2000/01,consumption,0.184
豆油,巴拉圭,2000/01,consumption,0.052
豆油,巴西,2000/01,consumption,2.932
豆油,玻利维亚,2000/01,consumption,0.029
豆油,俄罗斯,2000/01,consumption,0.495
豆油,菲律宾,2000/01,consumption,0.068
豆油,哥伦比亚,2000/01,consumption,0.201
豆油,韩国,2000/01,consumption,0.37
豆油,加拿大,2000/01,consumption,0.274
豆油,马来西亚,2000/01,consumption,0.036
豆油,美国,2000/01,consumption,7.401
豆油,孟加拉国,2000/01,consumption,0.503
豆油,秘鲁,2000/01,consumption,0.188
豆油,摩洛哥,2000/01,consumption,0.35
豆油,墨西哥,2000/01,consumption,0.863
豆油,南非,2000/01,consumption,0.075
豆油,欧盟,2000/01,consumption,2.186
豆油,日本,2000/01,consumption,0.7
豆油,沙特阿拉伯,2000/01,consumption,0.005
豆油,泰国,2000/01,consumption,0.211
豆油,突尼斯,2000/01,consumption,0.12
豆油,土耳其,2000/01,consumption,0.14
豆油,委内瑞拉,2000/01,consumption,0.23
豆油,乌克兰,2000/01,consumption,0.009
豆油,乌拉圭,2000/01,consumption,0.01
豆油,伊朗,2000/01,consumption,0.873
豆油,印度,2000/01,consumption,1.75
豆油,印度尼西亚,2000/01,consumption,0.015
豆油,越南,2000/01,consumption,0.04
豆油,智利,2000/01,consumption,0.023
豆油,中国,2000/01,consumption,3.542
豆油,中国台湾,2000/01,consumption,0.383
豆油,Angola,2000/01,consumption,0.06
豆油,Australia,2000/01,consumption,0.014
豆油,Barbados,2000/01,consumption,0
豆油,Bosnia and Herzegovina,2000/01,consumption,0.001
豆油,Costa Rica,2000/01,consumption,0.028
豆油,Cuba,2000/01,consumption,0.046
豆油,Dominican Republic,2000/01,consumption,0.116
豆油,Ecuador,2000/01,consumption,0.081
豆油,El Salvador,2000/01,consumption,0.015
豆油,Ethiopia,2000/01,consumption,0.006
豆油,Guatemala,2000/01,consumption,0.03
豆油,Haiti,2000/01,consumption,0.037
豆油,Hong Kong,2000/01,consumption,0.085
豆油,Israel,2000/01,consumption,0.111
豆油,Jamaica,2000/01,consumption,0.025
豆油,Jordan,2000/01,consumption,0.016
豆油,"Korea, North",2000/01,consumption,0.038
豆油,Lebanon,2000/01,consumption,0.029
豆油,Madagascar,2000/01,consumption,0.034
豆油,Mauritius,2000/01,consumption,0.029
豆油,New Zealand,2000/01,consumption,0.012
豆油,Nicaragua,2000/01,consumption,0.017
豆油,Nigeria,2000/01,consumption,0.025
豆油,Norway,2000/01,consumption,0.05
豆油,Panama,2000/01,consumption,0.016
豆油,Senegal,2000/01,consumption,0.095
豆油,Serbia and Montenegro,2000/01,consumption,0.027
豆油,Singapore,2000/01,consumption,0.026
豆油,Somalia,2000/01,consumption,0.001
豆油,Switzerland,2000/01,consumption,0.013
豆油,Syria,2000/01,consumption,0.044
豆油,Tanzania,2000/01,consumption,0.001
豆油,Trinidad and Tobago,2000/01,consumption,0.017
豆油,United Arab Emirates,2000/01,consumption,0.005
豆油,Uzbekistan,2000/01,consumption,0.01
豆油,Zambia,2000/01,consumption,0.008
豆油,Zimbabwe,2000/01,consumption,0.044
豆油,阿尔及利亚,2000/01,exports,0
豆油,阿根廷,2000/01,exports,3.08
豆油,埃及,2000/01,exports,0
豆油,巴基斯坦,2000/01,exports,0
豆油,巴拉圭,2000/01,exports,0.133
豆油,巴西,2000/01,exports,1.533
豆油,玻利维亚,2000/01,exports,0.124
豆油,俄罗斯,2000/01,exports,0.003
豆油,菲律宾,2000/01,exports,0.001
豆油,哥伦比亚,2000/01,exports,0.009
豆油,韩国,2000/01,exports,0.003
豆油,加拿大,2000/01,exports,0.038
豆油,马来西亚,2000/01,exports,0.152
豆油,美国,2000/01,exports,0.636
豆油,孟加拉国,2000/01,exports,0
豆油,秘鲁,2000/01,exports,0
豆油,摩洛哥,2000/01,exports,0
豆油,墨西哥,2000/01,exports,0.005
豆油,南非,2000/01,exports,0.01
豆油,欧盟,2000/01,exports,0.889
豆油,日本,2000/01,exports,0
豆油,沙特阿拉伯,2000/01,exports,0
豆油,泰国,2000/01,exports,0.036
豆油,突尼斯,2000/01,exports,0
豆油,土耳其,2000/01,exports,0.001
豆油,委内瑞拉,2000/01,exports,0.008
豆油,乌克兰,2000/01,exports,0
豆油,乌拉圭,2000/01,exports,0
豆油,伊朗,2000/01,exports,0.018
豆油,印度,2000/01,exports,0.019
豆油,印度尼西亚,2000/01,exports,0
豆油,越南,2000/01,exports,0
豆油,智利,2000/01,exports,0
豆油,中国,2000/01,exports,0.053
豆油,中国台湾,2000/01,exports,0.002
豆油,Angola,2000/01,exports,0
豆油,Australia,2000/01,exports,0.003
豆油,Barbados,2000/01,exports,0
豆油,Bosnia and Herzegovina,2000/01,exports,0
豆油,Costa Rica,2000/01,exports,0.008
豆油,Cuba,2000/01,exports,0
豆油,Dominican Republic,2000/01,exports,0
豆油,Ecuador,2000/01,exports,0
豆油,El Salvador,2000/01,exports,0
豆油,Ethiopia,2000/01,exports,0
豆油,Guatemala,2000/01,exports,0.002
豆油,Haiti,2000/01,exports,0
豆油,Hong Kong,2000/01,exports,0.004
豆油,Israel,2000/01,exports,0
豆油,Jamaica,2000/01,exports,0
豆油,Jordan,2000/01,exports,0
豆油,"Korea, North",2000/01,exports,0
豆油,Lebanon,2000/01,exports,0.016
豆油,Madagascar,2000/01,exports,0
豆油,Mauritius,2000/01,exports,0
豆油,New Zealand,2000/01,exports,0
豆油,Nicaragua,2000/01,exports,0
豆油,Nigeria,2000/01,exports,0
豆油,Norway,2000/01,exports,0.022
豆油,Panama,2000/01,exports,0
豆油,Senegal,2000/01,exports,0
豆油,Serbia and Montenegro,2000/01,exports,0
豆油,Singapore,2000/01,exports,0.026
豆油,Somalia,2000/01,exports,0
豆油,Switzerland,2000/01,exports,0.002
豆油,Syria,2000/01,exports,0
豆油,Tanzania,2000/01,exports,0
豆油,Trinidad and Tobago,2000/01,exports,0.004
豆油,United Arab Emirates,2000/01,exports,0.028
豆油,Uzbekistan,2000/01,exports,0
豆油,Zambia,2000/01,exports,0
豆油,Zimbabwe,2000/01,exports,0
豆油,阿尔及利亚,2000/01,imports,0.017
豆油,阿根廷,2000/01,imports,0
豆油,埃及,2000/01,imports,0.366
豆油,巴基斯坦,2000/01,imports,0.175
豆油,巴拉圭,2000/01,imports,0.001
豆油,巴西,2000/01,imports,0.069
豆油,玻利维亚,2000/01,imports,0
豆油,俄罗斯,2000/01,imports,0.46
豆油,菲律宾,2000/01,imports,0.009
豆油,哥伦比亚,2000/01,imports,0.17
豆油,韩国,2000/01,imports,0.166
豆油,加拿大,2000/01,imports,0.022
豆油,马来西亚,2000/01,imports,0.142
豆油,美国,2000/01,imports,0.033
豆油,孟加拉国,2000/01,imports,0.503
豆油,秘鲁,2000/01,imports,0.198
豆油,摩洛哥,2000/01,imports,0.311
豆油,墨西哥,2000/01,imports,0.083
豆油,南非,2000/01,imports,0.131
豆油,欧盟,2000/01,imports,0.029
豆油,日本,2000/01,imports,0.003
豆油,沙特阿拉伯,2000/01,imports,0.005
豆油,泰国,2000/01,imports,0.001
豆油,突尼斯,2000/01,imports,0.11
豆油,土耳其,2000/01,imports,0.113
豆油,委内瑞拉,2000/01,imports,0.197
豆油,乌克兰,2000/01,imports,0
豆油,乌拉圭,2000/01,imports,0.008
豆油,伊朗,2000/01,imports,0.729
豆油,印度,2000/01,imports,1.085
豆油,印度尼西亚,2000/01,imports,0.015
豆油,越南,2000/01,imports,0.04
豆油,智利,2000/01,imports,0.005
豆油,中国,2000/01,imports,0.355
豆油,中国台湾,2000/01,imports,0.012
豆油,Angola,2000/01,imports,0.06
豆油,Australia,2000/01,imports,0.009
豆油,Barbados,2000/01,imports,0
豆油,Bosnia and Herzegovina,2000/01,imports,0.001
豆油,Costa Rica,2000/01,imports,0
豆油,Cuba,2000/01,imports,0.043
豆油,Dominican Republic,2000/01,imports,0.118
豆油,Ecuador,2000/01,imports,0.072
豆油,El Salvador,2000/01,imports,0.015
豆油,Ethiopia,2000/01,imports,0.006
豆油,Guatemala,2000/01,imports,0.026
豆油,Haiti,2000/01,imports,0.037
豆油,Hong Kong,2000/01,imports,0.089
豆油,Israel,2000/01,imports,0.011
豆油,Jamaica,2000/01,imports,0.025
豆油,Jordan,2000/01,imports,0.016
豆油,"Korea, North",2000/01,imports,0.023
豆油,Lebanon,2000/01,imports,0.04
豆油,Madagascar,2000/01,imports,0.034
豆油,Mauritius,2000/01,imports,0.029
豆油,New Zealand,2000/01,imports,0.012
豆油,Nicaragua,2000/01,imports,0.019
豆油,Nigeria,2000/01,imports,0.001
豆油,Norway,2000/01,imports,0.001
豆油,Panama,2000/01,imports,0.016
豆油,Senegal,2000/01,imports,0.106
豆油,Serbia and Montenegro,2000/01,imports,0
豆油,Singapore,2000/01,imports,0.048
豆油,Somalia,2000/01,imports,0.001
豆油,Switzerland,2000/01,imports,0.004
豆油,Syria,2000/01,imports,0.019
豆油,Tanzania,2000/01,imports,0.001
豆油,Trinidad and Tobago,2000/01,imports,0.007
豆油,United Arab Emirates,2000/01,imports,0.033
豆油,Uzbekistan,2000/01,imports,0.001
豆油,Zambia,2000/01,imports,0.008
豆油,Zimbabwe,2000/01,imports,0.023
豆油,阿尔及利亚,2000/01,production,0
豆油,阿根廷,2000/01,production,3.19
豆油,埃及,2000/01,production,0.047
豆油,巴基斯坦,2000/01,production,0.029
豆油,巴拉圭,2000/01,production,0.17
豆油,巴西,2000/01,production,4.333
豆油,玻利维亚,2000/01,production,0.153
豆油,俄罗斯,2000/01,production,0.062
豆油,菲律宾,2000/01,production,0.056
豆油,哥伦比亚,2000/01,production,0.04
豆油,韩国,2000/01,production,0.216
豆油,加拿大,2000/01,production,0.289
豆油,马来西亚,2000/01,production,0.077
豆油,美国,2000/01,production,8.355
豆油,孟加拉国,2000/01,production,0
豆油,秘鲁,2000/01,production,0
豆油,摩洛哥,2000/01,production,0.041
豆油,墨西哥,2000/01,production,0.795
豆油,南非,2000/01,production,0.012
豆油,欧盟,2000/01,production,3.033
豆油,日本,2000/01,production,0.687
豆油,沙特阿拉伯,2000/01,production,0
豆油,泰国,2000/01,production,0.246
豆油,突尼斯,2000/01,production,0
豆油,土耳其,2000/01,production,0.014
豆油,委内瑞拉,2000/01,production,0.035
豆油,乌克兰,2000/01,production,0.009
豆油,乌拉圭,2000/01,production,0.002
豆油,伊朗,2000/01,production,0.127
豆油,印度,2000/01,production,0.81
豆油,印度尼西亚,2000/01,production,0
豆油,越南,2000/01,production,0
豆油,智利,2000/01,production,0.018
豆油,中国,2000/01,production,3.24
豆油,中国台湾,2000/01,production,0.361
豆油,Angola,2000/01,production,0
豆油,Australia,2000/01,production,0.008
豆油,Barbados,2000/01,production,0
豆油,Bosnia and Herzegovina,2000/01,production,0
豆油,Costa Rica,2000/01,production,0.036
豆油,Cuba,2000/01,production,0.003
豆油,Dominican Republic,2000/01,production,0
豆油,Ecuador,2000/01,production,0.012
豆油,El Salvador,2000/01,production,0
豆油,Ethiopia,2000/01,production,0
豆油,Guatemala,2000/01,production,0.008
豆油,Haiti,2000/01,production,0
豆油,Hong Kong,2000/01,production,0
豆油,Israel,2000/01,production,0.101
豆油,Jamaica,2000/01,production,0
豆油,Jordan,2000/01,production,0
豆油,"Korea, North",2000/01,production,0.015
豆油,Lebanon,2000/01,production,0.005
豆油,Madagascar,2000/01,production,0
豆油,Mauritius,2000/01,production,0
豆油,New Zealand,2000/01,production,0
豆油,Nicaragua,2000/01,production,0
豆油,Nigeria,2000/01,production,0.024
豆油,Norway,2000/01,production,0.07
豆油,Panama,2000/01,production,0
豆油,Senegal,2000/01,production,0
豆油,Serbia and Montenegro,2000/01,production,0.027
豆油,Singapore,2000/01,production,0.004
豆油,Somalia,2000/01,production,0
豆油,Switzerland,2000/01,production,0.011
豆油,Syria,2000/01,production,0.025
豆油,Tanzania,2000/01,production,0
豆油,Trinidad and Tobago,2000/01,production,0.014
豆油,United Arab Emirates,2000/01,production,0
豆油,Uzbekistan,2000/01,production,0.009
豆油,Zambia,2000/01,production,0
豆油,Zimbabwe,2000/01,production,0.021
豆油,阿尔及利亚,2001/02,consumption,0.024
豆油,阿根廷,2001/02,consumption,0.327
豆油,埃及,2001/02,consumption,0.41
豆油,巴基斯坦,2001/02,consumption,0.161
豆油,巴拉圭,2001/02,consumption,0.055
豆油,巴西,2001/02,consumption,2.935
豆油,玻利维亚,2001/02,consumption,0.026
豆油,俄罗斯,2001/02,consumption,0.62
豆油,菲律宾,2001/02,consumption,0.069
豆油,哥伦比亚,2001/02,consumption,0.184
豆油,韩国,2001/02,consumption,0.408
豆油,加拿大,2001/02,consumption,0.346
豆油,马来西亚,2001/02,consumption,0.027
豆油,美国,2001/02,consumption,7.635
豆油,孟加拉国,2001/02,consumption,0.416
豆油,秘鲁,2001/02,consumption,0.198
豆油,摩洛哥,2001/02,consumption,0.32
豆油,墨西哥,2001/02,consumption,0.88
豆油,南非,2001/02,consumption,0.125
豆油,欧盟,2001/02,consumption,2.336
豆油,日本,2001/02,consumption,0.7
豆油,沙特阿拉伯,2001/02,consumption,0.003
豆油,泰国,2001/02,consumption,0.234
豆油,突尼斯,2001/02,consumption,0.17
豆油,土耳其,2001/02,consumption,0.245
豆油,委内瑞拉,2001/02,consumption,0.21
豆油,乌克兰,2001/02,consumption,0.013
豆油,乌拉圭,2001/02,consumption,0.014
豆油,伊朗,2001/02,consumption,0.894
豆油,印度,2001/02,consumption,2
豆油,印度尼西亚,2001/02,consumption,0.014
豆油,越南,2001/02,consumption,0.05
豆油,智利,2001/02,consumption,0.026
豆油,中国,2001/02,consumption,4.137
豆油,中国台湾,2001/02,consumption,0.413
豆油,Angola,2001/02,consumption,0.063
豆油,Australia,2001/02,consumption,0.021
豆油,Barbados,2001/02,consumption,0
豆油,Bosnia and Herzegovina,2001/02,consumption,0.002
豆油,Costa Rica,2001/02,consumption,0.034
豆油,Cuba,2001/02,consumption,0.071
豆油,Dominican Republic,2001/02,consumption,0.12
豆油,Ecuador,2001/02,consumption,0.078
豆油,El Salvador,2001/02,consumption,0.02
豆油,Ethiopia,2001/02,consumption,0.004
豆油,Guatemala,2001/02,consumption,0.043
豆油,Haiti,2001/02,consumption,0.037
豆油,Hong Kong,2001/02,consumption,0.09
豆油,Israel,2001/02,consumption,0.116
豆油,Jamaica,2001/02,consumption,0.023
豆油,Jordan,2001/02,consumption,0.016
豆油,"Korea, North",2001/02,consumption,0.028
豆油,Lebanon,2001/02,consumption,0.048
豆油,Madagascar,2001/02,consumption,0.017
豆油,Mauritius,2001/02,consumption,0.026
豆油,New Zealand,2001/02,consumption,0.018
豆油,Nicaragua,2001/02,consumption,0.016
豆油,Nigeria,2001/02,consumption,0.025
豆油,Norway,2001/02,consumption,0.044
豆油,Panama,2001/02,consumption,0.017
豆油,Senegal,2001/02,consumption,0.087
豆油,Serbia and Montenegro,2001/02,consumption,0.038
豆油,Singapore,2001/02,consumption,0.025
豆油,Somalia,2001/02,consumption,0.001
豆油,Switzerland,2001/02,consumption,0.012
豆油,Syria,2001/02,consumption,0.054
豆油,Tanzania,2001/02,consumption,0.005
豆油,Trinidad and Tobago,2001/02,consumption,0.018
豆油,United Arab Emirates,2001/02,consumption,0.035
豆油,Uzbekistan,2001/02,consumption,0.012
豆油,Zambia,2001/02,consumption,0.008
豆油,Zimbabwe,2001/02,consumption,0.026
豆油,阿尔及利亚,2001/02,exports,0
豆油,阿根廷,2001/02,exports,3.63
豆油,埃及,2001/02,exports,0
豆油,巴基斯坦,2001/02,exports,0
豆油,巴拉圭,2001/02,exports,0.165
豆油,巴西,2001/02,exports,1.775
豆油,玻利维亚,2001/02,exports,0.167
豆油,俄罗斯,2001/02,exports,0.003
豆油,菲律宾,2001/02,exports,0.001
豆油,哥伦比亚,2001/02,exports,0.007
豆油,韩国,2001/02,exports,0.011
豆油,加拿大,2001/02,exports,0.034
豆油,马来西亚,2001/02,exports,0.175
豆油,美国,2001/02,exports,1.143
豆油,孟加拉国,2001/02,exports,0
豆油,秘鲁,2001/02,exports,0
豆油,摩洛哥,2001/02,exports,0
豆油,墨西哥,2001/02,exports,0.004
豆油,南非,2001/02,exports,0.009
豆油,欧盟,2001/02,exports,0.894
豆油,日本,2001/02,exports,0
豆油,沙特阿拉伯,2001/02,exports,0
豆油,泰国,2001/02,exports,0.05
豆油,突尼斯,2001/02,exports,0
豆油,土耳其,2001/02,exports,0.005
豆油,委内瑞拉,2001/02,exports,0.018
豆油,乌克兰,2001/02,exports,0.001
豆油,乌拉圭,2001/02,exports,0
豆油,伊朗,2001/02,exports,0.014
豆油,印度,2001/02,exports,0.004
豆油,印度尼西亚,2001/02,exports,0
豆油,越南,2001/02,exports,0
豆油,智利,2001/02,exports,0
豆油,中国,2001/02,exports,0.059
豆油,中国台湾,2001/02,exports,0.001
豆油,Angola,2001/02,exports,0
豆油,Australia,2001/02,exports,0.002
豆油,Barbados,2001/02,exports,0
豆油,Bosnia and Herzegovina,2001/02,exports,0
豆油,Costa Rica,2001/02,exports,0.007
豆油,Cuba,2001/02,exports,0
豆油,Dominican Republic,2001/02,exports,0
豆油,Ecuador,2001/02,exports,0.004
豆油,El Salvador,2001/02,exports,0
豆油,Ethiopia,2001/02,exports,0
豆油,Guatemala,2001/02,exports,0.002
豆油,Haiti,2001/02,exports,0
豆油,Hong Kong,2001/02,exports,0.003
豆油,Israel,2001/02,exports,0.002
豆油,Jamaica,2001/02,exports,0
豆油,Jordan,2001/02,exports,0
豆油,"Korea, North",2001/02,exports,0
豆油,Lebanon,2001/02,exports,0.001
豆油,Madagascar,2001/02,exports,0
豆油,Mauritius,2001/02,exports,0
豆油,New Zealand,2001/02,exports,0
豆油,Nicaragua,2001/02,exports,0
豆油,Nigeria,2001/02,exports,0
豆油,Norway,2001/02,exports,0.028
豆油,Panama,2001/02,exports,0
豆油,Senegal,2001/02,exports,0
豆油,Serbia and Montenegro,2001/02,exports,0
豆油,Singapore,2001/02,exports,0.017
豆油,Somalia,2001/02,exports,0
豆油,Switzerland,2001/02,exports,0.002
豆油,Syria,2001/02,exports,0
豆油,Tanzania,2001/02,exports,0
豆油,Trinidad and Tobago,2001/02,exports,0.004
豆油,United Arab Emirates,2001/02,exports,0.015
豆油,Uzbekistan,2001/02,exports,0
豆油,Zambia,2001/02,exports,0
豆油,Zimbabwe,2001/02,exports,0
豆油,阿尔及利亚,2001/02,imports,0.024
豆油,阿根廷,2001/02,imports,0
豆油,埃及,2001/02,imports,0.341
豆油,巴基斯坦,2001/02,imports,0.085
豆油,巴拉圭,2001/02,imports,0.001
豆油,巴西,2001/02,imports,0.146
豆油,玻利维亚,2001/02,imports,0.006
豆油,俄罗斯,2001/02,imports,0.588
豆油,菲律宾,2001/02,imports,0.01
豆油,哥伦比亚,2001/02,imports,0.139
豆油,韩国,2001/02,imports,0.189
豆油,加拿大,2001/02,imports,0.08
豆油,马来西亚,2001/02,imports,0.073
豆油,美国,2001/02,imports,0.021
豆油,孟加拉国,2001/02,imports,0.406
豆油,秘鲁,2001/02,imports,0.238
豆油,摩洛哥,2001/02,imports,0.303
豆油,墨西哥,2001/02,imports,0.161
豆油,南非,2001/02,imports,0.106
豆油,欧盟,2001/02,imports,0.062
豆油,日本,2001/02,imports,0.002
豆油,沙特阿拉伯,2001/02,imports,0.003
豆油,泰国,2001/02,imports,0
豆油,突尼斯,2001/02,imports,0.17
豆油,土耳其,2001/02,imports,0.247
豆油,委内瑞拉,2001/02,imports,0.214
豆油,乌克兰,2001/02,imports,0.001
豆油,乌拉圭,2001/02,imports,0.011
豆油,伊朗,2001/02,imports,0.835
豆油,印度,2001/02,imports,1.215
豆油,印度尼西亚,2001/02,imports,0.014
豆油,越南,2001/02,imports,0.05
豆油,智利,2001/02,imports,0
豆油,中国,2001/02,imports,0.551
豆油,中国台湾,2001/02,imports,0.036
豆油,Angola,2001/02,imports,0.063
豆油,Australia,2001/02,imports,0.012
豆油,Barbados,2001/02,imports,0
豆油,Bosnia and Herzegovina,2001/02,imports,0.002
豆油,Costa Rica,2001/02,imports,0.001
豆油,Cuba,2001/02,imports,0.053
豆油,Dominican Republic,2001/02,imports,0.127
豆油,Ecuador,2001/02,imports,0.068
豆油,El Salvador,2001/02,imports,0.026
豆油,Ethiopia,2001/02,imports,0.004
豆油,Guatemala,2001/02,imports,0.036
豆油,Haiti,2001/02,imports,0.042
豆油,Hong Kong,2001/02,imports,0.093
豆油,Israel,2001/02,imports,0.007
豆油,Jamaica,2001/02,imports,0.025
豆油,Jordan,2001/02,imports,0.016
豆油,"Korea, North",2001/02,imports,0.006
豆油,Lebanon,2001/02,imports,0.033
豆油,Madagascar,2001/02,imports,0.017
豆油,Mauritius,2001/02,imports,0.026
豆油,New Zealand,2001/02,imports,0.018
豆油,Nicaragua,2001/02,imports,0.014
豆油,Nigeria,2001/02,imports,0.001
豆油,Norway,2001/02,imports,0.001
豆油,Panama,2001/02,imports,0.017
豆油,Senegal,2001/02,imports,0.072
豆油,Serbia and Montenegro,2001/02,imports,0
豆油,Singapore,2001/02,imports,0.038
豆油,Somalia,2001/02,imports,0.001
豆油,Switzerland,2001/02,imports,0.004
豆油,Syria,2001/02,imports,0.031
豆油,Tanzania,2001/02,imports,0.005
豆油,Trinidad and Tobago,2001/02,imports,0.004
豆油,United Arab Emirates,2001/02,imports,0.062
豆油,Uzbekistan,2001/02,imports,0
豆油,Zambia,2001/02,imports,0.005
豆油,Zimbabwe,2001/02,imports,0.019
豆油,阿尔及利亚,2001/02,production,0
豆油,阿根廷,2001/02,production,3.876
豆油,埃及,2001/02,production,0.073
豆油,巴基斯坦,2001/02,production,0.051
豆油,巴拉圭,2001/02,production,0.238
豆油,巴西,2001/02,production,4.7
豆油,玻利维亚,2001/02,production,0.191
豆油,俄罗斯,2001/02,production,0.068
豆油,菲律宾,2001/02,production,0.057
豆油,哥伦比亚,2001/02,production,0.054
豆油,韩国,2001/02,production,0.226
豆油,加拿大,2001/02,production,0.3
豆油,马来西亚,2001/02,production,0.091
豆油,美国,2001/02,production,8.572
豆油,孟加拉国,2001/02,production,0
豆油,秘鲁,2001/02,production,0
豆油,摩洛哥,2001/02,production,0.044
豆油,墨西哥,2001/02,production,0.812
豆油,南非,2001/02,production,0.01
豆油,欧盟,2001/02,production,3.245
豆油,日本,2001/02,production,0.707
豆油,沙特阿拉伯,2001/02,production,0
豆油,泰国,2001/02,production,0.284
豆油,突尼斯,2001/02,production,0
豆油,土耳其,2001/02,production,0.028
豆油,委内瑞拉,2001/02,production,0.015
豆油,乌克兰,2001/02,production,0.013
豆油,乌拉圭,2001/02,production,0.003
豆油,伊朗,2001/02,production,0.091
豆油,印度,2001/02,production,0.792
豆油,印度尼西亚,2001/02,production,0
豆油,越南,2001/02,production,0
豆油,智利,2001/02,production,0.026
豆油,中国,2001/02,production,3.575
豆油,中国台湾,2001/02,production,0.371
豆油,Angola,2001/02,production,0
豆油,Australia,2001/02,production,0.012
豆油,Barbados,2001/02,production,0
豆油,Bosnia and Herzegovina,2001/02,production,0
豆油,Costa Rica,2001/02,production,0.04
豆油,Cuba,2001/02,production,0.018
豆油,Dominican Republic,2001/02,production,0
豆油,Ecuador,2001/02,production,0.009
豆油,El Salvador,2001/02,production,0
豆油,Ethiopia,2001/02,production,0
豆油,Guatemala,2001/02,production,0.007
豆油,Haiti,2001/02,production,0
豆油,Hong Kong,2001/02,production,0
豆油,Israel,2001/02,production,0.118
豆油,Jamaica,2001/02,production,0
豆油,Jordan,2001/02,production,0
豆油,"Korea, North",2001/02,production,0.022
豆油,Lebanon,2001/02,production,0.017
豆油,Madagascar,2001/02,production,0
豆油,Mauritius,2001/02,production,0
豆油,New Zealand,2001/02,production,0
豆油,Nicaragua,2001/02,production,0
豆油,Nigeria,2001/02,production,0.024
豆油,Norway,2001/02,production,0.071
豆油,Panama,2001/02,production,0
豆油,Senegal,2001/02,production,0
豆油,Serbia and Montenegro,2001/02,production,0.038
豆油,Singapore,2001/02,production,0.004
豆油,Somalia,2001/02,production,0
豆油,Switzerland,2001/02,production,0.01
豆油,Syria,2001/02,production,0.023
豆油,Tanzania,2001/02,production,0
豆油,Trinidad and Tobago,2001/02,production,0.018
豆油,United Arab Emirates,2001/02,production,0
豆油,Uzbekistan,2001/02,production,0.012
豆油,Zambia,2001/02,production,0.003
豆油,Zimbabwe,2001/02,production,0.012
豆油,阿尔及利亚,2002/03,consumption,0.07
豆油,阿根廷,2002/03,consumption,0.387
豆油,埃及,2002/03,consumption,0.291
豆油,巴基斯坦,2002/03,consumption,0.144
豆油,巴拉圭,2002/03,consumption,0.06
豆油,巴西,2002/03,consumption,2.895
豆油,玻利维亚,2002/03,consumption,0.08
豆油,俄罗斯,2002/03,consumption,0.295
豆油,菲律宾,2002/03,consumption,0.06
豆油,哥伦比亚,2002/03,consumption,0.197
豆油,韩国,2002/03,consumption,0.418
豆油,加拿大,2002/03,consumption,0.397
豆油,马来西亚,2002/03,consumption,0.021
豆油,美国,2002/03,consumption,7.748
豆油,孟加拉国,2002/03,consumption,0.393
豆油,秘鲁,2002/03,consumption,0.221
豆油,摩洛哥,2002/03,consumption,0.407
豆油,墨西哥,2002/03,consumption,0.935
豆油,南非,2002/03,consumption,0.182
豆油,欧盟,2002/03,consumption,2.345
豆油,日本,2002/03,consumption,0.731
豆油,沙特阿拉伯,2002/03,consumption,0.003
豆油,泰国,2002/03,consumption,0.245
豆油,突尼斯,2002/03,consumption,0.17
豆油,土耳其,2002/03,consumption,0.16
豆油,委内瑞拉,2002/03,consumption,0.198
豆油,乌克兰,2002/03,consumption,0.014
豆油,乌拉圭,2002/03,consumption,0.017
豆油,伊朗,2002/03,consumption,0.9
豆油,印度,2002/03,consumption,1.85
豆油,印度尼西亚,2002/03,consumption,0.016
豆油,越南,2002/03,consumption,0.033
豆油,智利,2002/03,consumption,0.059
豆油,中国,2002/03,consumption,6.389
豆油,中国台湾,2002/03,consumption,0.419
豆油,Angola,2002/03,consumption,0.071
豆油,Australia,2002/03,consumption,0.02
豆油,Barbados,2002/03,consumption,0
豆油,Bosnia and Herzegovina,2002/03,consumption,0.003
豆油,Costa Rica,2002/03,consumption,0.034
豆油,Cuba,2002/03,consumption,0.09
豆油,Dominican Republic,2002/03,consumption,0.124
豆油,Ecuador,2002/03,consumption,0.091
豆油,El Salvador,2002/03,consumption,0.018
豆油,Ethiopia,2002/03,consumption,0.015
豆油,Guatemala,2002/03,consumption,0.061
豆油,Haiti,2002/03,consumption,0.036
豆油,Hong Kong,2002/03,consumption,0.095
豆油,Israel,2002/03,consumption,0.115
豆油,Jamaica,2002/03,consumption,0.023
豆油,Jordan,2002/03,consumption,0.017
豆油,"Korea, North",2002/03,consumption,0.021
豆油,Lebanon,2002/03,consumption,0.013
豆油,Madagascar,2002/03,consumption,0.023
豆油,Mauritius,2002/03,consumption,0.022
豆油,New Zealand,2002/03,consumption,0.016
豆油,Nicaragua,2002/03,consumption,0.021
豆油,Nigeria,2002/03,consumption,0.028
豆油,Norway,2002/03,consumption,0.036
豆油,Panama,2002/03,consumption,0.02
豆油,Senegal,2002/03,consumption,0.089
豆油,Serbia and Montenegro,2002/03,consumption,0.028
豆油,Singapore,2002/03,consumption,0.022
豆油,Somalia,2002/03,consumption,0.001
豆油,Switzerland,2002/03,consumption,0.014
豆油,Syria,2002/03,consumption,0.047
豆油,Tanzania,2002/03,consumption,0.009
豆油,Trinidad and Tobago,2002/03,consumption,0.018
豆油,United Arab Emirates,2002/03,consumption,0.064
豆油,Uzbekistan,2002/03,consumption,0.013
豆油,Zambia,2002/03,consumption,0.011
豆油,Zimbabwe,2002/03,consumption,0.015
豆油,阿尔及利亚,2002/03,exports,0
豆油,阿根廷,2002/03,exports,3.92
豆油,埃及,2002/03,exports,0
豆油,巴基斯坦,2002/03,exports,0
豆油,巴拉圭,2002/03,exports,0.172
豆油,巴西,2002/03,exports,2.394
豆油,玻利维亚,2002/03,exports,0.192
豆油,俄罗斯,2002/03,exports,0.003
豆油,菲律宾,2002/03,exports,0
豆油,哥伦比亚,2002/03,exports,0.003
豆油,韩国,2002/03,exports,0.006
豆油,加拿大,2002/03,exports,0.021
豆油,马来西亚,2002/03,exports,0.099
豆油,美国,2002/03,exports,1.027
豆油,孟加拉国,2002/03,exports,0
豆油,秘鲁,2002/03,exports,0
豆油,摩洛哥,2002/03,exports,0
豆油,墨西哥,2002/03,exports,0.011
豆油,南非,2002/03,exports,0.002
豆油,欧盟,2002/03,exports,0.711
豆油,日本,2002/03,exports,0
豆油,沙特阿拉伯,2002/03,exports,0
豆油,泰国,2002/03,exports,0.048
豆油,突尼斯,2002/03,exports,0
豆油,土耳其,2002/03,exports,0.014
豆油,委内瑞拉,2002/03,exports,0.006
豆油,乌克兰,2002/03,exports,0.004
豆油,乌拉圭,2002/03,exports,0
豆油,伊朗,2002/03,exports,0.027
豆油,印度,2002/03,exports,0.005
豆油,印度尼西亚,2002/03,exports,0
豆油,越南,2002/03,exports,0
豆油,智利,2002/03,exports,0
豆油,中国,2002/03,exports,0.013
豆油,中国台湾,2002/03,exports,0.002
豆油,Angola,2002/03,exports,0
豆油,Australia,2002/03,exports,0.002
豆油,Barbados,2002/03,exports,0
豆油,Bosnia and Herzegovina,2002/03,exports,0
豆油,Costa Rica,2002/03,exports,0.004
豆油,Cuba,2002/03,exports,0
豆油,Dominican Republic,2002/03,exports,0
豆油,Ecuador,2002/03,exports,0.002
豆油,El Salvador,2002/03,exports,0.004
豆油,Ethiopia,2002/03,exports,0
豆油,Guatemala,2002/03,exports,0.006
豆油,Haiti,2002/03,exports,0
豆油,Hong Kong,2002/03,exports,0.004
豆油,Israel,2002/03,exports,0.002
豆油,Jamaica,2002/03,exports,0
豆油,Jordan,2002/03,exports,0
豆油,"Korea, North",2002/03,exports,0
豆油,Lebanon,2002/03,exports,0.001
豆油,Madagascar,2002/03,exports,0
豆油,Mauritius,2002/03,exports,0
豆油,New Zealand,2002/03,exports,0
豆油,Nicaragua,2002/03,exports,0
豆油,Nigeria,2002/03,exports,0
豆油,Norway,2002/03,exports,0.03
豆油,Panama,2002/03,exports,0
豆油,Senegal,2002/03,exports,0
豆油,Serbia and Montenegro,2002/03,exports,0.01
豆油,Singapore,2002/03,exports,0.011
豆油,Somalia,2002/03,exports,0
豆油,Switzerland,2002/03,exports,0
豆油,Syria,2002/03,exports,0
豆油,Tanzania,2002/03,exports,0
豆油,Trinidad and Tobago,2002/03,exports,0.004
豆油,United Arab Emirates,2002/03,exports,0.018
豆油,Uzbekistan,2002/03,exports,0
豆油,Zambia,2002/03,exports,0
豆油,Zimbabwe,2002/03,exports,0
豆油,阿尔及利亚,2002/03,imports,0.09
豆油,阿根廷,2002/03,imports,0
豆油,埃及,2002/03,imports,0.268
豆油,巴基斯坦,2002/03,imports,0.162
豆油,巴拉圭,2002/03,imports,0.001
豆油,巴西,2002/03,imports,0.085
豆油,玻利维亚,2002/03,imports,0.004
豆油,俄罗斯,2002/03,imports,0.182
豆油,菲律宾,2002/03,imports,0.017
豆油,哥伦比亚,2002/03,imports,0.147
豆油,韩国,2002/03,imports,0.157
豆油,加拿大,2002/03,imports,0.124
豆油,马来西亚,2002/03,imports,0.045
豆油,美国,2002/03,imports,0.021
豆油,孟加拉国,2002/03,imports,0.383
豆油,秘鲁,2002/03,imports,0.221
豆油,摩洛哥,2002/03,imports,0.367
豆油,墨西哥,2002/03,imports,0.192
豆油,南非,2002/03,imports,0.137
豆油,欧盟,2002/03,imports,0.03
豆油,日本,2002/03,imports,0.012
豆油,沙特阿拉伯,2002/03,imports,0.003
豆油,泰国,2002/03,imports,0
豆油,突尼斯,2002/03,imports,0.19
豆油,土耳其,2002/03,imports,0.13
豆油,委内瑞拉,2002/03,imports,0.201
豆油,乌克兰,2002/03,imports,0.001
豆油,乌拉圭,2002/03,imports,0.014
豆油,伊朗,2002/03,imports,0.959
豆油,印度,2002/03,imports,1.159
豆油,印度尼西亚,2002/03,imports,0.016
豆油,越南,2002/03,imports,0.033
豆油,智利,2002/03,imports,0.038
豆油,中国,2002/03,imports,1.712
豆油,中国台湾,2002/03,imports,0.039
豆油,Angola,2002/03,imports,0.081
豆油,Australia,2002/03,imports,0.013
豆油,Barbados,2002/03,imports,0
豆油,Bosnia and Herzegovina,2002/03,imports,0.003
豆油,Costa Rica,2002/03,imports,0.001
豆油,Cuba,2002/03,imports,0.085
豆油,Dominican Republic,2002/03,imports,0.103
豆油,Ecuador,2002/03,imports,0.09
豆油,El Salvador,2002/03,imports,0.019
豆油,Ethiopia,2002/03,imports,0.015
豆油,Guatemala,2002/03,imports,0.06
豆油,Haiti,2002/03,imports,0.031
豆油,Hong Kong,2002/03,imports,0.099
豆油,Israel,2002/03,imports,0.02
豆油,Jamaica,2002/03,imports,0.022
豆油,Jordan,2002/03,imports,0.017
豆油,"Korea, North",2002/03,imports,0.004
豆油,Lebanon,2002/03,imports,0.014
豆油,Madagascar,2002/03,imports,0.023
豆油,Mauritius,2002/03,imports,0.022
豆油,New Zealand,2002/03,imports,0.016
豆油,Nicaragua,2002/03,imports,0.023
豆油,Nigeria,2002/03,imports,0.002
豆油,Norway,2002/03,imports,0.001
豆油,Panama,2002/03,imports,0.018
豆油,Senegal,2002/03,imports,0.105
豆油,Serbia and Montenegro,2002/03,imports,0
豆油,Singapore,2002/03,imports,0.03
豆油,Somalia,2002/03,imports,0.001
豆油,Switzerland,2002/03,imports,0.007
豆油,Syria,2002/03,imports,0.031
豆油,Tanzania,2002/03,imports,0.009
豆油,Trinidad and Tobago,2002/03,imports,0.007
豆油,United Arab Emirates,2002/03,imports,0.044
豆油,Uzbekistan,2002/03,imports,0.001
豆油,Zambia,2002/03,imports,0.011
豆油,Zimbabwe,2002/03,imports,0.006
豆油,阿尔及利亚,2002/03,production,0
豆油,阿根廷,2002/03,production,4.394
豆油,埃及,2002/03,production,0.047
豆油,巴基斯坦,2002/03,production,0.015
豆油,巴拉圭,2002/03,production,0.261
豆油,巴西,2002/03,production,5.205
豆油,玻利维亚,2002/03,production,0.274
豆油,俄罗斯,2002/03,production,0.071
豆油,菲律宾,2002/03,production,0.042
豆油,哥伦比亚,2002/03,production,0.053
豆油,韩国,2002/03,production,0.239
豆油,加拿大,2002/03,production,0.324
豆油,马来西亚,2002/03,production,0.071
豆油,美国,2002/03,production,8.36
豆油,孟加拉国,2002/03,production,0
豆油,秘鲁,2002/03,production,0
豆油,摩洛哥,2002/03,production,0.06
豆油,墨西哥,2002/03,production,0.775
豆油,南非,2002/03,production,0.007
豆油,欧盟,2002/03,production,2.99
豆油,日本,2002/03,production,0.765
豆油,沙特阿拉伯,2002/03,production,0
豆油,泰国,2002/03,production,0.318
豆油,突尼斯,2002/03,production,0
豆油,土耳其,2002/03,production,0.051
豆油,委内瑞拉,2002/03,production,0.002
豆油,乌克兰,2002/03,production,0.017
豆油,乌拉圭,2002/03,production,0.003
豆油,伊朗,2002/03,production,0.122
豆油,印度,2002/03,production,0.612
豆油,印度尼西亚,2002/03,production,0
豆油,越南,2002/03,production,0
豆油,智利,2002/03,production,0.021
豆油,中国,2002/03,production,4.73
豆油,中国台湾,2002/03,production,0.359
豆油,Angola,2002/03,production,0
豆油,Australia,2002/03,production,0.011
豆油,Barbados,2002/03,production,0
豆油,Bosnia and Herzegovina,2002/03,production,0
豆油,Costa Rica,2002/03,production,0.037
豆油,Cuba,2002/03,production,0.02
豆油,Dominican Republic,2002/03,production,0
豆油,Ecuador,2002/03,production,0.005
豆油,El Salvador,2002/03,production,0
豆油,Ethiopia,2002/03,production,0
豆油,Guatemala,2002/03,production,0.008
豆油,Haiti,2002/03,production,0
豆油,Hong Kong,2002/03,production,0
豆油,Israel,2002/03,production,0.101
豆油,Jamaica,2002/03,production,0
豆油,Jordan,2002/03,production,0
豆油,"Korea, North",2002/03,production,0.017
豆油,Lebanon,2002/03,production,0
豆油,Madagascar,2002/03,production,0
豆油,Mauritius,2002/03,production,0
豆油,New Zealand,2002/03,production,0
豆油,Nicaragua,2002/03,production,0
豆油,Nigeria,2002/03,production,0.026
豆油,Norway,2002/03,production,0.086
豆油,Panama,2002/03,production,0.002
豆油,Senegal,2002/03,production,0
豆油,Serbia and Montenegro,2002/03,production,0.038
豆油,Singapore,2002/03,production,0.003
豆油,Somalia,2002/03,production,0
豆油,Switzerland,2002/03,production,0.007
豆油,Syria,2002/03,production,0.016
豆油,Tanzania,2002/03,production,0
豆油,Trinidad and Tobago,2002/03,production,0.015
豆油,United Arab Emirates,2002/03,production,0.026
豆油,Uzbekistan,2002/03,production,0.012
豆油,Zambia,2002/03,production,0
豆油,Zimbabwe,2002/03,production,0.006
豆油,阿尔及利亚,2003/04,consumption,0.02
豆油,阿根廷,2003/04,consumption,0.394
豆油,埃及,2003/04,consumption,0.257
豆油,巴基斯坦,2003/04,consumption,0.092
豆油,巴拉圭,2003/04,consumption,0.06
豆油,巴西,2003/04,consumption,2.959
豆油,玻利维亚,2003/04,consumption,0.087
豆油,俄罗斯,2003/04,consumption,0.19
豆油,菲律宾,2003/04,consumption,0.054
豆油,哥伦比亚,2003/04,consumption,0.188
豆油,韩国,2003/04,consumption,0.417
豆油,加拿大,2003/04,consumption,0.354
豆油,马来西亚,2003/04,consumption,0.044
豆油,美国,2003/04,consumption,7.65
豆油,孟加拉国,2003/04,consumption,0.366
豆油,秘鲁,2003/04,consumption,0.243
豆油,摩洛哥,2003/04,consumption,0.422
豆油,墨西哥,2003/04,consumption,0.782
豆油,南非,2003/04,consumption,0.225
豆油,欧盟,2003/04,consumption,2.142
豆油,日本,2003/04,consumption,0.72
豆油,沙特阿拉伯,2003/04,consumption,0.001
豆油,泰国,2003/04,consumption,0.243
豆油,突尼斯,2003/04,consumption,0.172
豆油,土耳其,2003/04,consumption,0.139
豆油,委内瑞拉,2003/04,consumption,0.235
豆油,乌克兰,2003/04,consumption,0.024
豆油,乌拉圭,2003/04,consumption,0.017
豆油,伊朗,2003/04,consumption,0.937
豆油,印度,2003/04,consumption,1.7
豆油,印度尼西亚,2003/04,consumption,0.015
豆油,越南,2003/04,consumption,0.009
豆油,智利,2003/04,consumption,0.049
豆油,中国,2003/04,consumption,7.158
豆油,中国台湾,2003/04,consumption,0.421
豆油,Angola,2003/04,consumption,0.075
豆油,Australia,2003/04,consumption,0.024
豆油,Barbados,2003/04,consumption,0
豆油,Bosnia and Herzegovina,2003/04,consumption,0.001
豆油,Burma,2003/04,consumption,0
豆油,Costa Rica,2003/04,consumption,0.036
豆油,Cuba,2003/04,consumption,0.1
豆油,Dominican Republic,2003/04,consumption,0.125
豆油,Ecuador,2003/04,consumption,0.095
豆油,El Salvador,2003/04,consumption,0.017
豆油,Ethiopia,2003/04,consumption,0.005
豆油,Guatemala,2003/04,consumption,0.067
豆油,Haiti,2003/04,consumption,0.018
豆油,Hong Kong,2003/04,consumption,0.064
豆油,Israel,2003/04,consumption,0.103
豆油,Jamaica,2003/04,consumption,0.018
豆油,Jordan,2003/04,consumption,0.002
豆油,"Korea, North",2003/04,consumption,0.05
豆油,Lebanon,2003/04,consumption,0.032
豆油,Madagascar,2003/04,consumption,0.052
豆油,Mauritius,2003/04,consumption,0.015
豆油,New Zealand,2003/04,consumption,0.021
豆油,Nicaragua,2003/04,consumption,0.023
豆油,Nigeria,2003/04,consumption,0.037
豆油,Norway,2003/04,consumption,0.034
豆油,Panama,2003/04,consumption,0.021
豆油,Senegal,2003/04,consumption,0.07
豆油,Serbia and Montenegro,2003/04,consumption,0.031
豆油,Singapore,2003/04,consumption,0.024
豆油,Somalia,2003/04,consumption,0.001
豆油,Switzerland,2003/04,consumption,0.013
豆油,Syria,2003/04,consumption,0.058
豆油,Tanzania,2003/04,consumption,0
豆油,Trinidad and Tobago,2003/04,consumption,0.027
豆油,United Arab Emirates,2003/04,consumption,0.038
豆油,Uzbekistan,2003/04,consumption,0.009
豆油,Zambia,2003/04,consumption,0.01
豆油,Zimbabwe,2003/04,consumption,0.015
豆油,阿尔及利亚,2003/04,exports,0
豆油,阿根廷,2003/04,exports,4.238
豆油,埃及,2003/04,exports,0.003
豆油,巴基斯坦,2003/04,exports,0
豆油,巴拉圭,2003/04,exports,0.21
豆油,巴西,2003/04,exports,2.718
豆油,玻利维亚,2003/04,exports,0.192
豆油,俄罗斯,2003/04,exports,0.001
豆油,菲律宾,2003/04,exports,0
豆油,哥伦比亚,2003/04,exports,0.006
豆油,韩国,2003/04,exports,0.005
豆油,加拿大,2003/04,exports,0.018
豆油,马来西亚,2003/04,exports,0.08
豆油,美国,2003/04,exports,0.425
豆油,孟加拉国,2003/04,exports,0
豆油,秘鲁,2003/04,exports,0
豆油,摩洛哥,2003/04,exports,0
豆油,墨西哥,2003/04,exports,0.004
豆油,南非,2003/04,exports,0.001
豆油,欧盟,2003/04,exports,0.557
豆油,日本,2003/04,exports,0
豆油,沙特阿拉伯,2003/04,exports,0
豆油,泰国,2003/04,exports,0.026
豆油,突尼斯,2003/04,exports,0
豆油,土耳其,2003/04,exports,0.003
豆油,委内瑞拉,2003/04,exports,0
豆油,乌克兰,2003/04,exports,0.003
豆油,乌拉圭,2003/04,exports,0
豆油,伊朗,2003/04,exports,0.01
豆油,印度,2003/04,exports,0.005
豆油,印度尼西亚,2003/04,exports,0
豆油,越南,2003/04,exports,0
豆油,智利,2003/04,exports,0
豆油,中国,2003/04,exports,0.015
豆油,中国台湾,2003/04,exports,0.002
豆油,Angola,2003/04,exports,0
豆油,Australia,2003/04,exports,0
豆油,Barbados,2003/04,exports,0
豆油,Bosnia and Herzegovina,2003/04,exports,0.003
豆油,Burma,2003/04,exports,0
豆油,Costa Rica,2003/04,exports,0.003
豆油,Cuba,2003/04,exports,0.003
豆油,Dominican Republic,2003/04,exports,0
豆油,Ecuador,2003/04,exports,0.002
豆油,El Salvador,2003/04,exports,0
豆油,Ethiopia,2003/04,exports,0
豆油,Guatemala,2003/04,exports,0.005
豆油,Haiti,2003/04,exports,0
豆油,Hong Kong,2003/04,exports,0.023
豆油,Israel,2003/04,exports,0.001
豆油,Jamaica,2003/04,exports,0
豆油,Jordan,2003/04,exports,0
豆油,"Korea, North",2003/04,exports,0
豆油,Lebanon,2003/04,exports,0.001
豆油,Madagascar,2003/04,exports,0
豆油,Mauritius,2003/04,exports,0
豆油,New Zealand,2003/04,exports,0
豆油,Nicaragua,2003/04,exports,0
豆油,Nigeria,2003/04,exports,0
豆油,Norway,2003/04,exports,0.05
豆油,Panama,2003/04,exports,0
豆油,Senegal,2003/04,exports,0
豆油,Serbia and Montenegro,2003/04,exports,0.02
豆油,Singapore,2003/04,exports,0.011
豆油,Somalia,2003/04,exports,0
豆油,Switzerland,2003/04,exports,0
豆油,Syria,2003/04,exports,0
豆油,Tanzania,2003/04,exports,0
豆油,Trinidad and Tobago,2003/04,exports,0
豆油,United Arab Emirates,2003/04,exports,0.019
豆油,Uzbekistan,2003/04,exports,0
豆油,Zambia,2003/04,exports,0
豆油,Zimbabwe,2003/04,exports,0
豆油,阿尔及利亚,2003/04,imports,0.02
豆油,阿根廷,2003/04,imports,0
豆油,埃及,2003/04,imports,0.188
豆油,巴基斯坦,2003/04,imports,0.05
豆油,巴拉圭,2003/04,imports,0.002
豆油,巴西,2003/04,imports,0.026
豆油,玻利维亚,2003/04,imports,0
豆油,俄罗斯,2003/04,imports,0.098
豆油,菲律宾,2003/04,imports,0.016
豆油,哥伦比亚,2003/04,imports,0.142
豆油,韩国,2003/04,imports,0.211
豆油,加拿大,2003/04,imports,0.099
豆油,马来西亚,2003/04,imports,0.083
豆油,美国,2003/04,imports,0.139
豆油,孟加拉国,2003/04,imports,0.332
豆油,秘鲁,2003/04,imports,0.23
豆油,摩洛哥,2003/04,imports,0.328
豆油,墨西哥,2003/04,imports,0.088
豆油,南非,2003/04,imports,0.22
豆油,欧盟,2003/04,imports,0.067
豆油,日本,2003/04,imports,0.024
豆油,沙特阿拉伯,2003/04,imports,0.001
豆油,泰国,2003/04,imports,0
豆油,突尼斯,2003/04,imports,0.172
豆油,土耳其,2003/04,imports,0.084
豆油,委内瑞拉,2003/04,imports,0.302
豆油,乌克兰,2003/04,imports,0
豆油,乌拉圭,2003/04,imports,0.014
豆油,伊朗,2003/04,imports,0.735
豆油,印度,2003/04,imports,0.689
豆油,印度尼西亚,2003/04,imports,0.015
豆油,越南,2003/04,imports,0.009
豆油,智利,2003/04,imports,0.015
豆油,中国,2003/04,imports,2.729
豆油,中国台湾,2003/04,imports,0.061
豆油,Angola,2003/04,imports,0.075
豆油,Australia,2003/04,imports,0.016
豆油,Barbados,2003/04,imports,0
豆油,Bosnia and Herzegovina,2003/04,imports,0.001
豆油,Burma,2003/04,imports,0
豆油,Costa Rica,2003/04,imports,0.002
豆油,Cuba,2003/04,imports,0.095
豆油,Dominican Republic,2003/04,imports,0.136
豆油,Ecuador,2003/04,imports,0.09
豆油,El Salvador,2003/04,imports,0.014
豆油,Ethiopia,2003/04,imports,0.005
豆油,Guatemala,2003/04,imports,0.064
豆油,Haiti,2003/04,imports,0.018
豆油,Hong Kong,2003/04,imports,0.098
豆油,Israel,2003/04,imports,0.008
豆油,Jamaica,2003/04,imports,0.02
豆油,Jordan,2003/04,imports,0.002
豆油,"Korea, North",2003/04,imports,0.012
豆油,Lebanon,2003/04,imports,0.014
豆油,Madagascar,2003/04,imports,0.057
豆油,Mauritius,2003/04,imports,0.015
豆油,New Zealand,2003/04,imports,0.021
豆油,Nicaragua,2003/04,imports,0.021
豆油,Nigeria,2003/04,imports,0.002
豆油,Norway,2003/04,imports,0.004
豆油,Panama,2003/04,imports,0.02
豆油,Senegal,2003/04,imports,0.054
豆油,Serbia and Montenegro,2003/04,imports,0
豆油,Singapore,2003/04,imports,0.032
豆油,Somalia,2003/04,imports,0.001
豆油,Switzerland,2003/04,imports,0.005
豆油,Syria,2003/04,imports,0.024
豆油,Tanzania,2003/04,imports,0
豆油,Trinidad and Tobago,2003/04,imports,0.015
豆油,United Arab Emirates,2003/04,imports,0.033
豆油,Uzbekistan,2003/04,imports,0.009
豆油,Zambia,2003/04,imports,0.006
豆油,Zimbabwe,2003/04,imports,0.001
豆油,阿尔及利亚,2003/04,production,0
豆油,阿根廷,2003/04,production,4.729
豆油,埃及,2003/04,production,0.044
豆油,巴基斯坦,2003/04,production,0.014
豆油,巴拉圭,2003/04,production,0.263
豆油,巴西,2003/04,production,5.56
豆油,玻利维亚,2003/04,production,0.305
豆油,俄罗斯,2003/04,production,0.064
豆油,菲律宾,2003/04,production,0.04
豆油,哥伦比亚,2003/04,production,0.053
豆油,韩国,2003/04,production,0.215
豆油,加拿大,2003/04,production,0.278
豆油,马来西亚,2003/04,production,0.071
豆油,美国,2003/04,production,7.748
豆油,孟加拉国,2003/04,production,0.011
豆油,秘鲁,2003/04,production,0
豆油,摩洛哥,2003/04,production,0.078
豆油,墨西哥,2003/04,production,0.712
豆油,南非,2003/04,production,0.009
豆油,欧盟,2003/04,production,2.557
豆油,日本,2003/04,production,0.645
豆油,沙特阿拉伯,2003/04,production,0
豆油,泰国,2003/04,production,0.249
豆油,突尼斯,2003/04,production,0
豆油,土耳其,2003/04,production,0.039
豆油,委内瑞拉,2003/04,production,0.004
豆油,乌克兰,2003/04,production,0.027
豆油,乌拉圭,2003/04,production,0.003
豆油,伊朗,2003/04,production,0.162
豆油,印度,2003/04,production,1.008
豆油,印度尼西亚,2003/04,production,0
豆油,越南,2003/04,production,0
豆油,智利,2003/04,production,0.034
豆油,中国,2003/04,production,4.535
豆油,中国台湾,2003/04,production,0.345
豆油,Angola,2003/04,production,0
豆油,Australia,2003/04,production,0.011
豆油,Barbados,2003/04,production,0
豆油,Bosnia and Herzegovina,2003/04,production,0.003
豆油,Burma,2003/04,production,0
豆油,Costa Rica,2003/04,production,0.037
豆油,Cuba,2003/04,production,0.03
豆油,Dominican Republic,2003/04,production,0
豆油,Ecuador,2003/04,production,0.006
豆油,El Salvador,2003/04,production,0
豆油,Ethiopia,2003/04,production,0
豆油,Guatemala,2003/04,production,0.007
豆油,Haiti,2003/04,production,0
豆油,Hong Kong,2003/04,production,0
豆油,Israel,2003/04,production,0.085
豆油,Jamaica,2003/04,production,0
豆油,Jordan,2003/04,production,0
豆油,"Korea, North",2003/04,production,0.038
豆油,Lebanon,2003/04,production,0.017
豆油,Madagascar,2003/04,production,0
豆油,Mauritius,2003/04,production,0
豆油,New Zealand,2003/04,production,0
豆油,Nicaragua,2003/04,production,0
豆油,Nigeria,2003/04,production,0.035
豆油,Norway,2003/04,production,0.068
豆油,Panama,2003/04,production,0.001
豆油,Senegal,2003/04,production,0
豆油,Serbia and Montenegro,2003/04,production,0.051
豆油,Singapore,2003/04,production,0.003
豆油,Somalia,2003/04,production,0
豆油,Switzerland,2003/04,production,0.008
豆油,Syria,2003/04,production,0.034
豆油,Tanzania,2003/04,production,0
豆油,Trinidad and Tobago,2003/04,production,0.013
豆油,United Arab Emirates,2003/04,production,0.036
豆油,Uzbekistan,2003/04,production,0
豆油,Zambia,2003/04,production,0.004
豆油,Zimbabwe,2003/04,production,0.015
豆油,阿尔及利亚,2004/05,consumption,0.27
豆油,阿根廷,2004/05,consumption,0.396
豆油,埃及,2004/05,consumption,0.28
豆油,巴基斯坦,2004/05,consumption,0.064
豆油,巴拉圭,2004/05,consumption,0.06
豆油,巴西,2004/05,consumption,3.091
豆油,玻利维亚,2004/05,consumption,0.087
豆油,俄罗斯,2004/05,consumption,0.17
豆油,菲律宾,2004/05,consumption,0.051
豆油,哥伦比亚,2004/05,consumption,0.184
豆油,韩国,2004/05,consumption,0.428
豆油,加拿大,2004/05,consumption,0.347
豆油,马来西亚,2004/05,consumption,0.047
豆油,美国,2004/05,consumption,7.911
豆油,孟加拉国,2004/05,consumption,0.273
豆油,秘鲁,2004/05,consumption,0.27
豆油,摩洛哥,2004/05,consumption,0.429
豆油,墨西哥,2004/05,consumption,0.811
豆油,南非,2004/05,consumption,0.24
豆油,欧盟,2004/05,consumption,2.214
豆油,日本,2004/05,consumption,0.639
豆油,沙特阿拉伯,2004/05,consumption,0.001
豆油,泰国,2004/05,consumption,0.249
豆油,突尼斯,2004/05,consumption,0.172
豆油,土耳其,2004/05,consumption,0.183
豆油,委内瑞拉,2004/05,consumption,0.288
豆油,乌克兰,2004/05,consumption,0.046
豆油,乌拉圭,2004/05,consumption,0.018
豆油,伊朗,2004/05,consumption,0.875
豆油,印度,2004/05,consumption,2.4
豆油,印度尼西亚,2004/05,consumption,0.016
豆油,越南,2004/05,consumption,0.014
豆油,智利,2004/05,consumption,0.048
豆油,中国,2004/05,consumption,7.203
豆油,中国台湾,2004/05,consumption,0.385
豆油,Angola,2004/05,consumption,0.076
豆油,Australia,2004/05,consumption,0.024
豆油,Barbados,2004/05,consumption,0.006
豆油,Bosnia and Herzegovina,2004/05,consumption,0.002
豆油,Costa Rica,2004/05,consumption,0.026
豆油,Cuba,2004/05,consumption,0.101
豆油,Dominican Republic,2004/05,consumption,0.126
豆油,Ecuador,2004/05,consumption,0.098
豆油,El Salvador,2004/05,consumption,0.021
豆油,Ethiopia,2004/05,consumption,0.004
豆油,Guatemala,2004/05,consumption,0.081
豆油,Haiti,2004/05,consumption,0.011
豆油,Hong Kong,2004/05,consumption,0.062
豆油,Israel,2004/05,consumption,0.099
豆油,Jamaica,2004/05,consumption,0.023
豆油,Jordan,2004/05,consumption,0.009
豆油,"Korea, North",2004/05,consumption,0.093
豆油,Lebanon,2004/05,consumption,0.035
豆油,Madagascar,2004/05,consumption,0.039
豆油,Mauritius,2004/05,consumption,0.017
豆油,New Zealand,2004/05,consumption,0.022
豆油,Nicaragua,2004/05,consumption,0.028
豆油,Nigeria,2004/05,consumption,0.037
豆油,Norway,2004/05,consumption,0.034
豆油,Panama,2004/05,consumption,0.016
豆油,Senegal,2004/05,consumption,0.078
豆油,Serbia and Montenegro,2004/05,consumption,0.033
豆油,Singapore,2004/05,consumption,0.024
豆油,Somalia,2004/05,consumption,0.001
豆油,Switzerland,2004/05,consumption,0.012
豆油,Syria,2004/05,consumption,0.063
豆油,Tanzania,2004/05,consumption,0
豆油,Trinidad and Tobago,2004/05,consumption,0.021
豆油,United Arab Emirates,2004/05,consumption,0.023
豆油,Uzbekistan,2004/05,consumption,0.001
豆油,Zambia,2004/05,consumption,0.009
豆油,Zimbabwe,2004/05,consumption,0.016
豆油,阿尔及利亚,2004/05,exports,0
豆油,阿根廷,2004/05,exports,4.757
豆油,埃及,2004/05,exports,0.006
豆油,巴基斯坦,2004/05,exports,0
豆油,巴拉圭,2004/05,exports,0.17
豆油,巴西,2004/05,exports,2.414
豆油,玻利维亚,2004/05,exports,0.238
豆油,俄罗斯,2004/05,exports,0
豆油,菲律宾,2004/05,exports,0
豆油,哥伦比亚,2004/05,exports,0.003
豆油,韩国,2004/05,exports,0.004
豆油,加拿大,2004/05,exports,0.009
豆油,马来西亚,2004/05,exports,0.084
豆油,美国,2004/05,exports,0.6
豆油,孟加拉国,2004/05,exports,0
豆油,秘鲁,2004/05,exports,0
豆油,摩洛哥,2004/05,exports,0
豆油,墨西哥,2004/05,exports,0.002
豆油,南非,2004/05,exports,0.004
豆油,欧盟,2004/05,exports,0.526
豆油,日本,2004/05,exports,0
豆油,沙特阿拉伯,2004/05,exports,0
豆油,泰国,2004/05,exports,0.013
豆油,突尼斯,2004/05,exports,0
豆油,土耳其,2004/05,exports,0.004
豆油,委内瑞拉,2004/05,exports,0
豆油,乌克兰,2004/05,exports,0.004
豆油,乌拉圭,2004/05,exports,0
豆油,伊朗,2004/05,exports,0.009
豆油,印度,2004/05,exports,0.011
豆油,印度尼西亚,2004/05,exports,0
豆油,越南,2004/05,exports,0
豆油,智利,2004/05,exports,0
豆油,中国,2004/05,exports,0.04
豆油,中国台湾,2004/05,exports,0.003
豆油,Angola,2004/05,exports,0
豆油,Australia,2004/05,exports,0
豆油,Barbados,2004/05,exports,0
豆油,Bosnia and Herzegovina,2004/05,exports,0.003
豆油,Costa Rica,2004/05,exports,0.008
豆油,Cuba,2004/05,exports,0
豆油,Dominican Republic,2004/05,exports,0
豆油,Ecuador,2004/05,exports,0.003
豆油,El Salvador,2004/05,exports,0
豆油,Ethiopia,2004/05,exports,0
豆油,Guatemala,2004/05,exports,0.002
豆油,Haiti,2004/05,exports,0
豆油,Hong Kong,2004/05,exports,0.023
豆油,Israel,2004/05,exports,0.001
豆油,Jamaica,2004/05,exports,0
豆油,Jordan,2004/05,exports,0
豆油,"Korea, North",2004/05,exports,0
豆油,Lebanon,2004/05,exports,0
豆油,Madagascar,2004/05,exports,0
豆油,Mauritius,2004/05,exports,0
豆油,New Zealand,2004/05,exports,0
豆油,Nicaragua,2004/05,exports,0
豆油,Nigeria,2004/05,exports,0
豆油,Norway,2004/05,exports,0.07
豆油,Panama,2004/05,exports,0
豆油,Senegal,2004/05,exports,0
豆油,Serbia and Montenegro,2004/05,exports,0.017
豆油,Singapore,2004/05,exports,0.01
豆油,Somalia,2004/05,exports,0
豆油,Switzerland,2004/05,exports,0.001
豆油,Syria,2004/05,exports,0
豆油,Tanzania,2004/05,exports,0
豆油,Trinidad and Tobago,2004/05,exports,0
豆油,United Arab Emirates,2004/05,exports,0.085
豆油,Uzbekistan,2004/05,exports,0
豆油,Zambia,2004/05,exports,0
豆油,Zimbabwe,2004/05,exports,0
豆油,阿尔及利亚,2004/05,imports,0.27
豆油,阿根廷,2004/05,imports,0
豆油,埃及,2004/05,imports,0.173
豆油,巴基斯坦,2004/05,imports,0.064
豆油,巴拉圭,2004/05,imports,0.002
豆油,巴西,2004/05,imports,0.003
豆油,玻利维亚,2004/05,imports,0
豆油,俄罗斯,2004/05,imports,0.085
豆油,菲律宾,2004/05,imports,0.011
豆油,哥伦比亚,2004/05,imports,0.151
豆油,韩国,2004/05,imports,0.244
豆油,加拿大,2004/05,imports,0.076
豆油,马来西亚,2004/05,imports,0.075
豆油,美国,2004/05,imports,0.012
豆油,孟加拉国,2004/05,imports,0.228
豆油,秘鲁,2004/05,imports,0.263
豆油,摩洛哥,2004/05,imports,0.318
豆油,墨西哥,2004/05,imports,0.148
豆油,南非,2004/05,imports,0.235
豆油,欧盟,2004/05,imports,0.182
豆油,日本,2004/05,imports,0.045
豆油,沙特阿拉伯,2004/05,imports,0.001
豆油,泰国,2004/05,imports,0
豆油,突尼斯,2004/05,imports,0.172
豆油,土耳其,2004/05,imports,0.122
豆油,委内瑞拉,2004/05,imports,0.247
豆油,乌克兰,2004/05,imports,0
豆油,乌拉圭,2004/05,imports,0.017
豆油,伊朗,2004/05,imports,0.741
豆油,印度,2004/05,imports,1.554
豆油,印度尼西亚,2004/05,imports,0.016
豆油,越南,2004/05,imports,0.014
豆油,智利,2004/05,imports,0.015
豆油,中国,2004/05,imports,1.728
豆油,中国台湾,2004/05,imports,0.035
豆油,Angola,2004/05,imports,0.083
豆油,Australia,2004/05,imports,0.008
豆油,Barbados,2004/05,imports,0.001
豆油,Bosnia and Herzegovina,2004/05,imports,0.002
豆油,Costa Rica,2004/05,imports,0.001
豆油,Cuba,2004/05,imports,0.079
豆油,Dominican Republic,2004/05,imports,0.12
豆油,Ecuador,2004/05,imports,0.086
豆油,El Salvador,2004/05,imports,0.021
豆油,Ethiopia,2004/05,imports,0.004
豆油,Guatemala,2004/05,imports,0.081
豆油,Haiti,2004/05,imports,0.011
豆油,Hong Kong,2004/05,imports,0.086
豆油,Israel,2004/05,imports,0.015
豆油,Jamaica,2004/05,imports,0.019
豆油,Jordan,2004/05,imports,0.009
豆油,"Korea, North",2004/05,imports,0.144
豆油,Lebanon,2004/05,imports,0.017
豆油,Madagascar,2004/05,imports,0.035
豆油,Mauritius,2004/05,imports,0.02
豆油,New Zealand,2004/05,imports,0.025
豆油,Nicaragua,2004/05,imports,0.033
豆油,Nigeria,2004/05,imports,0.001
豆油,Norway,2004/05,imports,0.025
豆油,Panama,2004/05,imports,0.015
豆油,Senegal,2004/05,imports,0.078
豆油,Serbia and Montenegro,2004/05,imports,0
豆油,Singapore,2004/05,imports,0.034
豆油,Somalia,2004/05,imports,0.001
豆油,Switzerland,2004/05,imports,0.004
豆油,Syria,2004/05,imports,0.027
豆油,Tanzania,2004/05,imports,0
豆油,Trinidad and Tobago,2004/05,imports,0.009
豆油,United Arab Emirates,2004/05,imports,0.04
豆油,Uzbekistan,2004/05,imports,0
豆油,Zambia,2004/05,imports,0.003
豆油,Zimbabwe,2004/05,imports,0
豆油,阿尔及利亚,2004/05,production,0
豆油,阿根廷,2004/05,production,5.128
豆油,埃及,2004/05,production,0.111
豆油,巴基斯坦,2004/05,production,0
豆油,巴拉圭,2004/05,production,0.236
豆油,巴西,2004/05,production,5.63
豆油,玻利维亚,2004/05,production,0.313
豆油,俄罗斯,2004/05,production,0.089
豆油,菲律宾,2004/05,production,0.036
豆油,哥伦比亚,2004/05,production,0.034
豆油,韩国,2004/05,production,0.192
豆油,加拿大,2004/05,production,0.275
豆油,马来西亚,2004/05,production,0.071
豆油,美国,2004/05,production,8.782
豆油,孟加拉国,2004/05,production,0.018
豆油,秘鲁,2004/05,production,0
豆油,摩洛哥,2004/05,production,0.084
豆油,墨西哥,2004/05,production,0.665
豆油,南非,2004/05,production,0.011
豆油,欧盟,2004/05,production,2.599
豆油,日本,2004/05,production,0.579
豆油,沙特阿拉伯,2004/05,production,0
豆油,泰国,2004/05,production,0.267
豆油,突尼斯,2004/05,production,0
豆油,土耳其,2004/05,production,0.056
豆油,委内瑞拉,2004/05,production,0.002
豆油,乌克兰,2004/05,production,0.05
豆油,乌拉圭,2004/05,production,0.004
豆油,伊朗,2004/05,production,0.218
豆油,印度,2004/05,production,0.9
豆油,印度尼西亚,2004/05,production,0
豆油,越南,2004/05,production,0
豆油,智利,2004/05,production,0.033
豆油,中国,2004/05,production,5.421
豆油,中国台湾,2004/05,production,0.336
豆油,Angola,2004/05,production,0
豆油,Australia,2004/05,production,0.01
豆油,Barbados,2004/05,production,0.005
豆油,Bosnia and Herzegovina,2004/05,production,0.003
豆油,Costa Rica,2004/05,production,0.033
豆油,Cuba,2004/05,production,0.029
豆油,Dominican Republic,2004/05,production,0
豆油,Ecuador,2004/05,production,0.006
豆油,El Salvador,2004/05,production,0
豆油,Ethiopia,2004/05,production,0
豆油,Guatemala,2004/05,production,0.008
豆油,Haiti,2004/05,production,0
豆油,Hong Kong,2004/05,production,0
豆油,Israel,2004/05,production,0.094
豆油,Jamaica,2004/05,production,0
豆油,Jordan,2004/05,production,0
豆油,"Korea, North",2004/05,production,0.029
豆油,Lebanon,2004/05,production,0.018
豆油,Madagascar,2004/05,production,0
豆油,Mauritius,2004/05,production,0
豆油,New Zealand,2004/05,production,0
豆油,Nicaragua,2004/05,production,0
豆油,Nigeria,2004/05,production,0.036
豆油,Norway,2004/05,production,0.071
豆油,Panama,2004/05,production,0.001
豆油,Senegal,2004/05,production,0
豆油,Serbia and Montenegro,2004/05,production,0.05
豆油,Singapore,2004/05,production,0.004
豆油,Somalia,2004/05,production,0
豆油,Switzerland,2004/05,production,0.009
豆油,Syria,2004/05,production,0.036
豆油,Tanzania,2004/05,production,0
豆油,Trinidad and Tobago,2004/05,production,0.012
豆油,United Arab Emirates,2004/05,production,0.056
豆油,Uzbekistan,2004/05,production,0.001
豆油,Zambia,2004/05,production,0.006
豆油,Zimbabwe,2004/05,production,0.02
豆油,阿尔及利亚,2005/06,consumption,0.315
豆油,阿根廷,2005/06,consumption,0.397
豆油,埃及,2005/06,consumption,0.368
豆油,巴基斯坦,2005/06,consumption,0.027
豆油,巴拉圭,2005/06,consumption,0.06
豆油,巴西,2005/06,consumption,3.091
豆油,玻利维亚,2005/06,consumption,0.081
豆油,俄罗斯,2005/06,consumption,0.16
豆油,菲律宾,2005/06,consumption,0.051
豆油,哥伦比亚,2005/06,consumption,0.192
豆油,韩国,2005/06,consumption,0.44
豆油,加拿大,2005/06,consumption,0.34
豆油,马来西亚,2005/06,consumption,0.015
豆油,美国,2005/06,consumption,8.147
豆油,孟加拉国,2005/06,consumption,0.276
豆油,秘鲁,2005/06,consumption,0.282
豆油,摩洛哥,2005/06,consumption,0.444
豆油,墨西哥,2005/06,consumption,0.787
豆油,南非,2005/06,consumption,0.255
豆油,欧盟,2005/06,consumption,2.925
豆油,日本,2005/06,consumption,0.651
豆油,沙特阿拉伯,2005/06,consumption,0.002
豆油,泰国,2005/06,consumption,0.252
豆油,突尼斯,2005/06,consumption,0.174
豆油,土耳其,2005/06,consumption,0.255
豆油,委内瑞拉,2005/06,consumption,0.335
豆油,乌克兰,2005/06,consumption,0.055
豆油,乌拉圭,2005/06,consumption,0.019
豆油,伊朗,2005/06,consumption,0.73
豆油,印度,2005/06,consumption,2.65
豆油,印度尼西亚,2005/06,consumption,0.016
豆油,越南,2005/06,consumption,0.053
豆油,智利,2005/06,consumption,0.033
豆油,中国,2005/06,consumption,7.607
豆油,中国台湾,2005/06,consumption,0.384
豆油,Angola,2005/06,consumption,0.078
豆油,Australia,2005/06,consumption,0.034
豆油,Barbados,2005/06,consumption,0.005
豆油,Bosnia and Herzegovina,2005/06,consumption,0.003
豆油,Costa Rica,2005/06,consumption,0.022
豆油,Cuba,2005/06,consumption,0.103
豆油,Dominican Republic,2005/06,consumption,0.127
豆油,Ecuador,2005/06,consumption,0.103
豆油,El Salvador,2005/06,consumption,0.019
豆油,Ethiopia,2005/06,consumption,0.006
豆油,Guatemala,2005/06,consumption,0.091
豆油,Haiti,2005/06,consumption,0.011
豆油,Hong Kong,2005/06,consumption,0.058
豆油,Israel,2005/06,consumption,0.083
豆油,Jamaica,2005/06,consumption,0.022
豆油,Jordan,2005/06,consumption,0.032
豆油,"Korea, North",2005/06,consumption,0.086
豆油,Lebanon,2005/06,consumption,0.039
豆油,Madagascar,2005/06,consumption,0.032
豆油,Mauritius,2005/06,consumption,0.017
豆油,New Zealand,2005/06,consumption,0.019
豆油,Nicaragua,2005/06,consumption,0.031
豆油,Nigeria,2005/06,consumption,0.038
豆油,Norway,2005/06,consumption,0.032
豆油,Panama,2005/06,consumption,0.021
豆油,Senegal,2005/06,consumption,0.081
豆油,Serbia and Montenegro,2005/06,consumption,0.042
豆油,Singapore,2005/06,consumption,0.022
豆油,Somalia,2005/06,consumption,0.001
豆油,Switzerland,2005/06,consumption,0.01
豆油,Syria,2005/06,consumption,0.087
豆油,Tanzania,2005/06,consumption,0.001
豆油,Trinidad and Tobago,2005/06,consumption,0.014
豆油,United Arab Emirates,2005/06,consumption,0.035
豆油,Uzbekistan,2005/06,consumption,0.004
豆油,Zambia,2005/06,consumption,0.008
豆油,Zimbabwe,2005/06,consumption,0.016
豆油,阿尔及利亚,2005/06,exports,0
豆油,阿根廷,2005/06,exports,5.597
豆油,埃及,2005/06,exports,0.005
豆油,巴基斯坦,2005/06,exports,0
豆油,巴拉圭,2005/06,exports,0.189
豆油,巴西,2005/06,exports,2.466
豆油,玻利维亚,2005/06,exports,0.22
豆油,俄罗斯,2005/06,exports,0.001
豆油,菲律宾,2005/06,exports,0
豆油,哥伦比亚,2005/06,exports,0.005
豆油,韩国,2005/06,exports,0.004
豆油,加拿大,2005/06,exports,0.023
豆油,马来西亚,2005/06,exports,0.135
豆油,美国,2005/06,exports,0.523
豆油,孟加拉国,2005/06,exports,0
豆油,秘鲁,2005/06,exports,0
豆油,摩洛哥,2005/06,exports,0
豆油,墨西哥,2005/06,exports,0.001
豆油,南非,2005/06,exports,0.007
豆油,欧盟,2005/06,exports,0.273
豆油,日本,2005/06,exports,0
豆油,沙特阿拉伯,2005/06,exports,0
豆油,泰国,2005/06,exports,0.015
豆油,突尼斯,2005/06,exports,0
豆油,土耳其,2005/06,exports,0.003
豆油,委内瑞拉,2005/06,exports,0
豆油,乌克兰,2005/06,exports,0.008
豆油,乌拉圭,2005/06,exports,0
豆油,伊朗,2005/06,exports,0.008
豆油,印度,2005/06,exports,0.013
豆油,印度尼西亚,2005/06,exports,0
豆油,越南,2005/06,exports,0
豆油,智利,2005/06,exports,0
豆油,中国,2005/06,exports,0.105
豆油,中国台湾,2005/06,exports,0.003
豆油,Angola,2005/06,exports,0
豆油,Australia,2005/06,exports,0.001
豆油,Barbados,2005/06,exports,0
豆油,Bosnia and Herzegovina,2005/06,exports,0.004
豆油,Costa Rica,2005/06,exports,0.013
豆油,Cuba,2005/06,exports,0
豆油,Dominican Republic,2005/06,exports,0
豆油,Ecuador,2005/06,exports,0
豆油,El Salvador,2005/06,exports,0.001
豆油,Ethiopia,2005/06,exports,0
豆油,Guatemala,2005/06,exports,0.004
豆油,Haiti,2005/06,exports,0
豆油,Hong Kong,2005/06,exports,0.012
豆油,Israel,2005/06,exports,0.001
豆油,Jamaica,2005/06,exports,0
豆油,Jordan,2005/06,exports,0
豆油,"Korea, North",2005/06,exports,0
豆油,Lebanon,2005/06,exports,0
豆油,Madagascar,2005/06,exports,0
豆油,Mauritius,2005/06,exports,0
豆油,New Zealand,2005/06,exports,0.001
豆油,Nicaragua,2005/06,exports,0
豆油,Nigeria,2005/06,exports,0
豆油,Norway,2005/06,exports,0.081
豆油,Panama,2005/06,exports,0
豆油,Senegal,2005/06,exports,0
豆油,Serbia and Montenegro,2005/06,exports,0.01
豆油,Singapore,2005/06,exports,0.011
豆油,Somalia,2005/06,exports,0
豆油,Switzerland,2005/06,exports,0
豆油,Syria,2005/06,exports,0.001
豆油,Tanzania,2005/06,exports,0
豆油,Trinidad and Tobago,2005/06,exports,0
豆油,United Arab Emirates,2005/06,exports,0.046
豆油,Uzbekistan,2005/06,exports,0
豆油,Zambia,2005/06,exports,0
豆油,Zimbabwe,2005/06,exports,0
豆油,阿尔及利亚,2005/06,imports,0.31
豆油,阿根廷,2005/06,imports,0
豆油,埃及,2005/06,imports,0.24
豆油,巴基斯坦,2005/06,imports,0.017
豆油,巴拉圭,2005/06,imports,0.004
豆油,巴西,2005/06,imports,0.028
豆油,玻利维亚,2005/06,imports,0.001
豆油,俄罗斯,2005/06,imports,0.046
豆油,菲律宾,2005/06,imports,0.029
豆油,哥伦比亚,2005/06,imports,0.163
豆油,韩国,2005/06,imports,0.265
豆油,加拿大,2005/06,imports,0.078
豆油,马来西亚,2005/06,imports,0.072
豆油,美国,2005/06,imports,0.016
豆油,孟加拉国,2005/06,imports,0.262
豆油,秘鲁,2005/06,imports,0.302
豆油,摩洛哥,2005/06,imports,0.372
豆油,墨西哥,2005/06,imports,0.122
豆油,南非,2005/06,imports,0.235
豆油,欧盟,2005/06,imports,0.719
豆油,日本,2005/06,imports,0.061
豆油,沙特阿拉伯,2005/06,imports,0.002
豆油,泰国,2005/06,imports,0
豆油,突尼斯,2005/06,imports,0.18
豆油,土耳其,2005/06,imports,0.217
豆油,委内瑞拉,2005/06,imports,0.285
豆油,乌克兰,2005/06,imports,0
豆油,乌拉圭,2005/06,imports,0.015
豆油,伊朗,2005/06,imports,0.6
豆油,印度,2005/06,imports,1.453
豆油,印度尼西亚,2005/06,imports,0.016
豆油,越南,2005/06,imports,0.068
豆油,智利,2005/06,imports,0.022
豆油,中国,2005/06,imports,1.516
豆油,中国台湾,2005/06,imports,0.01
豆油,Angola,2005/06,imports,0.062
豆油,Australia,2005/06,imports,0.035
豆油,Barbados,2005/06,imports,0.002
豆油,Bosnia and Herzegovina,2005/06,imports,0.004
豆油,Costa Rica,2005/06,imports,0.001
豆油,Cuba,2005/06,imports,0.091
豆油,Dominican Republic,2005/06,imports,0.122
豆油,Ecuador,2005/06,imports,0.095
豆油,El Salvador,2005/06,imports,0.02
豆油,Ethiopia,2005/06,imports,0.006
豆油,Guatemala,2005/06,imports,0.088
豆油,Haiti,2005/06,imports,0.012
豆油,Hong Kong,2005/06,imports,0.065
豆油,Israel,2005/06,imports,0.013
豆油,Jamaica,2005/06,imports,0.024
豆油,Jordan,2005/06,imports,0.032
豆油,"Korea, North",2005/06,imports,0.05
豆油,Lebanon,2005/06,imports,0.021
豆油,Madagascar,2005/06,imports,0.031
豆油,Mauritius,2005/06,imports,0.017
豆油,New Zealand,2005/06,imports,0.019
豆油,Nicaragua,2005/06,imports,0.035
豆油,Nigeria,2005/06,imports,0.001
豆油,Norway,2005/06,imports,0.029
豆油,Panama,2005/06,imports,0.02
豆油,Senegal,2005/06,imports,0.081
豆油,Serbia and Montenegro,2005/06,imports,0.001
豆油,Singapore,2005/06,imports,0.032
豆油,Somalia,2005/06,imports,0.001
豆油,Switzerland,2005/06,imports,0.004
豆油,Syria,2005/06,imports,0.026
豆油,Tanzania,2005/06,imports,0.001
豆油,Trinidad and Tobago,2005/06,imports,0.011
豆油,United Arab Emirates,2005/06,imports,0.016
豆油,Uzbekistan,2005/06,imports,0.003
豆油,Zambia,2005/06,imports,0.003
豆油,Zimbabwe,2005/06,imports,0.002
豆油,阿尔及利亚,2005/06,production,0
豆油,阿根廷,2005/06,production,5.998
豆油,埃及,2005/06,production,0.16
豆油,巴基斯坦,2005/06,production,0.002
豆油,巴拉圭,2005/06,production,0.25
豆油,巴西,2005/06,production,5.43
豆油,玻利维亚,2005/06,production,0.31
豆油,俄罗斯,2005/06,production,0.107
豆油,菲律宾,2005/06,production,0.021
豆油,哥伦比亚,2005/06,production,0.034
豆油,韩国,2005/06,production,0.178
豆油,加拿大,2005/06,production,0.281
豆油,马来西亚,2005/06,production,0.072
豆油,美国,2005/06,production,9.248
豆油,孟加拉国,2005/06,production,0.021
豆油,秘鲁,2005/06,production,0
豆油,摩洛哥,2005/06,production,0.08
豆油,墨西哥,2005/06,production,0.665
豆油,南非,2005/06,production,0.027
豆油,欧盟,2005/06,production,2.512
豆油,日本,2005/06,production,0.579
豆油,沙特阿拉伯,2005/06,production,0
豆油,泰国,2005/06,production,0.262
豆油,突尼斯,2005/06,production,0
豆油,土耳其,2005/06,production,0.065
豆油,委内瑞拉,2005/06,production,0.01
豆油,乌克兰,2005/06,production,0.063
豆油,乌拉圭,2005/06,production,0.004
豆油,伊朗,2005/06,production,0.101
豆油,印度,2005/06,production,1.278
豆油,印度尼西亚,2005/06,production,0
豆油,越南,2005/06,production,0
豆油,智利,2005/06,production,0.034
豆油,中国,2005/06,production,6.149
豆油,中国台湾,2005/06,production,0.363
豆油,Angola,2005/06,production,0
豆油,Australia,2005/06,production,0.01
豆油,Barbados,2005/06,production,0.003
豆油,Bosnia and Herzegovina,2005/06,production,0.003
豆油,Costa Rica,2005/06,production,0.034
豆油,Cuba,2005/06,production,0.017
豆油,Dominican Republic,2005/06,production,0
豆油,Ecuador,2005/06,production,0.006
豆油,El Salvador,2005/06,production,0
豆油,Ethiopia,2005/06,production,0
豆油,Guatemala,2005/06,production,0.009
豆油,Haiti,2005/06,production,0
豆油,Hong Kong,2005/06,production,0
豆油,Israel,2005/06,production,0.056
豆油,Jamaica,2005/06,production,0
豆油,Jordan,2005/06,production,0
豆油,"Korea, North",2005/06,production,0.024
豆油,Lebanon,2005/06,production,0.018
豆油,Madagascar,2005/06,production,0
豆油,Mauritius,2005/06,production,0
豆油,New Zealand,2005/06,production,0
豆油,Nicaragua,2005/06,production,0
豆油,Nigeria,2005/06,production,0.037
豆油,Norway,2005/06,production,0.074
豆油,Panama,2005/06,production,0.001
豆油,Senegal,2005/06,production,0
豆油,Serbia and Montenegro,2005/06,production,0.051
豆油,Singapore,2005/06,production,0.004
豆油,Somalia,2005/06,production,0
豆油,Switzerland,2005/06,production,0.006
豆油,Syria,2005/06,production,0.062
豆油,Tanzania,2005/06,production,0
豆油,Trinidad and Tobago,2005/06,production,0.001
豆油,United Arab Emirates,2005/06,production,0.065
豆油,Uzbekistan,2005/06,production,0.001
豆油,Zambia,2005/06,production,0.005
豆油,Zimbabwe,2005/06,production,0.014
豆油,阿尔及利亚,2006/07,consumption,0.3
豆油,阿根廷,2006/07,consumption,0.459
豆油,埃及,2006/07,consumption,0.35
豆油,巴基斯坦,2006/07,consumption,0.031
豆油,巴拉圭,2006/07,consumption,0.06
豆油,巴西,2006/07,consumption,3.395
豆油,玻利维亚,2006/07,consumption,0.082
豆油,俄罗斯,2006/07,consumption,0.15
豆油,菲律宾,2006/07,consumption,0.048
豆油,哥伦比亚,2006/07,consumption,0.195
豆油,韩国,2006/07,consumption,0.458
豆油,加拿大,2006/07,consumption,0.332
豆油,马来西亚,2006/07,consumption,0.014
豆油,美国,2006/07,consumption,8.426
豆油,孟加拉国,2006/07,consumption,0.342
豆油,秘鲁,2006/07,consumption,0.292
豆油,摩洛哥,2006/07,consumption,0.445
豆油,墨西哥,2006/07,consumption,0.855
豆油,南非,2006/07,consumption,0.26
豆油,欧盟,2006/07,consumption,3.412
豆油,日本,2006/07,consumption,0.639
豆油,沙特阿拉伯,2006/07,consumption,0.01
豆油,泰国,2006/07,consumption,0.258
豆油,突尼斯,2006/07,consumption,0.181
豆油,土耳其,2006/07,consumption,0.195
豆油,委内瑞拉,2006/07,consumption,0.354
豆油,乌克兰,2006/07,consumption,0.07
豆油,乌拉圭,2006/07,consumption,0.02
豆油,伊朗,2006/07,consumption,0.75
豆油,印度,2006/07,consumption,2.45
豆油,印度尼西亚,2006/07,consumption,0.018
豆油,越南,2006/07,consumption,0.071
豆油,智利,2006/07,consumption,0.036
豆油,中国,2006/07,consumption,8.67
豆油,中国台湾,2006/07,consumption,0.375
豆油,Angola,2006/07,consumption,0.09
豆油,Australia,2006/07,consumption,0.03
豆油,Barbados,2006/07,consumption,0.005
豆油,Bosnia and Herzegovina,2006/07,consumption,0.003
豆油,Costa Rica,2006/07,consumption,0.02
豆油,Cuba,2006/07,consumption,0.104
豆油,Dominican Republic,2006/07,consumption,0.13
豆油,Ecuador,2006/07,consumption,0.109
豆油,El Salvador,2006/07,consumption,0.019
豆油,Ethiopia,2006/07,consumption,0.004
豆油,Guatemala,2006/07,consumption,0.092
豆油,Haiti,2006/07,consumption,0.025
豆油,Hong Kong,2006/07,consumption,0.054
豆油,Israel,2006/07,consumption,0.076
豆油,Jamaica,2006/07,consumption,0.022
豆油,Jordan,2006/07,consumption,0.03
豆油,Kazakhstan,2006/07,consumption,0.013
豆油,"Korea, North",2006/07,consumption,0.081
豆油,Lebanon,2006/07,consumption,0.033
豆油,Madagascar,2006/07,consumption,0.036
豆油,Mauritius,2006/07,consumption,0.015
豆油,New Zealand,2006/07,consumption,0.02
豆油,Nicaragua,2006/07,consumption,0.026
豆油,Nigeria,2006/07,consumption,0.039
豆油,Norway,2006/07,consumption,0.031
豆油,Panama,2006/07,consumption,0.022
豆油,Senegal,2006/07,consumption,0.09
豆油,Serbia,2006/07,consumption,0.034
豆油,Singapore,2006/07,consumption,0.022
豆油,Somalia,2006/07,consumption,0
豆油,Switzerland,2006/07,consumption,0.01
豆油,Syria,2006/07,consumption,0.081
豆油,Tanzania,2006/07,consumption,0.011
豆油,Trinidad and Tobago,2006/07,consumption,0.011
豆油,United Arab Emirates,2006/07,consumption,0.042
豆油,Uzbekistan,2006/07,consumption,0.004
豆油,Zambia,2006/07,consumption,0.008
豆油,Zimbabwe,2006/07,consumption,0.02
豆油,阿尔及利亚,2006/07,exports,0
豆油,阿根廷,2006/07,exports,5.97
豆油,埃及,2006/07,exports,0.002
豆油,巴基斯坦,2006/07,exports,0
豆油,巴拉圭,2006/07,exports,0.195
豆油,巴西,2006/07,exports,2.462
豆油,玻利维亚,2006/07,exports,0.21
豆油,俄罗斯,2006/07,exports,0.005
豆油,菲律宾,2006/07,exports,0
豆油,哥伦比亚,2006/07,exports,0.007
豆油,韩国,2006/07,exports,0.004
豆油,加拿大,2006/07,exports,0.024
豆油,马来西亚,2006/07,exports,0.143
豆油,美国,2006/07,exports,0.851
豆油,孟加拉国,2006/07,exports,0
豆油,秘鲁,2006/07,exports,0
豆油,摩洛哥,2006/07,exports,0.008
豆油,墨西哥,2006/07,exports,0
豆油,南非,2006/07,exports,0.001
豆油,欧盟,2006/07,exports,0.244
豆油,日本,2006/07,exports,0
豆油,沙特阿拉伯,2006/07,exports,0
豆油,泰国,2006/07,exports,0.003
豆油,突尼斯,2006/07,exports,0
豆油,土耳其,2006/07,exports,0.008
豆油,委内瑞拉,2006/07,exports,0
豆油,乌克兰,2006/07,exports,0.009
豆油,乌拉圭,2006/07,exports,0
豆油,伊朗,2006/07,exports,0.008
豆油,印度,2006/07,exports,0.008
豆油,印度尼西亚,2006/07,exports,0
豆油,越南,2006/07,exports,0.008
豆油,智利,2006/07,exports,0
豆油,中国,2006/07,exports,0.094
豆油,中国台湾,2006/07,exports,0.005
豆油,Angola,2006/07,exports,0
豆油,Australia,2006/07,exports,0.001
豆油,Barbados,2006/07,exports,0
豆油,Bosnia and Herzegovina,2006/07,exports,0.001
豆油,Costa Rica,2006/07,exports,0.017
豆油,Cuba,2006/07,exports,0
豆油,Dominican Republic,2006/07,exports,0
豆油,Ecuador,2006/07,exports,0
豆油,El Salvador,2006/07,exports,0.001
豆油,Ethiopia,2006/07,exports,0
豆油,Guatemala,2006/07,exports,0.009
豆油,Haiti,2006/07,exports,0
豆油,Hong Kong,2006/07,exports,0.013
豆油,Israel,2006/07,exports,0.001
豆油,Jamaica,2006/07,exports,0.003
豆油,Jordan,2006/07,exports,0.001
豆油,Kazakhstan,2006/07,exports,0.003
豆油,"Korea, North",2006/07,exports,0
豆油,Lebanon,2006/07,exports,0
豆油,Madagascar,2006/07,exports,0
豆油,Mauritius,2006/07,exports,0.001
豆油,New Zealand,2006/07,exports,0
豆油,Nicaragua,2006/07,exports,0
豆油,Nigeria,2006/07,exports,0
豆油,Norway,2006/07,exports,0.073
豆油,Panama,2006/07,exports,0
豆油,Senegal,2006/07,exports,0
豆油,Serbia,2006/07,exports,0.021
豆油,Singapore,2006/07,exports,0.023
豆油,Somalia,2006/07,exports,0
豆油,Switzerland,2006/07,exports,0
豆油,Syria,2006/07,exports,0.013
豆油,Tanzania,2006/07,exports,0
豆油,Trinidad and Tobago,2006/07,exports,0
豆油,United Arab Emirates,2006/07,exports,0.05
豆油,Uzbekistan,2006/07,exports,0
豆油,Zambia,2006/07,exports,0
豆油,Zimbabwe,2006/07,exports,0
豆油,阿尔及利亚,2006/07,imports,0.295
豆油,阿根廷,2006/07,imports,0
豆油,埃及,2006/07,imports,0.124
豆油,巴基斯坦,2006/07,imports,0.028
豆油,巴拉圭,2006/07,imports,0.003
豆油,巴西,2006/07,imports,0.004
豆油,玻利维亚,2006/07,imports,0
豆油,俄罗斯,2006/07,imports,0.019
豆油,菲律宾,2006/07,imports,0.034
豆油,哥伦比亚,2006/07,imports,0.17
豆油,韩国,2006/07,imports,0.302
豆油,加拿大,2006/07,imports,0.079
豆油,马来西亚,2006/07,imports,0.081
豆油,美国,2006/07,imports,0.017
豆油,孟加拉国,2006/07,imports,0.327
豆油,秘鲁,2006/07,imports,0.3
豆油,摩洛哥,2006/07,imports,0.36
豆油,墨西哥,2006/07,imports,0.137
豆油,南非,2006/07,imports,0.29
豆油,欧盟,2006/07,imports,0.978
豆油,日本,2006/07,imports,0.05
豆油,沙特阿拉伯,2006/07,imports,0.01
豆油,泰国,2006/07,imports,0.001
豆油,突尼斯,2006/07,imports,0.165
豆油,土耳其,2006/07,imports,0.111
豆油,委内瑞拉,2006/07,imports,0.375
豆油,乌克兰,2006/07,imports,0
豆油,乌拉圭,2006/07,imports,0.015
豆油,伊朗,2006/07,imports,0.583
豆油,印度,2006/07,imports,1.249
豆油,印度尼西亚,2006/07,imports,0.018
豆油,越南,2006/07,imports,0.064
豆油,智利,2006/07,imports,0.003
豆油,中国,2006/07,imports,2.404
豆油,中国台湾,2006/07,imports,0.011
豆油,Angola,2006/07,imports,0.11
豆油,Australia,2006/07,imports,0.024
豆油,Barbados,2006/07,imports,0.002
豆油,Bosnia and Herzegovina,2006/07,imports,0.003
豆油,Costa Rica,2006/07,imports,0.001
豆油,Cuba,2006/07,imports,0.048
豆油,Dominican Republic,2006/07,imports,0.149
豆油,Ecuador,2006/07,imports,0.118
豆油,El Salvador,2006/07,imports,0.02
豆油,Ethiopia,2006/07,imports,0.004
豆油,Guatemala,2006/07,imports,0.105
豆油,Haiti,2006/07,imports,0.028
豆油,Hong Kong,2006/07,imports,0.067
豆油,Israel,2006/07,imports,0.016
豆油,Jamaica,2006/07,imports,0.024
豆油,Jordan,2006/07,imports,0.031
豆油,Kazakhstan,2006/07,imports,0
豆油,"Korea, North",2006/07,imports,0.037
豆油,Lebanon,2006/07,imports,0.015
豆油,Madagascar,2006/07,imports,0.039
豆油,Mauritius,2006/07,imports,0.019
豆油,New Zealand,2006/07,imports,0.02
豆油,Nicaragua,2006/07,imports,0.027
豆油,Nigeria,2006/07,imports,0
豆油,Norway,2006/07,imports,0.031
豆油,Panama,2006/07,imports,0.022
豆油,Senegal,2006/07,imports,0.092
豆油,Serbia,2006/07,imports,0.001
豆油,Singapore,2006/07,imports,0.035
豆油,Somalia,2006/07,imports,0
豆油,Switzerland,2006/07,imports,0.004
豆油,Syria,2006/07,imports,0.03
豆油,Tanzania,2006/07,imports,0.011
豆油,Trinidad and Tobago,2006/07,imports,0.011
豆油,United Arab Emirates,2006/07,imports,0.003
豆油,Uzbekistan,2006/07,imports,0.004
豆油,Zambia,2006/07,imports,0.002
豆油,Zimbabwe,2006/07,imports,0
豆油,阿尔及利亚,2006/07,production,0
豆油,阿根廷,2006/07,production,6.424
豆油,埃及,2006/07,production,0.205
豆油,巴基斯坦,2006/07,production,0.005
豆油,巴拉圭,2006/07,production,0.26
豆油,巴西,2006/07,production,5.97
豆油,玻利维亚,2006/07,production,0.303
豆油,俄罗斯,2006/07,production,0.134
豆油,菲律宾,2006/07,production,0.016
豆油,哥伦比亚,2006/07,production,0.032
豆油,韩国,2006/07,production,0.19
豆油,加拿大,2006/07,production,0.278
豆油,马来西亚,2006/07,production,0.066
豆油,美国,2006/07,production,9.294
豆油,孟加拉国,2006/07,production,0.028
豆油,秘鲁,2006/07,production,0
豆油,摩洛哥,2006/07,production,0.081
豆油,墨西哥,2006/07,production,0.68
豆油,南非,2006/07,production,0.031
豆油,欧盟,2006/07,production,2.694
豆油,日本,2006/07,production,0.576
豆油,沙特阿拉伯,2006/07,production,0
豆油,泰国,2006/07,production,0.26
豆油,突尼斯,2006/07,production,0
豆油,土耳其,2006/07,production,0.077
豆油,委内瑞拉,2006/07,production,0.005
豆油,乌克兰,2006/07,production,0.079
豆油,乌拉圭,2006/07,production,0.005
豆油,伊朗,2006/07,production,0.252
豆油,印度,2006/07,production,1.17
豆油,印度尼西亚,2006/07,production,0
豆油,越南,2006/07,production,0
豆油,智利,2006/07,production,0.032
豆油,中国,2006/07,production,6.41
豆油,中国台湾,2006/07,production,0.363
豆油,Angola,2006/07,production,0
豆油,Australia,2006/07,production,0.01
豆油,Barbados,2006/07,production,0.003
豆油,Bosnia and Herzegovina,2006/07,production,0.003
豆油,Costa Rica,2006/07,production,0.036
豆油,Cuba,2006/07,production,0.029
豆油,Dominican Republic,2006/07,production,0
豆油,Ecuador,2006/07,production,0.006
豆油,El Salvador,2006/07,production,0
豆油,Ethiopia,2006/07,production,0
豆油,Guatemala,2006/07,production,0.008
豆油,Haiti,2006/07,production,0
豆油,Hong Kong,2006/07,production,0
豆油,Israel,2006/07,production,0.076
豆油,Jamaica,2006/07,production,0
豆油,Jordan,2006/07,production,0
豆油,Kazakhstan,2006/07,production,0.018
豆油,"Korea, North",2006/07,production,0.024
豆油,Lebanon,2006/07,production,0.018
豆油,Madagascar,2006/07,production,0
豆油,Mauritius,2006/07,production,0
豆油,New Zealand,2006/07,production,0
豆油,Nicaragua,2006/07,production,0
豆油,Nigeria,2006/07,production,0.039
豆油,Norway,2006/07,production,0.076
豆油,Panama,2006/07,production,0
豆油,Senegal,2006/07,production,0
豆油,Serbia,2006/07,production,0.059
豆油,Singapore,2006/07,production,0.003
豆油,Somalia,2006/07,production,0
豆油,Switzerland,2006/07,production,0.006
豆油,Syria,2006/07,production,0.07
豆油,Tanzania,2006/07,production,0
豆油,Trinidad and Tobago,2006/07,production,0
豆油,United Arab Emirates,2006/07,production,0.098
豆油,Uzbekistan,2006/07,production,0.002
豆油,Zambia,2006/07,production,0.006
豆油,Zimbabwe,2006/07,production,0.019
豆油,阿尔及利亚,2007/08,consumption,0.355
豆油,阿根廷,2007/08,consumption,1.026
豆油,埃及,2007/08,consumption,0.621
豆油,巴基斯坦,2007/08,consumption,0.043
豆油,巴拉圭,2007/08,consumption,0.057
豆油,巴西,2007/08,consumption,3.955
豆油,玻利维亚,2007/08,consumption,0.081
豆油,俄罗斯,2007/08,consumption,0.23
豆油,菲律宾,2007/08,consumption,0.048
豆油,哥伦比亚,2007/08,consumption,0.217
豆油,韩国,2007/08,consumption,0.466
豆油,加拿大,2007/08,consumption,0.317
豆油,马来西亚,2007/08,consumption,0.01
豆油,美国,2007/08,consumption,8.317
豆油,孟加拉国,2007/08,consumption,0.36
豆油,秘鲁,2007/08,consumption,0.3
豆油,摩洛哥,2007/08,consumption,0.45
豆油,墨西哥,2007/08,consumption,0.865
豆油,南非,2007/08,consumption,0.255
豆油,欧盟,2007/08,consumption,3.205
豆油,日本,2007/08,consumption,0.6
豆油,沙特阿拉伯,2007/08,consumption,0.02
豆油,泰国,2007/08,consumption,0.261
豆油,突尼斯,2007/08,consumption,0.175
豆油,土耳其,2007/08,consumption,0.11
豆油,委内瑞拉,2007/08,consumption,0.384
豆油,乌克兰,2007/08,consumption,0.077
豆油,乌拉圭,2007/08,consumption,0.022
豆油,伊朗,2007/08,consumption,0.73
豆油,印度,2007/08,consumption,2.1
豆油,印度尼西亚,2007/08,consumption,0.021
豆油,越南,2007/08,consumption,0.087
豆油,智利,2007/08,consumption,0.034
豆油,中国,2007/08,consumption,9.693
豆油,中国台湾,2007/08,consumption,0.38
豆油,Angola,2007/08,consumption,0.09
豆油,Australia,2007/08,consumption,0.032
豆油,Barbados,2007/08,consumption,0.007
豆油,Bosnia and Herzegovina,2007/08,consumption,0.003
豆油,Costa Rica,2007/08,consumption,0.034
豆油,Cuba,2007/08,consumption,0.106
豆油,Dominican Republic,2007/08,consumption,0.134
豆油,Ecuador,2007/08,consumption,0.112
豆油,El Salvador,2007/08,consumption,0.019
豆油,Ethiopia,2007/08,consumption,0.005
豆油,Guatemala,2007/08,consumption,0.092
豆油,Haiti,2007/08,consumption,0.023
豆油,Hong Kong,2007/08,consumption,0.052
豆油,Israel,2007/08,consumption,0.08
豆油,Jamaica,2007/08,consumption,0.022
豆油,Jordan,2007/08,consumption,0.027
豆油,Kazakhstan,2007/08,consumption,0.014
豆油,"Korea, North",2007/08,consumption,0.064
豆油,Lebanon,2007/08,consumption,0.035
豆油,Madagascar,2007/08,consumption,0.037
豆油,Mauritius,2007/08,consumption,0.012
豆油,New Zealand,2007/08,consumption,0.018
豆油,Nicaragua,2007/08,consumption,0.026
豆油,Nigeria,2007/08,consumption,0.042
豆油,Norway,2007/08,consumption,0.031
豆油,Panama,2007/08,consumption,0.031
豆油,Senegal,2007/08,consumption,0.088
豆油,Serbia,2007/08,consumption,0.02
豆油,Singapore,2007/08,consumption,0.024
豆油,Somalia,2007/08,consumption,0.001
豆油,Switzerland,2007/08,consumption,0.01
豆油,Syria,2007/08,consumption,0.083
豆油,Tanzania,2007/08,consumption,0.008
豆油,Trinidad and Tobago,2007/08,consumption,0.012
豆油,United Arab Emirates,2007/08,consumption,0.052
豆油,Uzbekistan,2007/08,consumption,0.004
豆油,Zambia,2007/08,consumption,0.008
豆油,Zimbabwe,2007/08,consumption,0.016
豆油,阿尔及利亚,2007/08,exports,0.005
豆油,阿根廷,2007/08,exports,5.789
豆油,埃及,2007/08,exports,0.017
豆油,巴基斯坦,2007/08,exports,0
豆油,巴拉圭,2007/08,exports,0.255
豆油,巴西,2007/08,exports,2.388
豆油,玻利维亚,2007/08,exports,0.143
豆油,俄罗斯,2007/08,exports,0.01
豆油,菲律宾,2007/08,exports,0
豆油,哥伦比亚,2007/08,exports,0.007
豆油,韩国,2007/08,exports,0.012
豆油,加拿大,2007/08,exports,0.05
豆油,马来西亚,2007/08,exports,0.123
豆油,美国,2007/08,exports,1.32
豆油,孟加拉国,2007/08,exports,0
豆油,秘鲁,2007/08,exports,0
豆油,摩洛哥,2007/08,exports,0.009
豆油,墨西哥,2007/08,exports,0.002
豆油,南非,2007/08,exports,0.003
豆油,欧盟,2007/08,exports,0.335
豆油,日本,2007/08,exports,0
豆油,沙特阿拉伯,2007/08,exports,0.001
豆油,泰国,2007/08,exports,0.008
豆油,突尼斯,2007/08,exports,0.009
豆油,土耳其,2007/08,exports,0.006
豆油,委内瑞拉,2007/08,exports,0
豆油,乌克兰,2007/08,exports,0.008
豆油,乌拉圭,2007/08,exports,0
豆油,伊朗,2007/08,exports,0.008
豆油,印度,2007/08,exports,0.016
豆油,印度尼西亚,2007/08,exports,0
豆油,越南,2007/08,exports,0
豆油,智利,2007/08,exports,0
豆油,中国,2007/08,exports,0.102
豆油,中国台湾,2007/08,exports,0.008
豆油,Angola,2007/08,exports,0
豆油,Australia,2007/08,exports,0.002
豆油,Barbados,2007/08,exports,0
豆油,Bosnia and Herzegovina,2007/08,exports,0.002
豆油,Costa Rica,2007/08,exports,0.008
豆油,Cuba,2007/08,exports,0
豆油,Dominican Republic,2007/08,exports,0
豆油,Ecuador,2007/08,exports,0.012
豆油,El Salvador,2007/08,exports,0
豆油,Ethiopia,2007/08,exports,0
豆油,Guatemala,2007/08,exports,0.011
豆油,Haiti,2007/08,exports,0
豆油,Hong Kong,2007/08,exports,0.011
豆油,Israel,2007/08,exports,0.006
豆油,Jamaica,2007/08,exports,0
豆油,Jordan,2007/08,exports,0.001
豆油,Kazakhstan,2007/08,exports,0
豆油,"Korea, North",2007/08,exports,0
豆油,Lebanon,2007/08,exports,0
豆油,Madagascar,2007/08,exports,0
豆油,Mauritius,2007/08,exports,0
豆油,New Zealand,2007/08,exports,0
豆油,Nicaragua,2007/08,exports,0.001
豆油,Nigeria,2007/08,exports,0
豆油,Norway,2007/08,exports,0.069
豆油,Panama,2007/08,exports,0
豆油,Senegal,2007/08,exports,0
豆油,Serbia,2007/08,exports,0.044
豆油,Singapore,2007/08,exports,0.013
豆油,Somalia,2007/08,exports,0
豆油,Switzerland,2007/08,exports,0
豆油,Syria,2007/08,exports,0.009
豆油,Tanzania,2007/08,exports,0
豆油,Trinidad and Tobago,2007/08,exports,0
豆油,United Arab Emirates,2007/08,exports,0.054
豆油,Uzbekistan,2007/08,exports,0
豆油,Zambia,2007/08,exports,0
豆油,Zimbabwe,2007/08,exports,0
豆油,阿尔及利亚,2007/08,imports,0.383
豆油,阿根廷,2007/08,imports,0
豆油,埃及,2007/08,imports,0.482
豆油,巴基斯坦,2007/08,imports,0.054
豆油,巴拉圭,2007/08,imports,0.003
豆油,巴西,2007/08,imports,0.067
豆油,玻利维亚,2007/08,imports,0
豆油,俄罗斯,2007/08,imports,0.121
豆油,菲律宾,2007/08,imports,0.033
豆油,哥伦比亚,2007/08,imports,0.184
豆油,韩国,2007/08,imports,0.296
豆油,加拿大,2007/08,imports,0.08
豆油,马来西亚,2007/08,imports,0.045
豆油,美国,2007/08,imports,0.03
豆油,孟加拉国,2007/08,imports,0.401
豆油,秘鲁,2007/08,imports,0.292
豆油,摩洛哥,2007/08,imports,0.421
豆油,墨西哥,2007/08,imports,0.236
豆油,南非,2007/08,imports,0.218
豆油,欧盟,2007/08,imports,1.038
豆油,日本,2007/08,imports,0.042
豆油,沙特阿拉伯,2007/08,imports,0.011
豆油,泰国,2007/08,imports,0.001
豆油,突尼斯,2007/08,imports,0.237
豆油,土耳其,2007/08,imports,0.031
豆油,委内瑞拉,2007/08,imports,0.4
豆油,乌克兰,2007/08,imports,0
豆油,乌拉圭,2007/08,imports,0.017
豆油,伊朗,2007/08,imports,0.527
豆油,印度,2007/08,imports,0.621
豆油,印度尼西亚,2007/08,imports,0.021
豆油,越南,2007/08,imports,0.092
豆油,智利,2007/08,imports,0.004
豆油,中国,2007/08,imports,2.727
豆油,中国台湾,2007/08,imports,0.04
豆油,Angola,2007/08,imports,0.087
豆油,Australia,2007/08,imports,0.021
豆油,Barbados,2007/08,imports,0.004
豆油,Bosnia and Herzegovina,2007/08,imports,0.002
豆油,Costa Rica,2007/08,imports,0.002
豆油,Cuba,2007/08,imports,0.085
豆油,Dominican Republic,2007/08,imports,0.131
豆油,Ecuador,2007/08,imports,0.126
豆油,El Salvador,2007/08,imports,0.02
豆油,Ethiopia,2007/08,imports,0.005
豆油,Guatemala,2007/08,imports,0.093
豆油,Haiti,2007/08,imports,0.019
豆油,Hong Kong,2007/08,imports,0.058
豆油,Israel,2007/08,imports,0.013
豆油,Jamaica,2007/08,imports,0.022
豆油,Jordan,2007/08,imports,0.036
豆油,Kazakhstan,2007/08,imports,0.001
豆油,"Korea, North",2007/08,imports,0.021
豆油,Lebanon,2007/08,imports,0.018
豆油,Madagascar,2007/08,imports,0.04
豆油,Mauritius,2007/08,imports,0.006
豆油,New Zealand,2007/08,imports,0.019
豆油,Nicaragua,2007/08,imports,0.023
豆油,Nigeria,2007/08,imports,0.001
豆油,Norway,2007/08,imports,0.028
豆油,Panama,2007/08,imports,0.032
豆油,Senegal,2007/08,imports,0.092
豆油,Serbia,2007/08,imports,0.001
豆油,Singapore,2007/08,imports,0.035
豆油,Somalia,2007/08,imports,0.001
豆油,Switzerland,2007/08,imports,0.004
豆油,Syria,2007/08,imports,0.019
豆油,Tanzania,2007/08,imports,0.008
豆油,Trinidad and Tobago,2007/08,imports,0.014
豆油,United Arab Emirates,2007/08,imports,0.035
豆油,Uzbekistan,2007/08,imports,0
豆油,Zambia,2007/08,imports,0.002
豆油,Zimbabwe,2007/08,imports,0.001
豆油,阿尔及利亚,2007/08,production,0
豆油,阿根廷,2007/08,production,6.627
豆油,埃及,2007/08,production,0.22
豆油,巴基斯坦,2007/08,production,0.002
豆油,巴拉圭,2007/08,production,0.278
豆油,巴西,2007/08,production,6.16
豆油,玻利维亚,2007/08,production,0.211
豆油,俄罗斯,2007/08,production,0.179
豆油,菲律宾,2007/08,production,0.011
豆油,哥伦比亚,2007/08,production,0.04
豆油,韩国,2007/08,production,0.186
豆油,加拿大,2007/08,production,0.265
豆油,马来西亚,2007/08,production,0.058
豆油,美国,2007/08,production,9.335
豆油,孟加拉国,2007/08,production,0.027
豆油,秘鲁,2007/08,production,0
豆油,摩洛哥,2007/08,production,0.073
豆油,墨西哥,2007/08,production,0.661
豆油,南非,2007/08,production,0.027
豆油,欧盟,2007/08,production,2.72
豆油,日本,2007/08,production,0.563
豆油,沙特阿拉伯,2007/08,production,0.011
豆油,泰国,2007/08,production,0.279
豆油,突尼斯,2007/08,production,0.01
豆油,土耳其,2007/08,production,0.074
豆油,委内瑞拉,2007/08,production,0.015
豆油,乌克兰,2007/08,production,0.085
豆油,乌拉圭,2007/08,production,0.006
豆油,伊朗,2007/08,production,0.204
豆油,印度,2007/08,production,1.494
豆油,印度尼西亚,2007/08,production,0
豆油,越南,2007/08,production,0
豆油,智利,2007/08,production,0.031
豆油,中国,2007/08,production,7.045
豆油,中国台湾,2007/08,production,0.345
豆油,Angola,2007/08,production,0
豆油,Australia,2007/08,production,0.007
豆油,Barbados,2007/08,production,0.005
豆油,Bosnia and Herzegovina,2007/08,production,0.003
豆油,Costa Rica,2007/08,production,0.04
豆油,Cuba,2007/08,production,0.022
豆油,Dominican Republic,2007/08,production,0
豆油,Ecuador,2007/08,production,0.007
豆油,El Salvador,2007/08,production,0
豆油,Ethiopia,2007/08,production,0
豆油,Guatemala,2007/08,production,0.007
豆油,Haiti,2007/08,production,0
豆油,Hong Kong,2007/08,production,0
豆油,Israel,2007/08,production,0.075
豆油,Jamaica,2007/08,production,0
豆油,Jordan,2007/08,production,0
豆油,Kazakhstan,2007/08,production,0.014
豆油,"Korea, North",2007/08,production,0.021
豆油,Lebanon,2007/08,production,0.018
豆油,Madagascar,2007/08,production,0
豆油,Mauritius,2007/08,production,0
豆油,New Zealand,2007/08,production,0
豆油,Nicaragua,2007/08,production,0
豆油,Nigeria,2007/08,production,0.041
豆油,Norway,2007/08,production,0.075
豆油,Panama,2007/08,production,0
豆油,Senegal,2007/08,production,0
豆油,Serbia,2007/08,production,0.058
豆油,Singapore,2007/08,production,0.003
豆油,Somalia,2007/08,production,0
豆油,Switzerland,2007/08,production,0.006
豆油,Syria,2007/08,production,0.067
豆油,Tanzania,2007/08,production,0
豆油,Trinidad and Tobago,2007/08,production,0
豆油,United Arab Emirates,2007/08,production,0.079
豆油,Uzbekistan,2007/08,production,0.002
豆油,Zambia,2007/08,production,0.006
豆油,Zimbabwe,2007/08,production,0.009
豆油,阿尔及利亚,2008/09,consumption,0.384
豆油,阿根廷,2008/09,consumption,1.42
豆油,埃及,2008/09,consumption,0.563
豆油,巴基斯坦,2008/09,consumption,0.048
豆油,巴拉圭,2008/09,consumption,0.055
豆油,巴西,2008/09,consumption,4.275
豆油,玻利维亚,2008/09,consumption,0.068
豆油,俄罗斯,2008/09,consumption,0.2
豆油,菲律宾,2008/09,consumption,0.047
豆油,哥伦比亚,2008/09,consumption,0.208
豆油,韩国,2008/09,consumption,0.46
豆油,加拿大,2008/09,consumption,0.249
豆油,马来西亚,2008/09,consumption,0.021
豆油,美国,2008/09,consumption,7.378
豆油,孟加拉国,2008/09,consumption,0.372
豆油,秘鲁,2008/09,consumption,0.31
豆油,摩洛哥,2008/09,consumption,0.426
豆油,墨西哥,2008/09,consumption,0.895
豆油,南非,2008/09,consumption,0.22
豆油,欧盟,2008/09,consumption,2.797
豆油,日本,2008/09,consumption,0.52
豆油,沙特阿拉伯,2008/09,consumption,0.021
豆油,泰国,2008/09,consumption,0.267
豆油,突尼斯,2008/09,consumption,0.172
豆油,土耳其,2008/09,consumption,0.082
豆油,委内瑞拉,2008/09,consumption,0.399
豆油,乌克兰,2008/09,consumption,0.056
豆油,乌拉圭,2008/09,consumption,0.021
豆油,伊朗,2008/09,consumption,0.6
豆油,印度,2008/09,consumption,2.3
豆油,印度尼西亚,2008/09,consumption,0.013
豆油,越南,2008/09,consumption,0.093
豆油,智利,2008/09,consumption,0.015
豆油,中国,2008/09,consumption,9.5
豆油,中国台湾,2008/09,consumption,0.35
豆油,Angola,2008/09,consumption,0.092
豆油,Australia,2008/09,consumption,0.033
豆油,Barbados,2008/09,consumption,0.006
豆油,Bosnia and Herzegovina,2008/09,consumption,0.002
豆油,Costa Rica,2008/09,consumption,0.037
豆油,Cuba,2008/09,consumption,0.107
豆油,Dominican Republic,2008/09,consumption,0.137
豆油,Ecuador,2008/09,consumption,0.112
豆油,El Salvador,2008/09,consumption,0.016
豆油,Ethiopia,2008/09,consumption,0.005
豆油,Guatemala,2008/09,consumption,0.091
豆油,Haiti,2008/09,consumption,0.025
豆油,Hong Kong,2008/09,consumption,0.053
豆油,Israel,2008/09,consumption,0.077
豆油,Jamaica,2008/09,consumption,0.022
豆油,Jordan,2008/09,consumption,0.026
豆油,Kazakhstan,2008/09,consumption,0.015
豆油,"Korea, North",2008/09,consumption,0.066
豆油,Lebanon,2008/09,consumption,0.027
豆油,Madagascar,2008/09,consumption,0.017
豆油,Mauritius,2008/09,consumption,0.016
豆油,New Zealand,2008/09,consumption,0.015
豆油,Nicaragua,2008/09,consumption,0.028
豆油,Nigeria,2008/09,consumption,0.043
豆油,Norway,2008/09,consumption,0.029
豆油,Panama,2008/09,consumption,0.024
豆油,Senegal,2008/09,consumption,0.083
豆油,Serbia,2008/09,consumption,0.026
豆油,Singapore,2008/09,consumption,0.024
豆油,Somalia,2008/09,consumption,0
豆油,Switzerland,2008/09,consumption,0.008
豆油,Syria,2008/09,consumption,0.09
豆油,Tanzania,2008/09,consumption,0.011
豆油,Trinidad and Tobago,2008/09,consumption,0.012
豆油,United Arab Emirates,2008/09,consumption,0.064
豆油,Uzbekistan,2008/09,consumption,0.003
豆油,Zambia,2008/09,consumption,0.009
豆油,Zimbabwe,2008/09,consumption,0.021
豆油,阿尔及利亚,2008/09,exports,0.001
豆油,阿根廷,2008/09,exports,4.704
豆油,埃及,2008/09,exports,0.017
豆油,巴基斯坦,2008/09,exports,0
豆油,巴拉圭,2008/09,exports,0.254
豆油,巴西,2008/09,exports,1.909
豆油,玻利维亚,2008/09,exports,0.218
豆油,俄罗斯,2008/09,exports,0.127
豆油,菲律宾,2008/09,exports,0
豆油,哥伦比亚,2008/09,exports,0.005
豆油,韩国,2008/09,exports,0.006
豆油,加拿大,2008/09,exports,0.038
豆油,马来西亚,2008/09,exports,0.109
豆油,美国,2008/09,exports,0.995
豆油,孟加拉国,2008/09,exports,0
豆油,秘鲁,2008/09,exports,0
豆油,摩洛哥,2008/09,exports,0.007
豆油,墨西哥,2008/09,exports,0.001
豆油,南非,2008/09,exports,0.012
豆油,欧盟,2008/09,exports,0.398
豆油,日本,2008/09,exports,0
豆油,沙特阿拉伯,2008/09,exports,0.014
豆油,泰国,2008/09,exports,0.003
豆油,突尼斯,2008/09,exports,0.022
豆油,土耳其,2008/09,exports,0.004
豆油,委内瑞拉,2008/09,exports,0
豆油,乌克兰,2008/09,exports,0.028
豆油,乌拉圭,2008/09,exports,0
豆油,伊朗,2008/09,exports,0.008
豆油,印度,2008/09,exports,0.002
豆油,印度尼西亚,2008/09,exports,0
豆油,越南,2008/09,exports,0
豆油,智利,2008/09,exports,0
豆油,中国,2008/09,exports,0.083
豆油,中国台湾,2008/09,exports,0.011
豆油,Angola,2008/09,exports,0
豆油,Australia,2008/09,exports,0.004
豆油,Barbados,2008/09,exports,0
豆油,Bosnia and Herzegovina,2008/09,exports,0.004
豆油,Costa Rica,2008/09,exports,0.005
豆油,Cuba,2008/09,exports,0
豆油,Dominican Republic,2008/09,exports,0
豆油,Ecuador,2008/09,exports,0.019
豆油,El Salvador,2008/09,exports,0
豆油,Ethiopia,2008/09,exports,0
豆油,Guatemala,2008/09,exports,0.008
豆油,Haiti,2008/09,exports,0
豆油,Hong Kong,2008/09,exports,0.009
豆油,Israel,2008/09,exports,0.002
豆油,Jamaica,2008/09,exports,0
豆油,Jordan,2008/09,exports,0.001
豆油,Kazakhstan,2008/09,exports,0
豆油,"Korea, North",2008/09,exports,0
豆油,Lebanon,2008/09,exports,0
豆油,Madagascar,2008/09,exports,0
豆油,Mauritius,2008/09,exports,0
豆油,New Zealand,2008/09,exports,0
豆油,Nicaragua,2008/09,exports,0
豆油,Nigeria,2008/09,exports,0
豆油,Norway,2008/09,exports,0.069
豆油,Panama,2008/09,exports,0
豆油,Senegal,2008/09,exports,0
豆油,Serbia,2008/09,exports,0.028
豆油,Singapore,2008/09,exports,0.015
豆油,Somalia,2008/09,exports,0
豆油,Switzerland,2008/09,exports,0
豆油,Syria,2008/09,exports,0.015
豆油,Tanzania,2008/09,exports,0
豆油,Trinidad and Tobago,2008/09,exports,0
豆油,United Arab Emirates,2008/09,exports,0.062
豆油,Uzbekistan,2008/09,exports,0
豆油,Zambia,2008/09,exports,0
豆油,Zimbabwe,2008/09,exports,0
豆油,阿尔及利亚,2008/09,imports,0.365
豆油,阿根廷,2008/09,imports,0
豆油,埃及,2008/09,imports,0.32
豆油,巴基斯坦,2008/09,imports,0.044
豆油,巴拉圭,2008/09,imports,0.003
豆油,巴西,2008/09,imports,0.006
豆油,玻利维亚,2008/09,imports,0
豆油,俄罗斯,2008/09,imports,0.022
豆油,菲律宾,2008/09,imports,0.034
豆油,哥伦比亚,2008/09,imports,0.164
豆油,韩国,2008/09,imports,0.266
豆油,加拿大,2008/09,imports,0.045
豆油,马来西亚,2008/09,imports,0.102
豆油,美国,2008/09,imports,0.041
豆油,孟加拉国,2008/09,imports,0.258
豆油,秘鲁,2008/09,imports,0.272
豆油,摩洛哥,2008/09,imports,0.35
豆油,墨西哥,2008/09,imports,0.159
豆油,南非,2008/09,imports,0.172
豆油,欧盟,2008/09,imports,0.795
豆油,日本,2008/09,imports,0.039
豆油,沙特阿拉伯,2008/09,imports,0.008
豆油,泰国,2008/09,imports,0
豆油,突尼斯,2008/09,imports,0.14
豆油,土耳其,2008/09,imports,0.011
豆油,委内瑞拉,2008/09,imports,0.388
豆油,乌克兰,2008/09,imports,0
豆油,乌拉圭,2008/09,imports,0.015
豆油,伊朗,2008/09,imports,0.377
豆油,印度,2008/09,imports,0.892
豆油,印度尼西亚,2008/09,imports,0.013
豆油,越南,2008/09,imports,0.088
豆油,智利,2008/09,imports,0.004
豆油,中国,2008/09,imports,2.494
豆油,中国台湾,2008/09,imports,0.011
豆油,Angola,2008/09,imports,0.086
豆油,Australia,2008/09,imports,0.021
豆油,Barbados,2008/09,imports,0.001
豆油,Bosnia and Herzegovina,2008/09,imports,0.002
豆油,Costa Rica,2008/09,imports,0.008
豆油,Cuba,2008/09,imports,0.079
豆油,Dominican Republic,2008/09,imports,0.128
豆油,Ecuador,2008/09,imports,0.102
豆油,El Salvador,2008/09,imports,0.015
豆油,Ethiopia,2008/09,imports,0.005
豆油,Guatemala,2008/09,imports,0.088
豆油,Haiti,2008/09,imports,0.044
豆油,Hong Kong,2008/09,imports,0.061
豆油,Israel,2008/09,imports,0.01
豆油,Jamaica,2008/09,imports,0.02
豆油,Jordan,2008/09,imports,0.021
豆油,Kazakhstan,2008/09,imports,0.001
豆油,"Korea, North",2008/09,imports,0.033
豆油,Lebanon,2008/09,imports,0.008
豆油,Madagascar,2008/09,imports,0.017
豆油,Mauritius,2008/09,imports,0.018
豆油,New Zealand,2008/09,imports,0.012
豆油,Nicaragua,2008/09,imports,0.028
豆油,Nigeria,2008/09,imports,0.003
豆油,Norway,2008/09,imports,0.027
豆油,Panama,2008/09,imports,0.023
豆油,Senegal,2008/09,imports,0.078
豆油,Serbia,2008/09,imports,0.003
豆油,Singapore,2008/09,imports,0.038
豆油,Somalia,2008/09,imports,0
豆油,Switzerland,2008/09,imports,0.004
豆油,Syria,2008/09,imports,0.006
豆油,Tanzania,2008/09,imports,0.011
豆油,Trinidad and Tobago,2008/09,imports,0.011
豆油,United Arab Emirates,2008/09,imports,0.092
豆油,Uzbekistan,2008/09,imports,0.001
豆油,Zambia,2008/09,imports,0.001
豆油,Zimbabwe,2008/09,imports,0.006
豆油,阿尔及利亚,2008/09,production,0
豆油,阿根廷,2008/09,production,5.914
豆油,埃及,2008/09,production,0.276
豆油,巴基斯坦,2008/09,production,0
豆油,巴拉圭,2008/09,production,0.296
豆油,巴西,2008/09,production,6.12
豆油,玻利维亚,2008/09,production,0.261
豆油,俄罗斯,2008/09,production,0.251
豆油,菲律宾,2008/09,production,0.011
豆油,哥伦比亚,2008/09,production,0.042
豆油,韩国,2008/09,production,0.181
豆油,加拿大,2008/09,production,0.239
豆油,马来西亚,2008/09,production,0.065
豆油,美国,2008/09,production,8.503
豆油,孟加拉国,2008/09,production,0.024
豆油,秘鲁,2008/09,production,0
豆油,摩洛哥,2008/09,production,0.07
豆油,墨西哥,2008/09,production,0.643
豆油,南非,2008/09,production,0.027
豆油,欧盟,2008/09,production,2.35
豆油,日本,2008/09,production,0.479
豆油,沙特阿拉伯,2008/09,production,0.037
豆油,泰国,2008/09,production,0.255
豆油,突尼斯,2008/09,production,0.031
豆油,土耳其,2008/09,production,0.073
豆油,委内瑞拉,2008/09,production,0.015
豆油,乌克兰,2008/09,production,0.084
豆油,乌拉圭,2008/09,production,0.008
豆油,伊朗,2008/09,production,0.206
豆油,印度,2008/09,production,1.458
豆油,印度尼西亚,2008/09,production,0
豆油,越南,2008/09,production,0
豆油,智利,2008/09,production,0.003
豆油,中国,2008/09,production,7.365
豆油,中国台湾,2008/09,production,0.342
豆油,Angola,2008/09,production,0
豆油,Australia,2008/09,production,0.012
豆油,Barbados,2008/09,production,0.005
豆油,Bosnia and Herzegovina,2008/09,production,0.002
豆油,Costa Rica,2008/09,production,0.038
豆油,Cuba,2008/09,production,0.025
豆油,Dominican Republic,2008/09,production,0
豆油,Ecuador,2008/09,production,0.007
豆油,El Salvador,2008/09,production,0
豆油,Ethiopia,2008/09,production,0
豆油,Guatemala,2008/09,production,0.007
豆油,Haiti,2008/09,production,0
豆油,Hong Kong,2008/09,production,0
豆油,Israel,2008/09,production,0.053
豆油,Jamaica,2008/09,production,0
豆油,Jordan,2008/09,production,0
豆油,Kazakhstan,2008/09,production,0.016
豆油,"Korea, North",2008/09,production,0.025
豆油,Lebanon,2008/09,production,0.018
豆油,Madagascar,2008/09,production,0
豆油,Mauritius,2008/09,production,0
豆油,New Zealand,2008/09,production,0
豆油,Nicaragua,2008/09,production,0
豆油,Nigeria,2008/09,production,0.041
豆油,Norway,2008/09,production,0.076
豆油,Panama,2008/09,production,0
豆油,Senegal,2008/09,production,0
豆油,Serbia,2008/09,production,0.062
豆油,Singapore,2008/09,production,0.003
豆油,Somalia,2008/09,production,0
豆油,Switzerland,2008/09,production,0.004
豆油,Syria,2008/09,production,0.104
豆油,Tanzania,2008/09,production,0
豆油,Trinidad and Tobago,2008/09,production,0
豆油,United Arab Emirates,2008/09,production,0.027
豆油,Uzbekistan,2008/09,production,0.002
豆油,Zambia,2008/09,production,0.008
豆油,Zimbabwe,2008/09,production,0.02
豆油,阿尔及利亚,2009/10,consumption,0.395
豆油,阿根廷,2009/10,consumption,1.915
豆油,埃及,2009/10,consumption,0.56
豆油,巴基斯坦,2009/10,consumption,0.043
豆油,巴拉圭,2009/10,consumption,0.055
豆油,巴西,2009/10,consumption,4.98
豆油,玻利维亚,2009/10,consumption,0.062
豆油,俄罗斯,2009/10,consumption,0.18
豆油,菲律宾,2009/10,consumption,0.048
豆油,哥伦比亚,2009/10,consumption,0.225
豆油,韩国,2009/10,consumption,0.46
豆油,加拿大,2009/10,consumption,0.224
豆油,马来西亚,2009/10,consumption,0.019
豆油,美国,2009/10,consumption,7.173
豆油,孟加拉国,2009/10,consumption,0.369
豆油,秘鲁,2009/10,consumption,0.32
豆油,摩洛哥,2009/10,consumption,0.42
豆油,墨西哥,2009/10,consumption,0.875
豆油,南非,2009/10,consumption,0.24
豆油,欧盟,2009/10,consumption,2.76
豆油,日本,2009/10,consumption,0.505
豆油,沙特阿拉伯,2009/10,consumption,0.02
豆油,泰国,2009/10,consumption,0.272
豆油,突尼斯,2009/10,consumption,0.172
豆油,土耳其,2009/10,consumption,0.096
豆油,委内瑞拉,2009/10,consumption,0.354
豆油,乌克兰,2009/10,consumption,0.053
豆油,乌拉圭,2009/10,consumption,0.027
豆油,伊朗,2009/10,consumption,0.56
豆油,印度,2009/10,consumption,2.75
豆油,印度尼西亚,2009/10,consumption,0.019
豆油,越南,2009/10,consumption,0.126
豆油,智利,2009/10,consumption,0.019
豆油,中国,2009/10,consumption,10.05
豆油,中国台湾,2009/10,consumption,0.345
豆油,Angola,2009/10,consumption,0.08
豆油,Australia,2009/10,consumption,0.035
豆油,Barbados,2009/10,consumption,0.006
豆油,Bosnia and Herzegovina,2009/10,consumption,0.003
豆油,Costa Rica,2009/10,consumption,0.039
豆油,Cuba,2009/10,consumption,0.107
豆油,Dominican Republic,2009/10,consumption,0.139
豆油,Ecuador,2009/10,consumption,0.113
豆油,El Salvador,2009/10,consumption,0.017
豆油,Ethiopia,2009/10,consumption,0.005
豆油,Guatemala,2009/10,consumption,0.09
豆油,Haiti,2009/10,consumption,0.03
豆油,Hong Kong,2009/10,consumption,0.051
豆油,Israel,2009/10,consumption,0.069
豆油,Jamaica,2009/10,consumption,0.025
豆油,Jordan,2009/10,consumption,0.027
豆油,Kazakhstan,2009/10,consumption,0.014
豆油,"Korea, North",2009/10,consumption,0.061
豆油,Lebanon,2009/10,consumption,0.029
豆油,Madagascar,2009/10,consumption,0.013
豆油,Mauritius,2009/10,consumption,0.016
豆油,New Zealand,2009/10,consumption,0.014
豆油,Nicaragua,2009/10,consumption,0.025
豆油,Nigeria,2009/10,consumption,0.043
豆油,Norway,2009/10,consumption,0.027
豆油,Panama,2009/10,consumption,0.023
豆油,Senegal,2009/10,consumption,0.064
豆油,Serbia,2009/10,consumption,0.016
豆油,Singapore,2009/10,consumption,0.024
豆油,Somalia,2009/10,consumption,0
豆油,Switzerland,2009/10,consumption,0.007
豆油,Syria,2009/10,consumption,0.081
豆油,Tanzania,2009/10,consumption,0.015
豆油,Trinidad and Tobago,2009/10,consumption,0.013
豆油,United Arab Emirates,2009/10,consumption,0.06
豆油,Uzbekistan,2009/10,consumption,0.002
豆油,Zambia,2009/10,consumption,0.015
豆油,Zimbabwe,2009/10,consumption,0.037
豆油,阿尔及利亚,2009/10,exports,0
豆油,阿根廷,2009/10,exports,4.453
豆油,埃及,2009/10,exports,0.025
豆油,巴基斯坦,2009/10,exports,0.002
豆油,巴拉圭,2009/10,exports,0.253
豆油,巴西,2009/10,exports,1.449
豆油,玻利维亚,2009/10,exports,0.23
豆油,俄罗斯,2009/10,exports,0.17
豆油,菲律宾,2009/10,exports,0
豆油,哥伦比亚,2009/10,exports,0.005
豆油,韩国,2009/10,exports,0.013
豆油,加拿大,2009/10,exports,0.047
豆油,马来西亚,2009/10,exports,0.126
豆油,美国,2009/10,exports,1.524
豆油,孟加拉国,2009/10,exports,0
豆油,秘鲁,2009/10,exports,0
豆油,摩洛哥,2009/10,exports,0.009
豆油,墨西哥,2009/10,exports,0.004
豆油,南非,2009/10,exports,0.024
豆油,欧盟,2009/10,exports,0.386
豆油,日本,2009/10,exports,0.003
豆油,沙特阿拉伯,2009/10,exports,0.062
豆油,泰国,2009/10,exports,0.007
豆油,突尼斯,2009/10,exports,0.051
豆油,土耳其,2009/10,exports,0.003
豆油,委内瑞拉,2009/10,exports,0
豆油,乌克兰,2009/10,exports,0.044
豆油,乌拉圭,2009/10,exports,0.001
豆油,伊朗,2009/10,exports,0.005
豆油,印度,2009/10,exports,0.001
豆油,印度尼西亚,2009/10,exports,0
豆油,越南,2009/10,exports,0
豆油,智利,2009/10,exports,0
豆油,中国,2009/10,exports,0.077
豆油,中国台湾,2009/10,exports,0.011
豆油,Angola,2009/10,exports,0
豆油,Australia,2009/10,exports,0.001
豆油,Barbados,2009/10,exports,0
豆油,Bosnia and Herzegovina,2009/10,exports,0.003
豆油,Costa Rica,2009/10,exports,0.005
豆油,Cuba,2009/10,exports,0
豆油,Dominican Republic,2009/10,exports,0
豆油,Ecuador,2009/10,exports,0.005
豆油,El Salvador,2009/10,exports,0
豆油,Ethiopia,2009/10,exports,0
豆油,Guatemala,2009/10,exports,0.008
豆油,Haiti,2009/10,exports,0
豆油,Hong Kong,2009/10,exports,0.004
豆油,Israel,2009/10,exports,0
豆油,Jamaica,2009/10,exports,0
豆油,Jordan,2009/10,exports,0
豆油,Kazakhstan,2009/10,exports,0.001
豆油,"Korea, North",2009/10,exports,0
豆油,Lebanon,2009/10,exports,0
豆油,Madagascar,2009/10,exports,0
豆油,Mauritius,2009/10,exports,0
豆油,New Zealand,2009/10,exports,0
豆油,Nicaragua,2009/10,exports,0.005
豆油,Nigeria,2009/10,exports,0
豆油,Norway,2009/10,exports,0.078
豆油,Panama,2009/10,exports,0
豆油,Senegal,2009/10,exports,0.004
豆油,Serbia,2009/10,exports,0.043
豆油,Singapore,2009/10,exports,0.013
豆油,Somalia,2009/10,exports,0
豆油,Switzerland,2009/10,exports,0
豆油,Syria,2009/10,exports,0.012
豆油,Tanzania,2009/10,exports,0
豆油,Trinidad and Tobago,2009/10,exports,0
豆油,United Arab Emirates,2009/10,exports,0.053
豆油,Uzbekistan,2009/10,exports,0
豆油,Zambia,2009/10,exports,0
豆油,Zimbabwe,2009/10,exports,0
豆油,阿尔及利亚,2009/10,imports,0.402
豆油,阿根廷,2009/10,imports,0
豆油,埃及,2009/10,imports,0.243
豆油,巴基斯坦,2009/10,imports,0.033
豆油,巴拉圭,2009/10,imports,0.003
豆油,巴西,2009/10,imports,0.037
豆油,玻利维亚,2009/10,imports,0
豆油,俄罗斯,2009/10,imports,0.017
豆油,菲律宾,2009/10,imports,0.037
豆油,哥伦比亚,2009/10,imports,0.184
豆油,韩国,2009/10,imports,0.318
豆油,加拿大,2009/10,imports,0.043
豆油,马来西亚,2009/10,imports,0.044
豆油,美国,2009/10,imports,0.047
豆油,孟加拉国,2009/10,imports,0.354
豆油,秘鲁,2009/10,imports,0.352
豆油,摩洛哥,2009/10,imports,0.379
豆油,墨西哥,2009/10,imports,0.194
豆油,南非,2009/10,imports,0.278
豆油,欧盟,2009/10,imports,0.547
豆油,日本,2009/10,imports,0.029
豆油,沙特阿拉伯,2009/10,imports,0.009
豆油,泰国,2009/10,imports,0
豆油,突尼斯,2009/10,imports,0.131
豆油,土耳其,2009/10,imports,0.009
豆油,委内瑞拉,2009/10,imports,0.302
豆油,乌克兰,2009/10,imports,0
豆油,乌拉圭,2009/10,imports,0.024
豆油,伊朗,2009/10,imports,0.276
豆油,印度,2009/10,imports,1.354
豆油,印度尼西亚,2009/10,imports,0.019
豆油,越南,2009/10,imports,0.136
豆油,智利,2009/10,imports,0.004
豆油,中国,2009/10,imports,1.514
豆油,中国台湾,2009/10,imports,0
豆油,Angola,2009/10,imports,0.068
豆油,Australia,2009/10,imports,0.026
豆油,Barbados,2009/10,imports,0.001
豆油,Bosnia and Herzegovina,2009/10,imports,0.002
豆油,Costa Rica,2009/10,imports,0.002
豆油,Cuba,2009/10,imports,0.088
豆油,Dominican Republic,2009/10,imports,0.156
豆油,Ecuador,2009/10,imports,0.11
豆油,El Salvador,2009/10,imports,0.017
豆油,Ethiopia,2009/10,imports,0.005
豆油,Guatemala,2009/10,imports,0.083
豆油,Haiti,2009/10,imports,0.051
豆油,Hong Kong,2009/10,imports,0.058
豆油,Israel,2009/10,imports,0.009
豆油,Jamaica,2009/10,imports,0.029
豆油,Jordan,2009/10,imports,0.025
豆油,Kazakhstan,2009/10,imports,0
豆油,"Korea, North",2009/10,imports,0.034
豆油,Lebanon,2009/10,imports,0.012
豆油,Madagascar,2009/10,imports,0.013
豆油,Mauritius,2009/10,imports,0.016
豆油,New Zealand,2009/10,imports,0.014
豆油,Nicaragua,2009/10,imports,0.036
豆油,Nigeria,2009/10,imports,0.001
豆油,Norway,2009/10,imports,0.024
豆油,Panama,2009/10,imports,0.022
豆油,Senegal,2009/10,imports,0.067
豆油,Serbia,2009/10,imports,0.001
豆油,Singapore,2009/10,imports,0.034
豆油,Somalia,2009/10,imports,0
豆油,Switzerland,2009/10,imports,0.003
豆油,Syria,2009/10,imports,0.003
豆油,Tanzania,2009/10,imports,0.018
豆油,Trinidad and Tobago,2009/10,imports,0.013
豆油,United Arab Emirates,2009/10,imports,0.118
豆油,Uzbekistan,2009/10,imports,0.001
豆油,Zambia,2009/10,imports,0.002
豆油,Zimbabwe,2009/10,imports,0.022
豆油,阿尔及利亚,2009/10,production,0
豆油,阿根廷,2009/10,production,6.476
豆油,埃及,2009/10,production,0.292
豆油,巴基斯坦,2009/10,production,0
豆油,巴拉圭,2009/10,production,0.307
豆油,巴西,2009/10,production,6.47
豆油,玻利维亚,2009/10,production,0.277
豆油,俄罗斯,2009/10,production,0.34
豆油,菲律宾,2009/10,production,0.011
豆油,哥伦比亚,2009/10,production,0.047
豆油,韩国,2009/10,production,0.178
豆油,加拿大,2009/10,production,0.232
豆油,马来西亚,2009/10,production,0.068
豆油,美国,2009/10,production,8.897
豆油,孟加拉国,2009/10,production,0.02
豆油,秘鲁,2009/10,production,0
豆油,摩洛哥,2009/10,production,0.036
豆油,墨西哥,2009/10,production,0.643
豆油,南非,2009/10,production,0.034
豆油,欧盟,2009/10,production,2.29
豆油,日本,2009/10,production,0.48
豆油,沙特阿拉伯,2009/10,production,0.062
豆油,泰国,2009/10,production,0.278
豆油,突尼斯,2009/10,production,0.059
豆油,土耳其,2009/10,production,0.093
豆油,委内瑞拉,2009/10,production,0.028
豆油,乌克兰,2009/10,production,0.097
豆油,乌拉圭,2009/10,production,0.009
豆油,伊朗,2009/10,production,0.206
豆油,印度,2009/10,production,1.404
豆油,印度尼西亚,2009/10,production,0
豆油,越南,2009/10,production,0
豆油,智利,2009/10,production,0.004
豆油,中国,2009/10,production,8.781
豆油,中国台湾,2009/10,production,0.358
豆油,Angola,2009/10,production,0
豆油,Australia,2009/10,production,0.011
豆油,Barbados,2009/10,production,0.004
豆油,Bosnia and Herzegovina,2009/10,production,0.005
豆油,Costa Rica,2009/10,production,0.039
豆油,Cuba,2009/10,production,0.023
豆油,Dominican Republic,2009/10,production,0
豆油,Ecuador,2009/10,production,0.007
豆油,El Salvador,2009/10,production,0
豆油,Ethiopia,2009/10,production,0
豆油,Guatemala,2009/10,production,0.007
豆油,Haiti,2009/10,production,0
豆油,Hong Kong,2009/10,production,0
豆油,Israel,2009/10,production,0.053
豆油,Jamaica,2009/10,production,0
豆油,Jordan,2009/10,production,0
豆油,Kazakhstan,2009/10,production,0.014
豆油,"Korea, North",2009/10,production,0.019
豆油,Lebanon,2009/10,production,0.018
豆油,Madagascar,2009/10,production,0
豆油,Mauritius,2009/10,production,0
豆油,New Zealand,2009/10,production,0
豆油,Nicaragua,2009/10,production,0
豆油,Nigeria,2009/10,production,0.041
豆油,Norway,2009/10,production,0.076
豆油,Panama,2009/10,production,0.001
豆油,Senegal,2009/10,production,0
豆油,Serbia,2009/10,production,0.064
豆油,Singapore,2009/10,production,0.003
豆油,Somalia,2009/10,production,0
豆油,Switzerland,2009/10,production,0.004
豆油,Syria,2009/10,production,0.095
豆油,Tanzania,2009/10,production,0
豆油,Trinidad and Tobago,2009/10,production,0
豆油,United Arab Emirates,2009/10,production,0.009
豆油,Uzbekistan,2009/10,production,0.001
豆油,Zambia,2009/10,production,0.013
豆油,Zimbabwe,2009/10,production,0.012
豆油,阿尔及利亚,2010/11,consumption,0.475
豆油,阿根廷,2010/11,consumption,2.52
豆油,埃及,2010/11,consumption,0.669
豆油,巴基斯坦,2010/11,consumption,0.043
豆油,巴拉圭,2010/11,consumption,0.05
豆油,巴西,2010/11,consumption,5.205
豆油,玻利维亚,2010/11,consumption,0.075
豆油,俄罗斯,2010/11,consumption,0.25
豆油,菲律宾,2010/11,consumption,0.049
豆油,哥伦比亚,2010/11,consumption,0.276
豆油,韩国,2010/11,consumption,0.46
豆油,加拿大,2010/11,consumption,0.233
豆油,马来西亚,2010/11,consumption,0.019
豆油,美国,2010/11,consumption,7.506
豆油,孟加拉国,2010/11,consumption,0.404
豆油,秘鲁,2010/11,consumption,0.327
豆油,摩洛哥,2010/11,consumption,0.403
豆油,墨西哥,2010/11,consumption,0.84
豆油,南非,2010/11,consumption,0.255
豆油,欧盟,2010/11,consumption,2.4
豆油,日本,2010/11,consumption,0.432
豆油,沙特阿拉伯,2010/11,consumption,0.014
豆油,泰国,2010/11,consumption,0.267
豆油,突尼斯,2010/11,consumption,0.17
豆油,土耳其,2010/11,consumption,0.085
豆油,委内瑞拉,2010/11,consumption,0.399
豆油,乌克兰,2010/11,consumption,0.059
豆油,乌拉圭,2010/11,consumption,0.029
豆油,伊朗,2010/11,consumption,0.65
豆油,印度,2010/11,consumption,2.55
豆油,印度尼西亚,2010/11,consumption,0.019
豆油,越南,2010/11,consumption,0.171
豆油,智利,2010/11,consumption,0.021
豆油,中国,2010/11,consumption,11.4
豆油,中国台湾,2010/11,consumption,0.355
豆油,Angola,2010/11,consumption,0.09
豆油,Australia,2010/11,consumption,0.031
豆油,Barbados,2010/11,consumption,0.005
豆油,Bosnia and Herzegovina,2010/11,consumption,0.004
豆油,Costa Rica,2010/11,consumption,0.041
豆油,Cuba,2010/11,consumption,0.109
豆油,Dominican Republic,2010/11,consumption,0.141
豆油,Ecuador,2010/11,consumption,0.117
豆油,El Salvador,2010/11,consumption,0.017
豆油,Ethiopia,2010/11,consumption,0.005
豆油,Ghana,2010/11,consumption,0.024
豆油,Guatemala,2010/11,consumption,0.088
豆油,Haiti,2010/11,consumption,0.03
豆油,Hong Kong,2010/11,consumption,0.047
豆油,Israel,2010/11,consumption,0.071
豆油,Jamaica,2010/11,consumption,0.023
豆油,Jordan,2010/11,consumption,0.028
豆油,Kazakhstan,2010/11,consumption,0.016
豆油,"Korea, North",2010/11,consumption,0.063
豆油,Lebanon,2010/11,consumption,0.033
豆油,Madagascar,2010/11,consumption,0.012
豆油,Mauritius,2010/11,consumption,0.02
豆油,New Zealand,2010/11,consumption,0.01
豆油,Nicaragua,2010/11,consumption,0.024
豆油,Nigeria,2010/11,consumption,0.035
豆油,Norway,2010/11,consumption,0.028
豆油,Panama,2010/11,consumption,0.029
豆油,Senegal,2010/11,consumption,0.036
豆油,Serbia,2010/11,consumption,0.016
豆油,Singapore,2010/11,consumption,0.023
豆油,Somalia,2010/11,consumption,0
豆油,Switzerland,2010/11,consumption,0.009
豆油,Syria,2010/11,consumption,0.06
豆油,Tanzania,2010/11,consumption,0.013
豆油,Trinidad and Tobago,2010/11,consumption,0.016
豆油,United Arab Emirates,2010/11,consumption,0.06
豆油,Uzbekistan,2010/11,consumption,0.004
豆油,Zambia,2010/11,consumption,0.014
豆油,Zimbabwe,2010/11,consumption,0.067
豆油,阿尔及利亚,2010/11,exports,0.001
豆油,阿根廷,2010/11,exports,4.561
豆油,埃及,2010/11,exports,0.037
豆油,巴基斯坦,2010/11,exports,0
豆油,巴拉圭,2010/11,exports,0.232
豆油,巴西,2010/11,exports,1.668
豆油,玻利维亚,2010/11,exports,0.232
豆油,俄罗斯,2010/11,exports,0.136
豆油,菲律宾,2010/11,exports,0
豆油,哥伦比亚,2010/11,exports,0.006
豆油,韩国,2010/11,exports,0.029
豆油,加拿大,2010/11,exports,0.066
豆油,马来西亚,2010/11,exports,0.134
豆油,美国,2010/11,exports,1.466
豆油,孟加拉国,2010/11,exports,0
豆油,秘鲁,2010/11,exports,0
豆油,摩洛哥,2010/11,exports,0.017
豆油,墨西哥,2010/11,exports,0.003
豆油,南非,2010/11,exports,0.061
豆油,欧盟,2010/11,exports,0.463
豆油,日本,2010/11,exports,0
豆油,沙特阿拉伯,2010/11,exports,0.088
豆油,泰国,2010/11,exports,0.036
豆油,突尼斯,2010/11,exports,0.064
豆油,土耳其,2010/11,exports,0.004
豆油,委内瑞拉,2010/11,exports,0
豆油,乌克兰,2010/11,exports,0.043
豆油,乌拉圭,2010/11,exports,0
豆油,伊朗,2010/11,exports,0.007
豆油,印度,2010/11,exports,0
豆油,印度尼西亚,2010/11,exports,0
豆油,越南,2010/11,exports,0.028
豆油,智利,2010/11,exports,0
豆油,中国,2010/11,exports,0.052
豆油,中国台湾,2010/11,exports,0.008
豆油,Angola,2010/11,exports,0
豆油,Australia,2010/11,exports,0
豆油,Barbados,2010/11,exports,0
豆油,Bosnia and Herzegovina,2010/11,exports,0.006
豆油,Costa Rica,2010/11,exports,0.007
豆油,Cuba,2010/11,exports,0
豆油,Dominican Republic,2010/11,exports,0
豆油,Ecuador,2010/11,exports,0.004
豆油,El Salvador,2010/11,exports,0
豆油,Ethiopia,2010/11,exports,0
豆油,Ghana,2010/11,exports,0
豆油,Guatemala,2010/11,exports,0.009
豆油,Haiti,2010/11,exports,0
豆油,Hong Kong,2010/11,exports,0.003
豆油,Israel,2010/11,exports,0.002
豆油,Jamaica,2010/11,exports,0
豆油,Jordan,2010/11,exports,0
豆油,Kazakhstan,2010/11,exports,0.001
豆油,"Korea, North",2010/11,exports,0
豆油,Lebanon,2010/11,exports,0
豆油,Madagascar,2010/11,exports,0
豆油,Mauritius,2010/11,exports,0
豆油,New Zealand,2010/11,exports,0
豆油,Nicaragua,2010/11,exports,0.012
豆油,Nigeria,2010/11,exports,0
豆油,Norway,2010/11,exports,0.069
豆油,Panama,2010/11,exports,0
豆油,Senegal,2010/11,exports,0.005
豆油,Serbia,2010/11,exports,0.045
豆油,Singapore,2010/11,exports,0.014
豆油,Somalia,2010/11,exports,0
豆油,Switzerland,2010/11,exports,0
豆油,Syria,2010/11,exports,0.003
豆油,Tanzania,2010/11,exports,0
豆油,Trinidad and Tobago,2010/11,exports,0
豆油,United Arab Emirates,2010/11,exports,0.06
豆油,Uzbekistan,2010/11,exports,0
豆油,Zambia,2010/11,exports,0
豆油,Zimbabwe,2010/11,exports,0
豆油,阿尔及利亚,2010/11,imports,0.516
豆油,阿根廷,2010/11,imports,0
豆油,埃及,2010/11,imports,0.644
豆油,巴基斯坦,2010/11,imports,0.057
豆油,巴拉圭,2010/11,imports,0.003
豆油,巴西,2010/11,imports,0
豆油,玻利维亚,2010/11,imports,0.001
豆油,俄罗斯,2010/11,imports,0.021
豆油,菲律宾,2010/11,imports,0.041
豆油,哥伦比亚,2010/11,imports,0.238
豆油,韩国,2010/11,imports,0.3
豆油,加拿大,2010/11,imports,0.032
豆油,马来西亚,2010/11,imports,0.081
豆油,美国,2010/11,imports,0.072
豆油,孟加拉国,2010/11,imports,0.377
豆油,秘鲁,2010/11,imports,0.315
豆油,摩洛哥,2010/11,imports,0.397
豆油,墨西哥,2010/11,imports,0.356
豆油,南非,2010/11,imports,0.28
豆油,欧盟,2010/11,imports,0.906
豆油,日本,2010/11,imports,0.019
豆油,沙特阿拉伯,2010/11,imports,0.008
豆油,泰国,2010/11,imports,0
豆油,突尼斯,2010/11,imports,0.149
豆油,土耳其,2010/11,imports,0.003
豆油,委内瑞拉,2010/11,imports,0.366
豆油,乌克兰,2010/11,imports,0
豆油,乌拉圭,2010/11,imports,0.019
豆油,伊朗,2010/11,imports,0.704
豆油,印度,2010/11,imports,0.817
豆油,印度尼西亚,2010/11,imports,0.019
豆油,越南,2010/11,imports,0.088
豆油,智利,2010/11,imports,0.002
豆油,中国,2010/11,imports,1.319
豆油,中国台湾,2010/11,imports,0.005
豆油,Angola,2010/11,imports,0.107
豆油,Australia,2010/11,imports,0.022
豆油,Barbados,2010/11,imports,0.001
豆油,Bosnia and Herzegovina,2010/11,imports,0.003
豆油,Costa Rica,2010/11,imports,0.005
豆油,Cuba,2010/11,imports,0.081
豆油,Dominican Republic,2010/11,imports,0.14
豆油,Ecuador,2010/11,imports,0.123
豆油,El Salvador,2010/11,imports,0.017
豆油,Ethiopia,2010/11,imports,0.005
豆油,Ghana,2010/11,imports,0.004
豆油,Guatemala,2010/11,imports,0.092
豆油,Haiti,2010/11,imports,0.019
豆油,Hong Kong,2010/11,imports,0.049
豆油,Israel,2010/11,imports,0.012
豆油,Jamaica,2010/11,imports,0.021
豆油,Jordan,2010/11,imports,0.033
豆油,Kazakhstan,2010/11,imports,0
豆油,"Korea, North",2010/11,imports,0.037
豆油,Lebanon,2010/11,imports,0.023
豆油,Madagascar,2010/11,imports,0.006
豆油,Mauritius,2010/11,imports,0.023
豆油,New Zealand,2010/11,imports,0.01
豆油,Nicaragua,2010/11,imports,0.041
豆油,Nigeria,2010/11,imports,0.003
豆油,Norway,2010/11,imports,0.019
豆油,Panama,2010/11,imports,0.03
豆油,Senegal,2010/11,imports,0.041
豆油,Serbia,2010/11,imports,0.002
豆油,Singapore,2010/11,imports,0.031
豆油,Somalia,2010/11,imports,0
豆油,Switzerland,2010/11,imports,0.005
豆油,Syria,2010/11,imports,0.006
豆油,Tanzania,2010/11,imports,0.013
豆油,Trinidad and Tobago,2010/11,imports,0.016
豆油,United Arab Emirates,2010/11,imports,0.16
豆油,Uzbekistan,2010/11,imports,0.002
豆油,Zambia,2010/11,imports,0.001
豆油,Zimbabwe,2010/11,imports,0.058
豆油,阿尔及利亚,2010/11,production,0
豆油,阿根廷,2010/11,production,7.181
豆油,埃及,2010/11,production,0.294
豆油,巴基斯坦,2010/11,production,0
豆油,巴拉圭,2010/11,production,0.31
豆油,巴西,2010/11,production,6.97
豆油,玻利维亚,2010/11,production,0.32
豆油,俄罗斯,2010/11,production,0.367
豆油,菲律宾,2010/11,production,0.011
豆油,哥伦比亚,2010/11,production,0.045
豆油,韩国,2010/11,production,0.181
豆油,加拿大,2010/11,production,0.265
豆油,马来西亚,2010/11,production,0.072
豆油,美国,2010/11,production,8.568
豆油,孟加拉国,2010/11,production,0.027
豆油,秘鲁,2010/11,production,0
豆油,摩洛哥,2010/11,production,0.018
豆油,墨西哥,2010/11,production,0.648
豆油,南非,2010/11,production,0.046
豆油,欧盟,2010/11,production,2.343
豆油,日本,2010/11,production,0.417
豆油,沙特阿拉伯,2010/11,production,0.094
豆油,泰国,2010/11,production,0.313
豆油,突尼斯,2010/11,production,0.079
豆油,土耳其,2010/11,production,0.087
豆油,委内瑞拉,2010/11,production,0.043
豆油,乌克兰,2010/11,production,0.102
豆油,乌拉圭,2010/11,production,0.011
豆油,伊朗,2010/11,production,0.188
豆油,印度,2010/11,production,1.683
豆油,印度尼西亚,2010/11,production,0
豆油,越南,2010/11,production,0.114
豆油,智利,2010/11,production,0.022
豆油,中国,2010/11,production,9.856
豆油,中国台湾,2010/11,production,0.367
豆油,Angola,2010/11,production,0
豆油,Australia,2010/11,production,0.005
豆油,Barbados,2010/11,production,0.003
豆油,Bosnia and Herzegovina,2010/11,production,0.006
豆油,Costa Rica,2010/11,production,0.043
豆油,Cuba,2010/11,production,0.024
豆油,Dominican Republic,2010/11,production,0
豆油,Ecuador,2010/11,production,0.008
豆油,El Salvador,2010/11,production,0
豆油,Ethiopia,2010/11,production,0
豆油,Ghana,2010/11,production,0.019
豆油,Guatemala,2010/11,production,0.008
豆油,Haiti,2010/11,production,0
豆油,Hong Kong,2010/11,production,0
豆油,Israel,2010/11,production,0.061
豆油,Jamaica,2010/11,production,0
豆油,Jordan,2010/11,production,0
豆油,Kazakhstan,2010/11,production,0.017
豆油,"Korea, North",2010/11,production,0.021
豆油,Lebanon,2010/11,production,0.018
豆油,Madagascar,2010/11,production,0
豆油,Mauritius,2010/11,production,0
豆油,New Zealand,2010/11,production,0
豆油,Nicaragua,2010/11,production,0
豆油,Nigeria,2010/11,production,0.032
豆油,Norway,2010/11,production,0.077
豆油,Panama,2010/11,production,0.001
豆油,Senegal,2010/11,production,0
豆油,Serbia,2010/11,production,0.054
豆油,Singapore,2010/11,production,0.003
豆油,Somalia,2010/11,production,0
豆油,Switzerland,2010/11,production,0.004
豆油,Syria,2010/11,production,0.053
豆油,Tanzania,2010/11,production,0
豆油,Trinidad and Tobago,2010/11,production,0
豆油,United Arab Emirates,2010/11,production,0
豆油,Uzbekistan,2010/11,production,0.002
豆油,Zambia,2010/11,production,0.013
豆油,Zimbabwe,2010/11,production,0.015
豆油,阿尔及利亚,2011/12,consumption,0.49
豆油,阿根廷,2011/12,consumption,3.02
豆油,埃及,2011/12,consumption,0.462
豆油,巴基斯坦,2011/12,consumption,0.044
豆油,巴拉圭,2011/12,consumption,0.047
豆油,巴西,2011/12,consumption,5.39
豆油,玻利维亚,2011/12,consumption,0.08
豆油,俄罗斯,2011/12,consumption,0.26
豆油,菲律宾,2011/12,consumption,0.05
豆油,哥伦比亚,2011/12,consumption,0.272
豆油,韩国,2011/12,consumption,0.46
豆油,加拿大,2011/12,consumption,0.215
豆油,马来西亚,2011/12,consumption,0.02
豆油,美国,2011/12,consumption,8.396
豆油,孟加拉国,2011/12,consumption,0.483
豆油,秘鲁,2011/12,consumption,0.347
豆油,摩洛哥,2011/12,consumption,0.372
豆油,墨西哥,2011/12,consumption,0.845
豆油,南非,2011/12,consumption,0.22
豆油,欧盟,2011/12,consumption,2.05
豆油,日本,2011/12,consumption,0.406
豆油,沙特阿拉伯,2011/12,consumption,0.032
豆油,泰国,2011/12,consumption,0.26
豆油,突尼斯,2011/12,consumption,0.175
豆油,土耳其,2011/12,consumption,0.059
豆油,委内瑞拉,2011/12,consumption,0.454
豆油,乌克兰,2011/12,consumption,0.065
豆油,乌拉圭,2011/12,consumption,0.029
豆油,伊朗,2011/12,consumption,0.6
豆油,印度,2011/12,consumption,2.9
豆油,印度尼西亚,2011/12,consumption,0.022
豆油,越南,2011/12,consumption,0.181
豆油,智利,2011/12,consumption,0.018
豆油,中国,2011/12,consumption,12
豆油,中国台湾,2011/12,consumption,0.355
豆油,Angola,2011/12,consumption,0.07
豆油,Australia,2011/12,consumption,0.031
豆油,Barbados,2011/12,consumption,0.005
豆油,Bosnia and Herzegovina,2011/12,consumption,0.006
豆油,Costa Rica,2011/12,consumption,0.04
豆油,Cuba,2011/12,consumption,0.107
豆油,Dominican Republic,2011/12,consumption,0.143
豆油,Ecuador,2011/12,consumption,0.118
豆油,El Salvador,2011/12,consumption,0.018
豆油,Ethiopia,2011/12,consumption,0.005
豆油,Ghana,2011/12,consumption,0.025
豆油,Guatemala,2011/12,consumption,0.074
豆油,Haiti,2011/12,consumption,0.021
豆油,Hong Kong,2011/12,consumption,0.048
豆油,Israel,2011/12,consumption,0.062
豆油,Jamaica,2011/12,consumption,0.02
豆油,Jordan,2011/12,consumption,0.028
豆油,Kazakhstan,2011/12,consumption,0.02
豆油,"Korea, North",2011/12,consumption,0.069
豆油,Lebanon,2011/12,consumption,0.036
豆油,Madagascar,2011/12,consumption,0.015
豆油,Mauritius,2011/12,consumption,0.021
豆油,New Zealand,2011/12,consumption,0.01
豆油,Nicaragua,2011/12,consumption,0.023
豆油,Nigeria,2011/12,consumption,0.043
豆油,Norway,2011/12,consumption,0.019
豆油,Panama,2011/12,consumption,0.027
豆油,Senegal,2011/12,consumption,0.035
豆油,Serbia,2011/12,consumption,0.016
豆油,Singapore,2011/12,consumption,0.022
豆油,Somalia,2011/12,consumption,0
豆油,Switzerland,2011/12,consumption,0.008
豆油,Syria,2011/12,consumption,0.023
豆油,Tanzania,2011/12,consumption,0.01
豆油,Trinidad and Tobago,2011/12,consumption,0.015
豆油,United Arab Emirates,2011/12,consumption,0.06
豆油,Uzbekistan,2011/12,consumption,0.007
豆油,Zambia,2011/12,consumption,0.018
豆油,Zimbabwe,2011/12,consumption,0.067
豆油,阿尔及利亚,2011/12,exports,0
豆油,阿根廷,2011/12,exports,3.794
豆油,埃及,2011/12,exports,0.016
豆油,巴基斯坦,2011/12,exports,0
豆油,巴拉圭,2011/12,exports,0.123
豆油,巴西,2011/12,exports,1.885
豆油,玻利维亚,2011/12,exports,0.224
豆油,俄罗斯,2011/12,exports,0.142
豆油,菲律宾,2011/12,exports,0
豆油,哥伦比亚,2011/12,exports,0.009
豆油,韩国,2011/12,exports,0.025
豆油,加拿大,2011/12,exports,0.072
豆油,马来西亚,2011/12,exports,0.146
豆油,美国,2011/12,exports,0.664
豆油,孟加拉国,2011/12,exports,0
豆油,秘鲁,2011/12,exports,0
豆油,摩洛哥,2011/12,exports,0.01
豆油,墨西哥,2011/12,exports,0.004
豆油,南非,2011/12,exports,0.073
豆油,欧盟,2011/12,exports,0.742
豆油,日本,2011/12,exports,0
豆油,沙特阿拉伯,2011/12,exports,0.073
豆油,泰国,2011/12,exports,0.053
豆油,突尼斯,2011/12,exports,0.029
豆油,土耳其,2011/12,exports,0.004
豆油,委内瑞拉,2011/12,exports,0
豆油,乌克兰,2011/12,exports,0.049
豆油,乌拉圭,2011/12,exports,0
豆油,伊朗,2011/12,exports,0.008
豆油,印度,2011/12,exports,0.01
豆油,印度尼西亚,2011/12,exports,0
豆油,越南,2011/12,exports,0.073
豆油,智利,2011/12,exports,0
豆油,中国,2011/12,exports,0.06
豆油,中国台湾,2011/12,exports,0.016
豆油,Angola,2011/12,exports,0
豆油,Australia,2011/12,exports,0.001
豆油,Barbados,2011/12,exports,0
豆油,Bosnia and Herzegovina,2011/12,exports,0.002
豆油,Costa Rica,2011/12,exports,0.007
豆油,Cuba,2011/12,exports,0
豆油,Dominican Republic,2011/12,exports,0
豆油,Ecuador,2011/12,exports,0
豆油,El Salvador,2011/12,exports,0
豆油,Ethiopia,2011/12,exports,0
豆油,Ghana,2011/12,exports,0
豆油,Guatemala,2011/12,exports,0.009
豆油,Haiti,2011/12,exports,0
豆油,Hong Kong,2011/12,exports,0.007
豆油,Israel,2011/12,exports,0
豆油,Jamaica,2011/12,exports,0
豆油,Jordan,2011/12,exports,0
豆油,Kazakhstan,2011/12,exports,0.004
豆油,"Korea, North",2011/12,exports,0
豆油,Lebanon,2011/12,exports,0
豆油,Madagascar,2011/12,exports,0
豆油,Mauritius,2011/12,exports,0
豆油,New Zealand,2011/12,exports,0
豆油,Nicaragua,2011/12,exports,0.024
豆油,Nigeria,2011/12,exports,0
豆油,Norway,2011/12,exports,0.079
豆油,Panama,2011/12,exports,0
豆油,Senegal,2011/12,exports,0
豆油,Serbia,2011/12,exports,0.049
豆油,Singapore,2011/12,exports,0.014
豆油,Somalia,2011/12,exports,0
豆油,Switzerland,2011/12,exports,0
豆油,Syria,2011/12,exports,0
豆油,Tanzania,2011/12,exports,0
豆油,Trinidad and Tobago,2011/12,exports,0
豆油,United Arab Emirates,2011/12,exports,0.045
豆油,Uzbekistan,2011/12,exports,0
豆油,Zambia,2011/12,exports,0
豆油,Zimbabwe,2011/12,exports,0
豆油,阿尔及利亚,2011/12,imports,0.438
豆油,阿根廷,2011/12,imports,0
豆油,埃及,2011/12,imports,0
豆油,巴基斯坦,2011/12,imports,0.034
豆油,巴拉圭,2011/12,imports,0.004
豆油,巴西,2011/12,imports,0
豆油,玻利维亚,2011/12,imports,0.001
豆油,俄罗斯,2011/12,imports,0.012
豆油,菲律宾,2011/12,imports,0.037
豆油,哥伦比亚,2011/12,imports,0.257
豆油,韩国,2011/12,imports,0.343
豆油,加拿大,2011/12,imports,0.028
豆油,马来西亚,2011/12,imports,0.099
豆油,美国,2011/12,imports,0.068
豆油,孟加拉国,2011/12,imports,0.439
豆油,秘鲁,2011/12,imports,0.344
豆油,摩洛哥,2011/12,imports,0.367
豆油,墨西哥,2011/12,imports,0.145
豆油,南非,2011/12,imports,0.179
豆油,欧盟,2011/12,imports,0.386
豆油,日本,2011/12,imports,0.02
豆油,沙特阿拉伯,2011/12,imports,0.018
豆油,泰国,2011/12,imports,0
豆油,突尼斯,2011/12,imports,0.118
豆油,土耳其,2011/12,imports,0.001
豆油,委内瑞拉,2011/12,imports,0.415
豆油,乌克兰,2011/12,imports,0.001
豆油,乌拉圭,2011/12,imports,0.019
豆油,伊朗,2011/12,imports,0.411
豆油,印度,2011/12,imports,1.19
豆油,印度尼西亚,2011/12,imports,0.022
豆油,越南,2011/12,imports,0.049
豆油,智利,2011/12,imports,0.007
豆油,中国,2011/12,imports,1.502
豆油,中国台湾,2011/12,imports,0
豆油,Angola,2011/12,imports,0.06
豆油,Australia,2011/12,imports,0.019
豆油,Barbados,2011/12,imports,0.002
豆油,Bosnia and Herzegovina,2011/12,imports,0.005
豆油,Costa Rica,2011/12,imports,0.001
豆油,Cuba,2011/12,imports,0.085
豆油,Dominican Republic,2011/12,imports,0.124
豆油,Ecuador,2011/12,imports,0.108
豆油,El Salvador,2011/12,imports,0.018
豆油,Ethiopia,2011/12,imports,0.005
豆油,Ghana,2011/12,imports,0.003
豆油,Guatemala,2011/12,imports,0.068
豆油,Haiti,2011/12,imports,0.008
豆油,Hong Kong,2011/12,imports,0.054
豆油,Israel,2011/12,imports,0.01
豆油,Jamaica,2011/12,imports,0.023
豆油,Jordan,2011/12,imports,0.029
豆油,Kazakhstan,2011/12,imports,0.002
豆油,"Korea, North",2011/12,imports,0.042
豆油,Lebanon,2011/12,imports,0.013
豆油,Madagascar,2011/12,imports,0.017
豆油,Mauritius,2011/12,imports,0.02
豆油,New Zealand,2011/12,imports,0.012
豆油,Nicaragua,2011/12,imports,0.053
豆油,Nigeria,2011/12,imports,0.003
豆油,Norway,2011/12,imports,0.019
豆油,Panama,2011/12,imports,0.028
豆油,Senegal,2011/12,imports,0.046
豆油,Serbia,2011/12,imports,0.001
豆油,Singapore,2011/12,imports,0.033
豆油,Somalia,2011/12,imports,0
豆油,Switzerland,2011/12,imports,0.004
豆油,Syria,2011/12,imports,0.003
豆油,Tanzania,2011/12,imports,0.015
豆油,Trinidad and Tobago,2011/12,imports,0.015
豆油,United Arab Emirates,2011/12,imports,0.038
豆油,Uzbekistan,2011/12,imports,0.005
豆油,Zambia,2011/12,imports,0.005
豆油,Zimbabwe,2011/12,imports,0.065
豆油,阿尔及利亚,2011/12,production,0
豆油,阿根廷,2011/12,production,6.839
豆油,埃及,2011/12,production,0.29
豆油,巴基斯坦,2011/12,production,0
豆油,巴拉圭,2011/12,production,0.172
豆油,巴西,2011/12,production,7.31
豆油,玻利维亚,2011/12,production,0.355
豆油,俄罗斯,2011/12,production,0.376
豆油,菲律宾,2011/12,production,0.011
豆油,哥伦比亚,2011/12,production,0.041
豆油,韩国,2011/12,production,0.161
豆油,加拿大,2011/12,production,0.256
豆油,马来西亚,2011/12,production,0.071
豆油,美国,2011/12,production,8.954
豆油,孟加拉国,2011/12,production,0.058
豆油,秘鲁,2011/12,production,0
豆油,摩洛哥,2011/12,production,0.014
豆油,墨西哥,2011/12,production,0.657
豆油,南非,2011/12,production,0.076
豆油,欧盟,2011/12,production,2.204
豆油,日本,2011/12,production,0.38
豆油,沙特阿拉伯,2011/12,production,0.097
豆油,泰国,2011/12,production,0.319
豆油,突尼斯,2011/12,production,0.085
豆油,土耳其,2011/12,production,0.068
豆油,委内瑞拉,2011/12,production,0.037
豆油,乌克兰,2011/12,production,0.124
豆油,乌拉圭,2011/12,production,0.013
豆油,伊朗,2011/12,production,0.053
豆油,印度,2011/12,production,1.854
豆油,印度尼西亚,2011/12,production,0
豆油,越南,2011/12,production,0.209
豆油,智利,2011/12,production,0.009
豆油,中国,2011/12,production,10.931
豆油,中国台湾,2011/12,production,0.36
豆油,Angola,2011/12,production,0
豆油,Australia,2011/12,production,0.014
豆油,Barbados,2011/12,production,0.004
豆油,Bosnia and Herzegovina,2011/12,production,0.006
豆油,Costa Rica,2011/12,production,0.045
豆油,Cuba,2011/12,production,0.024
豆油,Dominican Republic,2011/12,production,0
豆油,Ecuador,2011/12,production,0.008
豆油,El Salvador,2011/12,production,0
豆油,Ethiopia,2011/12,production,0
豆油,Ghana,2011/12,production,0.025
豆油,Guatemala,2011/12,production,0.009
豆油,Haiti,2011/12,production,0
豆油,Hong Kong,2011/12,production,0
豆油,Israel,2011/12,production,0.046
豆油,Jamaica,2011/12,production,0
豆油,Jordan,2011/12,production,0
豆油,Kazakhstan,2011/12,production,0.019
豆油,"Korea, North",2011/12,production,0.022
豆油,Lebanon,2011/12,production,0.018
豆油,Madagascar,2011/12,production,0
豆油,Mauritius,2011/12,production,0
豆油,New Zealand,2011/12,production,0
豆油,Nicaragua,2011/12,production,0
豆油,Nigeria,2011/12,production,0.04
豆油,Norway,2011/12,production,0.073
豆油,Panama,2011/12,production,0.001
豆油,Senegal,2011/12,production,0
豆油,Serbia,2011/12,production,0.064
豆油,Singapore,2011/12,production,0.003
豆油,Somalia,2011/12,production,0
豆油,Switzerland,2011/12,production,0.004
豆油,Syria,2011/12,production,0.014
豆油,Tanzania,2011/12,production,0
豆油,Trinidad and Tobago,2011/12,production,0
豆油,United Arab Emirates,2011/12,production,0.026
豆油,Uzbekistan,2011/12,production,0.002
豆油,Zambia,2011/12,production,0.013
豆油,Zimbabwe,2011/12,production,0.01
豆油,阿尔及利亚,2012/13,consumption,0.54
豆油,阿根廷,2012/13,consumption,2.245
豆油,埃及,2012/13,consumption,0.562
豆油,巴基斯坦,2012/13,consumption,0.046
豆油,巴拉圭,2012/13,consumption,0.043
豆油,巴西,2012/13,consumption,5.534
豆油,玻利维亚,2012/13,consumption,0.08
豆油,俄罗斯,2012/13,consumption,0.26
豆油,菲律宾,2012/13,consumption,0.047
豆油,哥伦比亚,2012/13,consumption,0.283
豆油,韩国,2012/13,consumption,0.46
豆油,加拿大,2012/13,consumption,0.215
豆油,马来西亚,2012/13,consumption,0.02
豆油,美国,2012/13,consumption,8.522
豆油,孟加拉国,2012/13,consumption,0.493
豆油,秘鲁,2012/13,consumption,0.363
豆油,摩洛哥,2012/13,consumption,0.375
豆油,墨西哥,2012/13,consumption,0.86
豆油,南非,2012/13,consumption,0.24
豆油,欧盟,2012/13,consumption,1.85
豆油,日本,2012/13,consumption,0.416
豆油,沙特阿拉伯,2012/13,consumption,0.047
豆油,泰国,2012/13,consumption,0.205
豆油,突尼斯,2012/13,consumption,0.18
豆油,土耳其,2012/13,consumption,0.061
豆油,委内瑞拉,2012/13,consumption,0.429
豆油,乌克兰,2012/13,consumption,0.03
豆油,乌拉圭,2012/13,consumption,0.037
豆油,伊朗,2012/13,consumption,0.6
豆油,印度,2012/13,consumption,3
豆油,印度尼西亚,2012/13,consumption,0.025
豆油,越南,2012/13,consumption,0.2
豆油,智利,2012/13,consumption,0.06
豆油,中国,2012/13,consumption,12.55
豆油,中国台湾,2012/13,consumption,0.32
豆油,Angola,2012/13,consumption,0.07
豆油,Australia,2012/13,consumption,0.034
豆油,Barbados,2012/13,consumption,0.005
豆油,Bosnia and Herzegovina,2012/13,consumption,0.007
豆油,Costa Rica,2012/13,consumption,0.039
豆油,Cuba,2012/13,consumption,0.108
豆油,Dominican Republic,2012/13,consumption,0.147
豆油,Ecuador,2012/13,consumption,0.118
豆油,El Salvador,2012/13,consumption,0.018
豆油,Ethiopia,2012/13,consumption,0.004
豆油,Ghana,2012/13,consumption,0.026
豆油,Guatemala,2012/13,consumption,0.074
豆油,Haiti,2012/13,consumption,0.01
豆油,Hong Kong,2012/13,consumption,0.049
豆油,Israel,2012/13,consumption,0.07
豆油,Jamaica,2012/13,consumption,0.019
豆油,Jordan,2012/13,consumption,0.027
豆油,Kazakhstan,2012/13,consumption,0.017
豆油,"Korea, North",2012/13,consumption,0.075
豆油,Lebanon,2012/13,consumption,0.036
豆油,Madagascar,2012/13,consumption,0.02
豆油,Mauritius,2012/13,consumption,0.022
豆油,New Zealand,2012/13,consumption,0.01
豆油,Nicaragua,2012/13,consumption,0.019
豆油,Nigeria,2012/13,consumption,0.047
豆油,Norway,2012/13,consumption,0.032
豆油,Panama,2012/13,consumption,0.026
豆油,Senegal,2012/13,consumption,0.035
豆油,Serbia,2012/13,consumption,0.02
豆油,Singapore,2012/13,consumption,0.023
豆油,Somalia,2012/13,consumption,0
豆油,Switzerland,2012/13,consumption,0.008
豆油,Syria,2012/13,consumption,0.012
豆油,Tanzania,2012/13,consumption,0.005
豆油,Trinidad and Tobago,2012/13,consumption,0.015
豆油,United Arab Emirates,2012/13,consumption,0.05
豆油,Uzbekistan,2012/13,consumption,0.008
豆油,Zambia,2012/13,consumption,0.03
豆油,Zimbabwe,2012/13,consumption,0.069
豆油,阿尔及利亚,2012/13,exports,0
豆油,阿根廷,2012/13,exports,4.244
豆油,埃及,2012/13,exports,0.02
豆油,巴基斯坦,2012/13,exports,0
豆油,巴拉圭,2012/13,exports,0.519
豆油,巴西,2012/13,exports,1.251
豆油,玻利维亚,2012/13,exports,0.285
豆油,俄罗斯,2012/13,exports,0.129
豆油,菲律宾,2012/13,exports,0
豆油,哥伦比亚,2012/13,exports,0.005
豆油,韩国,2012/13,exports,0.016
豆油,加拿大,2012/13,exports,0.102
豆油,马来西亚,2012/13,exports,0.127
豆油,美国,2012/13,exports,0.981
豆油,孟加拉国,2012/13,exports,0
豆油,秘鲁,2012/13,exports,0
豆油,摩洛哥,2012/13,exports,0.01
豆油,墨西哥,2012/13,exports,0.004
豆油,南非,2012/13,exports,0.071
豆油,欧盟,2012/13,exports,1.011
豆油,日本,2012/13,exports,0
豆油,沙特阿拉伯,2012/13,exports,0.082
豆油,泰国,2012/13,exports,0.061
豆油,突尼斯,2012/13,exports,0.006
豆油,土耳其,2012/13,exports,0.01
豆油,委内瑞拉,2012/13,exports,0
豆油,乌克兰,2012/13,exports,0.07
豆油,乌拉圭,2012/13,exports,0
豆油,伊朗,2012/13,exports,0.014
豆油,印度,2012/13,exports,0
豆油,印度尼西亚,2012/13,exports,0
豆油,越南,2012/13,exports,0.044
豆油,智利,2012/13,exports,0
豆油,中国,2012/13,exports,0.084
豆油,中国台湾,2012/13,exports,0.026
豆油,Angola,2012/13,exports,0
豆油,Australia,2012/13,exports,0.002
豆油,Barbados,2012/13,exports,0
豆油,Bosnia and Herzegovina,2012/13,exports,0.003
豆油,Costa Rica,2012/13,exports,0.007
豆油,Cuba,2012/13,exports,0
豆油,Dominican Republic,2012/13,exports,0
豆油,Ecuador,2012/13,exports,0
豆油,El Salvador,2012/13,exports,0
豆油,Ethiopia,2012/13,exports,0
豆油,Ghana,2012/13,exports,0
豆油,Guatemala,2012/13,exports,0.015
豆油,Haiti,2012/13,exports,0
豆油,Hong Kong,2012/13,exports,0.01
豆油,Israel,2012/13,exports,0
豆油,Jamaica,2012/13,exports,0
豆油,Jordan,2012/13,exports,0
豆油,Kazakhstan,2012/13,exports,0.005
豆油,"Korea, North",2012/13,exports,0
豆油,Lebanon,2012/13,exports,0
豆油,Madagascar,2012/13,exports,0
豆油,Mauritius,2012/13,exports,0
豆油,New Zealand,2012/13,exports,0
豆油,Nicaragua,2012/13,exports,0.023
豆油,Nigeria,2012/13,exports,0
豆油,Norway,2012/13,exports,0.068
豆油,Panama,2012/13,exports,0
豆油,Senegal,2012/13,exports,0
豆油,Serbia,2012/13,exports,0.031
豆油,Singapore,2012/13,exports,0.011
豆油,Somalia,2012/13,exports,0
豆油,Switzerland,2012/13,exports,0
豆油,Syria,2012/13,exports,0
豆油,Tanzania,2012/13,exports,0
豆油,Trinidad and Tobago,2012/13,exports,0
豆油,United Arab Emirates,2012/13,exports,0.01
豆油,Uzbekistan,2012/13,exports,0
豆油,Zambia,2012/13,exports,0
豆油,Zimbabwe,2012/13,exports,0
豆油,阿尔及利亚,2012/13,imports,0.575
豆油,阿根廷,2012/13,imports,0.093
豆油,埃及,2012/13,imports,0.324
豆油,巴基斯坦,2012/13,imports,0.051
豆油,巴拉圭,2012/13,imports,0.004
豆油,巴西,2012/13,imports,0.006
豆油,玻利维亚,2012/13,imports,0.004
豆油,俄罗斯,2012/13,imports,0.003
豆油,菲律宾,2012/13,imports,0.035
豆油,哥伦比亚,2012/13,imports,0.216
豆油,韩国,2012/13,imports,0.3
豆油,加拿大,2012/13,imports,0.028
豆油,马来西亚,2012/13,imports,0.078
豆油,美国,2012/13,imports,0.089
豆油,孟加拉国,2012/13,imports,0.4
豆油,秘鲁,2012/13,imports,0.363
豆油,摩洛哥,2012/13,imports,0.364
豆油,墨西哥,2012/13,imports,0.194
豆油,南非,2012/13,imports,0.214
豆油,欧盟,2012/13,imports,0.322
豆油,日本,2012/13,imports,0.038
豆油,沙特阿拉伯,2012/13,imports,0.019
豆油,泰国,2012/13,imports,0
豆油,突尼斯,2012/13,imports,0.122
豆油,土耳其,2012/13,imports,0.003
豆油,委内瑞拉,2012/13,imports,0.374
豆油,乌克兰,2012/13,imports,0
豆油,乌拉圭,2012/13,imports,0.022
豆油,伊朗,2012/13,imports,0.563
豆油,印度,2012/13,imports,1.081
豆油,印度尼西亚,2012/13,imports,0.025
豆油,越南,2012/13,imports,0.055
豆油,智利,2012/13,imports,0.047
豆油,中国,2012/13,imports,1.409
豆油,中国台湾,2012/13,imports,0
豆油,Angola,2012/13,imports,0.072
豆油,Australia,2012/13,imports,0.024
豆油,Barbados,2012/13,imports,0
豆油,Bosnia and Herzegovina,2012/13,imports,0.004
豆油,Costa Rica,2012/13,imports,0.001
豆油,Cuba,2012/13,imports,0.076
豆油,Dominican Republic,2012/13,imports,0.143
豆油,Ecuador,2012/13,imports,0.12
豆油,El Salvador,2012/13,imports,0.023
豆油,Ethiopia,2012/13,imports,0.002
豆油,Ghana,2012/13,imports,0.003
豆油,Guatemala,2012/13,imports,0.078
豆油,Haiti,2012/13,imports,0.003
豆油,Hong Kong,2012/13,imports,0.059
豆油,Israel,2012/13,imports,0.021
豆油,Jamaica,2012/13,imports,0.019
豆油,Jordan,2012/13,imports,0.028
豆油,Kazakhstan,2012/13,imports,0
豆油,"Korea, North",2012/13,imports,0.054
豆油,Lebanon,2012/13,imports,0.029
豆油,Madagascar,2012/13,imports,0.02
豆油,Mauritius,2012/13,imports,0.022
豆油,New Zealand,2012/13,imports,0.012
豆油,Nicaragua,2012/13,imports,0.032
豆油,Nigeria,2012/13,imports,0.001
豆油,Norway,2012/13,imports,0.05
豆油,Panama,2012/13,imports,0.021
豆油,Senegal,2012/13,imports,0.029
豆油,Serbia,2012/13,imports,0.001
豆油,Singapore,2012/13,imports,0.031
豆油,Somalia,2012/13,imports,0
豆油,Switzerland,2012/13,imports,0.005
豆油,Syria,2012/13,imports,0.003
豆油,Tanzania,2012/13,imports,0.003
豆油,Trinidad and Tobago,2012/13,imports,0.014
豆油,United Arab Emirates,2012/13,imports,0.018
豆油,Uzbekistan,2012/13,imports,0.006
豆油,Zambia,2012/13,imports,0.013
豆油,Zimbabwe,2012/13,imports,0.066
豆油,阿尔及利亚,2012/13,production,0
豆油,阿根廷,2012/13,production,6.364
豆油,埃及,2012/13,production,0.306
豆油,巴基斯坦,2012/13,production,0
豆油,巴拉圭,2012/13,production,0.553
豆油,巴西,2012/13,production,6.76
豆油,玻利维亚,2012/13,production,0.4
豆油,俄罗斯,2012/13,production,0.394
豆油,菲律宾,2012/13,production,0.011
豆油,哥伦比亚,2012/13,production,0.05
豆油,韩国,2012/13,production,0.159
豆油,加拿大,2012/13,production,0.291
豆油,马来西亚,2012/13,production,0.07
豆油,美国,2012/13,production,8.99
豆油,孟加拉国,2012/13,production,0.086
豆油,秘鲁,2012/13,production,0
豆油,摩洛哥,2012/13,production,0.013
豆油,墨西哥,2012/13,production,0.653
豆油,南非,2012/13,production,0.11
豆油,欧盟,2012/13,production,2.413
豆油,日本,2012/13,production,0.379
豆油,沙特阿拉伯,2012/13,production,0.116
豆油,泰国,2012/13,production,0.265
豆油,突尼斯,2012/13,production,0.081
豆油,土耳其,2012/13,production,0.068
豆油,委内瑞拉,2012/13,production,0.041
豆油,乌克兰,2012/13,production,0.108
豆油,乌拉圭,2012/13,production,0.015
豆油,伊朗,2012/13,production,0.053
豆油,印度,2012/13,production,1.944
豆油,印度尼西亚,2012/13,production,0
豆油,越南,2012/13,production,0.19
豆油,智利,2012/13,production,0.008
豆油,中国,2012/13,production,11.648
豆油,中国台湾,2012/13,production,0.345
豆油,Angola,2012/13,production,0
豆油,Australia,2012/13,production,0.014
豆油,Barbados,2012/13,production,0.004
豆油,Bosnia and Herzegovina,2012/13,production,0.006
豆油,Costa Rica,2012/13,production,0.045
豆油,Cuba,2012/13,production,0.024
豆油,Dominican Republic,2012/13,production,0
豆油,Ecuador,2012/13,production,0.008
豆油,El Salvador,2012/13,production,0
豆油,Ethiopia,2012/13,production,0.002
豆油,Ghana,2012/13,production,0.029
豆油,Guatemala,2012/13,production,0.01
豆油,Haiti,2012/13,production,0
豆油,Hong Kong,2012/13,production,0
豆油,Israel,2012/13,production,0.055
豆油,Jamaica,2012/13,production,0
豆油,Jordan,2012/13,production,0
豆油,Kazakhstan,2012/13,production,0.023
豆油,"Korea, North",2012/13,production,0.023
豆油,Lebanon,2012/13,production,0.018
豆油,Madagascar,2012/13,production,0
豆油,Mauritius,2012/13,production,0
豆油,New Zealand,2012/13,production,0
豆油,Nicaragua,2012/13,production,0
豆油,Nigeria,2012/13,production,0.046
豆油,Norway,2012/13,production,0.076
豆油,Panama,2012/13,production,0.002
豆油,Senegal,2012/13,production,0
豆油,Serbia,2012/13,production,0.058
豆油,Singapore,2012/13,production,0.003
豆油,Somalia,2012/13,production,0
豆油,Switzerland,2012/13,production,0.003
豆油,Syria,2012/13,production,0.009
豆油,Tanzania,2012/13,production,0
豆油,Trinidad and Tobago,2012/13,production,0
豆油,United Arab Emirates,2012/13,production,0.037
豆油,Uzbekistan,2012/13,production,0.002
豆油,Zambia,2012/13,production,0.023
豆油,Zimbabwe,2012/13,production,0.012
豆油,阿尔及利亚,2013/14,consumption,0.59
豆油,阿根廷,2013/14,consumption,2.844
豆油,埃及,2013/14,consumption,0.587
豆油,巴基斯坦,2013/14,consumption,0.107
豆油,巴拉圭,2013/14,consumption,0.043
豆油,巴西,2013/14,consumption,5.705
豆油,玻利维亚,2013/14,consumption,0.08
豆油,俄罗斯,2013/14,consumption,0.26
豆油,菲律宾,2013/14,consumption,0.049
豆油,哥伦比亚,2013/14,consumption,0.34
豆油,韩国,2013/14,consumption,0.455
豆油,加拿大,2013/14,consumption,0.218
豆油,马来西亚,2013/14,consumption,0.023
豆油,美国,2013/14,consumption,8.577
豆油,孟加拉国,2013/14,consumption,0.551
豆油,秘鲁,2013/14,consumption,0.36
豆油,摩洛哥,2013/14,consumption,0.42
豆油,墨西哥,2013/14,consumption,0.905
豆油,南非,2013/14,consumption,0.225
豆油,欧盟,2013/14,consumption,1.99
豆油,日本,2013/14,consumption,0.41
豆油,沙特阿拉伯,2013/14,consumption,0.048
豆油,泰国,2013/14,consumption,0.235
豆油,突尼斯,2013/14,consumption,0.195
豆油,土耳其,2013/14,consumption,0.112
豆油,委内瑞拉,2013/14,consumption,0.484
豆油,乌克兰,2013/14,consumption,0.03
豆油,乌拉圭,2013/14,consumption,0.038
豆油,伊朗,2013/14,consumption,0.6
豆油,印度,2013/14,consumption,3.35
豆油,印度尼西亚,2013/14,consumption,0.025
豆油,越南,2013/14,consumption,0.2
豆油,智利,2013/14,consumption,0.095
豆油,中国,2013/14,consumption,13.6
豆油,中国台湾,2013/14,consumption,0.336
豆油,Angola,2013/14,consumption,0.07
豆油,Australia,2013/14,consumption,0.03
豆油,Barbados,2013/14,consumption,0.004
豆油,Bosnia and Herzegovina,2013/14,consumption,0.007
豆油,Costa Rica,2013/14,consumption,0.039
豆油,Cuba,2013/14,consumption,0.108
豆油,Dominican Republic,2013/14,consumption,0.153
豆油,Ecuador,2013/14,consumption,0.116
豆油,El Salvador,2013/14,consumption,0.015
豆油,Ethiopia,2013/14,consumption,0.003
豆油,Ghana,2013/14,consumption,0.026
豆油,Guatemala,2013/14,consumption,0.074
豆油,Haiti,2013/14,consumption,0.008
豆油,Hong Kong,2013/14,consumption,0.04
豆油,Israel,2013/14,consumption,0.074
豆油,Jamaica,2013/14,consumption,0.021
豆油,Jordan,2013/14,consumption,0.031
豆油,Kazakhstan,2013/14,consumption,0.022
豆油,"Korea, North",2013/14,consumption,0.09
豆油,Lebanon,2013/14,consumption,0.035
豆油,Madagascar,2013/14,consumption,0.027
豆油,Mauritius,2013/14,consumption,0.023
豆油,New Zealand,2013/14,consumption,0.011
豆油,Nicaragua,2013/14,consumption,0.017
豆油,Nigeria,2013/14,consumption,0.051
豆油,Norway,2013/14,consumption,0.032
豆油,Panama,2013/14,consumption,0.028
豆油,Senegal,2013/14,consumption,0.033
豆油,Serbia,2013/14,consumption,0.02
豆油,Singapore,2013/14,consumption,0.019
豆油,Somalia,2013/14,consumption,0
豆油,Switzerland,2013/14,consumption,0.007
豆油,Syria,2013/14,consumption,0.01
豆油,Tanzania,2013/14,consumption,0.005
豆油,Trinidad and Tobago,2013/14,consumption,0.014
豆油,United Arab Emirates,2013/14,consumption,0.04
豆油,Uzbekistan,2013/14,consumption,0.006
豆油,Zambia,2013/14,consumption,0.037
豆油,Zimbabwe,2013/14,consumption,0.072
豆油,阿尔及利亚,2013/14,exports,0
豆油,阿根廷,2013/14,exports,4.087
豆油,埃及,2013/14,exports,0.015
豆油,巴基斯坦,2013/14,exports,0
豆油,巴拉圭,2013/14,exports,0.63
豆油,巴西,2013/14,exports,1.378
豆油,玻利维亚,2013/14,exports,0.371
豆油,俄罗斯,2013/14,exports,0.332
豆油,菲律宾,2013/14,exports,0
豆油,哥伦比亚,2013/14,exports,0.002
豆油,韩国,2013/14,exports,0.006
豆油,加拿大,2013/14,exports,0.092
豆油,马来西亚,2013/14,exports,0.157
豆油,美国,2013/14,exports,0.852
豆油,孟加拉国,2013/14,exports,0
豆油,秘鲁,2013/14,exports,0
豆油,摩洛哥,2013/14,exports,0.015
豆油,墨西哥,2013/14,exports,0.004
豆油,南非,2013/14,exports,0.089
豆油,欧盟,2013/14,exports,0.766
豆油,日本,2013/14,exports,0
豆油,沙特阿拉伯,2013/14,exports,0.091
豆油,泰国,2013/14,exports,0.043
豆油,突尼斯,2013/14,exports,0.012
豆油,土耳其,2013/14,exports,0.003
豆油,委内瑞拉,2013/14,exports,0
豆油,乌克兰,2013/14,exports,0.118
豆油,乌拉圭,2013/14,exports,0
豆油,伊朗,2013/14,exports,0
豆油,印度,2013/14,exports,0.001
豆油,印度尼西亚,2013/14,exports,0
豆油,越南,2013/14,exports,0.091
豆油,智利,2013/14,exports,0
豆油,中国,2013/14,exports,0.094
豆油,中国台湾,2013/14,exports,0.007
豆油,Angola,2013/14,exports,0
豆油,Australia,2013/14,exports,0.004
豆油,Barbados,2013/14,exports,0
豆油,Bosnia and Herzegovina,2013/14,exports,0.001
豆油,Costa Rica,2013/14,exports,0.007
豆油,Cuba,2013/14,exports,0
豆油,Dominican Republic,2013/14,exports,0
豆油,Ecuador,2013/14,exports,0
豆油,El Salvador,2013/14,exports,0
豆油,Ethiopia,2013/14,exports,0
豆油,Ghana,2013/14,exports,0
豆油,Guatemala,2013/14,exports,0.005
豆油,Haiti,2013/14,exports,0
豆油,Hong Kong,2013/14,exports,0.006
豆油,Israel,2013/14,exports,0
豆油,Jamaica,2013/14,exports,0
豆油,Jordan,2013/14,exports,0
豆油,Kazakhstan,2013/14,exports,0.006
豆油,"Korea, North",2013/14,exports,0
豆油,Lebanon,2013/14,exports,0
豆油,Madagascar,2013/14,exports,0
豆油,Mauritius,2013/14,exports,0
豆油,New Zealand,2013/14,exports,0
豆油,Nicaragua,2013/14,exports,0.028
豆油,Nigeria,2013/14,exports,0
豆油,Norway,2013/14,exports,0.065
豆油,Panama,2013/14,exports,0
豆油,Senegal,2013/14,exports,0
豆油,Serbia,2013/14,exports,0.03
豆油,Singapore,2013/14,exports,0.011
豆油,Somalia,2013/14,exports,0
豆油,Switzerland,2013/14,exports,0
豆油,Syria,2013/14,exports,0
豆油,Tanzania,2013/14,exports,0
豆油,Trinidad and Tobago,2013/14,exports,0
豆油,United Arab Emirates,2013/14,exports,0.006
豆油,Uzbekistan,2013/14,exports,0
豆油,Zambia,2013/14,exports,0
豆油,Zimbabwe,2013/14,exports,0
豆油,阿尔及利亚,2013/14,imports,0.629
豆油,阿根廷,2013/14,imports,0.009
豆油,埃及,2013/14,imports,0.23
豆油,巴基斯坦,2013/14,imports,0.112
豆油,巴拉圭,2013/14,imports,0.005
豆油,巴西,2013/14,imports,0
豆油,玻利维亚,2013/14,imports,0.003
豆油,俄罗斯,2013/14,imports,0.004
豆油,菲律宾,2013/14,imports,0.039
豆油,哥伦比亚,2013/14,imports,0.288
豆油,韩国,2013/14,imports,0.278
豆油,加拿大,2013/14,imports,0.03
豆油,马来西亚,2013/14,imports,0.113
豆油,美国,2013/14,imports,0.075
豆油,孟加拉国,2013/14,imports,0.442
豆油,秘鲁,2013/14,imports,0.355
豆油,摩洛哥,2013/14,imports,0.444
豆油,墨西哥,2013/14,imports,0.201
豆油,南非,2013/14,imports,0.167
豆油,欧盟,2013/14,imports,0.329
豆油,日本,2013/14,imports,0.016
豆油,沙特阿拉伯,2013/14,imports,0.006
豆油,泰国,2013/14,imports,0.006
豆油,突尼斯,2013/14,imports,0.108
豆油,土耳其,2013/14,imports,0.008
豆油,委内瑞拉,2013/14,imports,0.453
豆油,乌克兰,2013/14,imports,0
豆油,乌拉圭,2013/14,imports,0.019
豆油,伊朗,2013/14,imports,0.551
豆油,印度,2013/14,imports,1.804
豆油,印度尼西亚,2013/14,imports,0.025
豆油,越南,2013/14,imports,0.082
豆油,智利,2013/14,imports,0.088
豆油,中国,2013/14,imports,1.353
豆油,中国台湾,2013/14,imports,0.003
豆油,Angola,2013/14,imports,0.073
豆油,Australia,2013/14,imports,0.027
豆油,Barbados,2013/14,imports,0
豆油,Bosnia and Herzegovina,2013/14,imports,0.003
豆油,Costa Rica,2013/14,imports,0.006
豆油,Cuba,2013/14,imports,0.089
豆油,Dominican Republic,2013/14,imports,0.163
豆油,Ecuador,2013/14,imports,0.11
豆油,El Salvador,2013/14,imports,0.016
豆油,Ethiopia,2013/14,imports,0.001
豆油,Ghana,2013/14,imports,0.003
豆油,Guatemala,2013/14,imports,0.07
豆油,Haiti,2013/14,imports,0.002
豆油,Hong Kong,2013/14,imports,0.046
豆油,Israel,2013/14,imports,0.011
豆油,Jamaica,2013/14,imports,0.018
豆油,Jordan,2013/14,imports,0.032
豆油,Kazakhstan,2013/14,imports,0
豆油,"Korea, North",2013/14,imports,0.076
豆油,Lebanon,2013/14,imports,0.01
豆油,Madagascar,2013/14,imports,0.027
豆油,Mauritius,2013/14,imports,0.02
豆油,New Zealand,2013/14,imports,0.008
豆油,Nicaragua,2013/14,imports,0.044
豆油,Nigeria,2013/14,imports,0.001
豆油,Norway,2013/14,imports,0.008
豆油,Panama,2013/14,imports,0.025
豆油,Senegal,2013/14,imports,0.028
豆油,Serbia,2013/14,imports,0
豆油,Singapore,2013/14,imports,0.027
豆油,Somalia,2013/14,imports,0
豆油,Switzerland,2013/14,imports,0.004
豆油,Syria,2013/14,imports,0.001
豆油,Tanzania,2013/14,imports,0.003
豆油,Trinidad and Tobago,2013/14,imports,0.014
豆油,United Arab Emirates,2013/14,imports,0.028
豆油,Uzbekistan,2013/14,imports,0.004
豆油,Zambia,2013/14,imports,0.023
豆油,Zimbabwe,2013/14,imports,0.057
豆油,阿尔及利亚,2013/14,production,0
豆油,阿根廷,2013/14,production,6.785
豆油,埃及,2013/14,production,0.302
豆油,巴基斯坦,2013/14,production,0.002
豆油,巴拉圭,2013/14,production,0.664
豆油,巴西,2013/14,production,7.074
豆油,玻利维亚,2013/14,production,0.415
豆油,俄罗斯,2013/14,production,0.591
豆油,菲律宾,2013/14,production,0.015
豆油,哥伦比亚,2013/14,production,0.064
豆油,韩国,2013/14,production,0.177
豆油,加拿大,2013/14,production,0.279
豆油,马来西亚,2013/14,production,0.066
豆油,美国,2013/14,production,9.131
豆油,孟加拉国,2013/14,production,0.117
豆油,秘鲁,2013/14,production,0
豆油,摩洛哥,2013/14,production,0.024
豆油,墨西哥,2013/14,production,0.72
豆油,南非,2013/14,production,0.158
豆油,欧盟,2013/14,production,2.489
豆油,日本,2013/14,production,0.389
豆油,沙特阿拉伯,2013/14,production,0.123
豆油,泰国,2013/14,production,0.266
豆油,突尼斯,2013/14,production,0.09
豆油,土耳其,2013/14,production,0.107
豆油,委内瑞拉,2013/14,production,0.039
豆油,乌克兰,2013/14,production,0.137
豆油,乌拉圭,2013/14,production,0.016
豆油,伊朗,2013/14,production,0.071
豆油,印度,2013/14,production,1.566
豆油,印度尼西亚,2013/14,production,0
豆油,越南,2013/14,production,0.238
豆油,智利,2013/14,production,0.013
豆油,中国,2013/14,production,12.347
豆油,中国台湾,2013/14,production,0.343
豆油,Angola,2013/14,production,0
豆油,Australia,2013/14,production,0.005
豆油,Barbados,2013/14,production,0.004
豆油,Bosnia and Herzegovina,2013/14,production,0.006
豆油,Costa Rica,2013/14,production,0.04
豆油,Cuba,2013/14,production,0.023
豆油,Dominican Republic,2013/14,production,0
豆油,Ecuador,2013/14,production,0.008
豆油,El Salvador,2013/14,production,0
豆油,Ethiopia,2013/14,production,0.002
豆油,Ghana,2013/14,production,0.019
豆油,Guatemala,2013/14,production,0.011
豆油,Haiti,2013/14,production,0
豆油,Hong Kong,2013/14,production,0
豆油,Israel,2013/14,production,0.059
豆油,Jamaica,2013/14,production,0
豆油,Jordan,2013/14,production,0
豆油,Kazakhstan,2013/14,production,0.03
豆油,"Korea, North",2013/14,production,0.021
豆油,Lebanon,2013/14,production,0.018
豆油,Madagascar,2013/14,production,0
豆油,Mauritius,2013/14,production,0
豆油,New Zealand,2013/14,production,0
豆油,Nicaragua,2013/14,production,0
豆油,Nigeria,2013/14,production,0.05
豆油,Norway,2013/14,production,0.073
豆油,Panama,2013/14,production,0.003
豆油,Senegal,2013/14,production,0
豆油,Serbia,2013/14,production,0.063
豆油,Singapore,2013/14,production,0.003
豆油,Somalia,2013/14,production,0
豆油,Switzerland,2013/14,production,0.003
豆油,Syria,2013/14,production,0.009
豆油,Tanzania,2013/14,production,0
豆油,Trinidad and Tobago,2013/14,production,0
豆油,United Arab Emirates,2013/14,production,0.025
豆油,Uzbekistan,2013/14,production,0.002
豆油,Zambia,2013/14,production,0.023
豆油,Zimbabwe,2013/14,production,0.012
豆油,阿尔及利亚,2014/15,consumption,0.64
豆油,阿根廷,2014/15,consumption,2.401
豆油,埃及,2014/15,consumption,0.752
豆油,巴基斯坦,2014/15,consumption,0.242
豆油,巴拉圭,2014/15,consumption,0.048
豆油,巴西,2014/15,consumption,6.215
豆油,玻利维亚,2014/15,consumption,0.08
豆油,俄罗斯,2014/15,consumption,0.23
豆油,菲律宾,2014/15,consumption,0.057
豆油,哥伦比亚,2014/15,consumption,0.355
豆油,韩国,2014/15,consumption,0.455
豆油,加拿大,2014/15,consumption,0.215
豆油,马来西亚,2014/15,consumption,0.038
豆油,美国,2014/15,consumption,8.599
豆油,孟加拉国,2014/15,consumption,0.673
豆油,秘鲁,2014/15,consumption,0.375
豆油,摩洛哥,2014/15,consumption,0.45
豆油,墨西哥,2014/15,consumption,0.961
豆油,南非,2014/15,consumption,0.3
豆油,欧盟,2014/15,consumption,2.04
豆油,日本,2014/15,consumption,0.421
豆油,沙特阿拉伯,2014/15,consumption,0.055
豆油,泰国,2014/15,consumption,0.255
豆油,突尼斯,2014/15,consumption,0.195
豆油,土耳其,2014/15,consumption,0.173
豆油,委内瑞拉,2014/15,consumption,0.484
豆油,乌克兰,2014/15,consumption,0.01
豆油,乌拉圭,2014/15,consumption,0.03
豆油,伊朗,2014/15,consumption,0.7
豆油,印度,2014/15,consumption,4.1
豆油,印度尼西亚,2014/15,consumption,0.023
豆油,越南,2014/15,consumption,0.22
豆油,智利,2014/15,consumption,0.11
豆油,中国,2014/15,consumption,14.2
豆油,中国台湾,2014/15,consumption,0.342
豆油,Angola,2014/15,consumption,0.065
豆油,Australia,2014/15,consumption,0.03
豆油,Barbados,2014/15,consumption,0.005
豆油,Benin,2014/15,consumption,0.007
豆油,Bosnia and Herzegovina,2014/15,consumption,0.008
豆油,Costa Rica,2014/15,consumption,0.047
豆油,Cuba,2014/15,consumption,0.11
豆油,Dominican Republic,2014/15,consumption,0.163
豆油,Ecuador,2014/15,consumption,0.115
豆油,El Salvador,2014/15,consumption,0.013
豆油,Ethiopia,2014/15,consumption,0.008
豆油,Ghana,2014/15,consumption,0.026
豆油,Guatemala,2014/15,consumption,0.075
豆油,Haiti,2014/15,consumption,0.004
豆油,Hong Kong,2014/15,consumption,0.031
豆油,Israel,2014/15,consumption,0.073
豆油,Jamaica,2014/15,consumption,0.024
豆油,Jordan,2014/15,consumption,0.037
豆油,Kazakhstan,2014/15,consumption,0.028
豆油,"Korea, North",2014/15,consumption,0.105
豆油,Lebanon,2014/15,consumption,0.03
豆油,Madagascar,2014/15,consumption,0.029
豆油,Mauritius,2014/15,consumption,0.024
豆油,New Zealand,2014/15,consumption,0.011
豆油,Nicaragua,2014/15,consumption,0.017
豆油,Nigeria,2014/15,consumption,0.05
豆油,Norway,2014/15,consumption,0.017
豆油,Panama,2014/15,consumption,0.029
豆油,Senegal,2014/15,consumption,0.032
豆油,Serbia,2014/15,consumption,0.017
豆油,Singapore,2014/15,consumption,0.02
豆油,Somalia,2014/15,consumption,0
豆油,Switzerland,2014/15,consumption,0.007
豆油,Syria,2014/15,consumption,0.009
豆油,Tanzania,2014/15,consumption,0.005
豆油,Trinidad and Tobago,2014/15,consumption,0.016
豆油,United Arab Emirates,2014/15,consumption,0.035
豆油,Uzbekistan,2014/15,consumption,0.007
豆油,Zambia,2014/15,consumption,0.041
豆油,Zimbabwe,2014/15,consumption,0.067
豆油,阿尔及利亚,2014/15,exports,0
豆油,阿根廷,2014/15,exports,5.094
豆油,埃及,2014/15,exports,0.039
豆油,巴基斯坦,2014/15,exports,0
豆油,巴拉圭,2014/15,exports,0.699
豆油,巴西,2014/15,exports,1.51
豆油,玻利维亚,2014/15,exports,0.392
豆油,俄罗斯,2014/15,exports,0.423
豆油,菲律宾,2014/15,exports,0
豆油,哥伦比亚,2014/15,exports,0
豆油,韩国,2014/15,exports,0.004
豆油,加拿大,2014/15,exports,0.118
豆油,马来西亚,2014/15,exports,0.17
豆油,美国,2014/15,exports,0.914
豆油,孟加拉国,2014/15,exports,0
豆油,秘鲁,2014/15,exports,0
豆油,摩洛哥,2014/15,exports,0.021
豆油,墨西哥,2014/15,exports,0.003
豆油,南非,2014/15,exports,0.086
豆油,欧盟,2014/15,exports,1.01
豆油,日本,2014/15,exports,0.003
豆油,沙特阿拉伯,2014/15,exports,0.089
豆油,泰国,2014/15,exports,0.023
豆油,突尼斯,2014/15,exports,0.006
豆油,土耳其,2014/15,exports,0.007
豆油,委内瑞拉,2014/15,exports,0
豆油,乌克兰,2014/15,exports,0.136
豆油,乌拉圭,2014/15,exports,0
豆油,伊朗,2014/15,exports,0
豆油,印度,2014/15,exports,0.003
豆油,印度尼西亚,2014/15,exports,0
豆油,越南,2014/15,exports,0.104
豆油,智利,2014/15,exports,0
豆油,中国,2014/15,exports,0.107
豆油,中国台湾,2014/15,exports,0.014
豆油,Angola,2014/15,exports,0
豆油,Australia,2014/15,exports,0.005
豆油,Barbados,2014/15,exports,0
豆油,Benin,2014/15,exports,0
豆油,Bosnia and Herzegovina,2014/15,exports,0.005
豆油,Costa Rica,2014/15,exports,0.009
豆油,Cuba,2014/15,exports,0
豆油,Dominican Republic,2014/15,exports,0
豆油,Ecuador,2014/15,exports,0
豆油,El Salvador,2014/15,exports,0.002
豆油,Ethiopia,2014/15,exports,0
豆油,Ghana,2014/15,exports,0
豆油,Guatemala,2014/15,exports,0.004
豆油,Haiti,2014/15,exports,0
豆油,Hong Kong,2014/15,exports,0.006
豆油,Israel,2014/15,exports,0
豆油,Jamaica,2014/15,exports,0
豆油,Jordan,2014/15,exports,0
豆油,Kazakhstan,2014/15,exports,0.004
豆油,"Korea, North",2014/15,exports,0
豆油,Lebanon,2014/15,exports,0
豆油,Madagascar,2014/15,exports,0
豆油,Mauritius,2014/15,exports,0
豆油,New Zealand,2014/15,exports,0
豆油,Nicaragua,2014/15,exports,0.032
豆油,Nigeria,2014/15,exports,0
豆油,Norway,2014/15,exports,0.072
豆油,Panama,2014/15,exports,0
豆油,Senegal,2014/15,exports,0
豆油,Serbia,2014/15,exports,0.066
豆油,Singapore,2014/15,exports,0.01
豆油,Somalia,2014/15,exports,0
豆油,Switzerland,2014/15,exports,0
豆油,Syria,2014/15,exports,0
豆油,Tanzania,2014/15,exports,0
豆油,Trinidad and Tobago,2014/15,exports,0
豆油,United Arab Emirates,2014/15,exports,0.001
豆油,Uzbekistan,2014/15,exports,0
豆油,Zambia,2014/15,exports,0
豆油,Zimbabwe,2014/15,exports,0
豆油,阿尔及利亚,2014/15,imports,0.631
豆油,阿根廷,2014/15,imports,0.022
豆油,埃及,2014/15,imports,0.498
豆油,巴基斯坦,2014/15,imports,0.154
豆油,巴拉圭,2014/15,imports,0.006
豆油,巴西,2014/15,imports,0.011
豆油,玻利维亚,2014/15,imports,0.005
豆油,俄罗斯,2014/15,imports,0.002
豆油,菲律宾,2014/15,imports,0.042
豆油,哥伦比亚,2014/15,imports,0.304
豆油,韩国,2014/15,imports,0.257
豆油,加拿大,2014/15,imports,0.028
豆油,马来西亚,2014/15,imports,0.126
豆油,美国,2014/15,imports,0.12
豆油,孟加拉国,2014/15,imports,0.508
豆油,秘鲁,2014/15,imports,0.395
豆油,摩洛哥,2014/15,imports,0.432
豆油,墨西哥,2014/15,imports,0.253
豆油,南非,2014/15,imports,0.182
豆油,欧盟,2014/15,imports,0.253
豆油,日本,2014/15,imports,0.006
豆油,沙特阿拉伯,2014/15,imports,0.011
豆油,泰国,2014/15,imports,0.005
豆油,突尼斯,2014/15,imports,0.123
豆油,土耳其,2014/15,imports,0
豆油,委内瑞拉,2014/15,imports,0.461
豆油,乌克兰,2014/15,imports,0
豆油,乌拉圭,2014/15,imports,0.012
豆油,伊朗,2014/15,imports,0.452
豆油,印度,2014/15,imports,2.815
豆油,印度尼西亚,2014/15,imports,0.023
豆油,越南,2014/15,imports,0.098
豆油,智利,2014/15,imports,0.097
豆油,中国,2014/15,imports,0.773
豆油,中国台湾,2014/15,imports,0.005
豆油,Angola,2014/15,imports,0.06
豆油,Australia,2014/15,imports,0.032
豆油,Barbados,2014/15,imports,0
豆油,Benin,2014/15,imports,0
豆油,Bosnia and Herzegovina,2014/15,imports,0.003
豆油,Costa Rica,2014/15,imports,0.011
豆油,Cuba,2014/15,imports,0.091
豆油,Dominican Republic,2014/15,imports,0.167
豆油,Ecuador,2014/15,imports,0.101
豆油,El Salvador,2014/15,imports,0.013
豆油,Ethiopia,2014/15,imports,0.006
豆油,Ghana,2014/15,imports,0.002
豆油,Guatemala,2014/15,imports,0.065
豆油,Haiti,2014/15,imports,0.001
豆油,Hong Kong,2014/15,imports,0.037
豆油,Israel,2014/15,imports,0.012
豆油,Jamaica,2014/15,imports,0.022
豆油,Jordan,2014/15,imports,0.035
豆油,Kazakhstan,2014/15,imports,0.005
豆油,"Korea, North",2014/15,imports,0.082
豆油,Lebanon,2014/15,imports,0.014
豆油,Madagascar,2014/15,imports,0.031
豆油,Mauritius,2014/15,imports,0.025
豆油,New Zealand,2014/15,imports,0.01
豆油,Nicaragua,2014/15,imports,0.045
豆油,Nigeria,2014/15,imports,0
豆油,Norway,2014/15,imports,0.006
豆油,Panama,2014/15,imports,0.023
豆油,Senegal,2014/15,imports,0.032
豆油,Serbia,2014/15,imports,0
豆油,Singapore,2014/15,imports,0.027
豆油,Somalia,2014/15,imports,0
豆油,Switzerland,2014/15,imports,0.004
豆油,Syria,2014/15,imports,0
豆油,Tanzania,2014/15,imports,0.003
豆油,Trinidad and Tobago,2014/15,imports,0.016
豆油,United Arab Emirates,2014/15,imports,0.012
豆油,Uzbekistan,2014/15,imports,0.006
豆油,Zambia,2014/15,imports,0.014
豆油,Zimbabwe,2014/15,imports,0.055
豆油,阿尔及利亚,2014/15,production,0
豆油,阿根廷,2014/15,production,7.687
豆油,埃及,2014/15,production,0.351
豆油,巴基斯坦,2014/15,production,0.093
豆油,巴拉圭,2014/15,production,0.725
豆油,巴西,2014/15,production,7.759
豆油,玻利维亚,2014/15,production,0.45
豆油,俄罗斯,2014/15,production,0.645
豆油,菲律宾,2014/15,production,0.015
豆油,哥伦比亚,2014/15,production,0.083
豆油,韩国,2014/15,production,0.2
豆油,加拿大,2014/15,production,0.301
豆油,马来西亚,2014/15,production,0.077
豆油,美国,2014/15,production,9.706
豆油,孟加拉国,2014/15,production,0.157
豆油,秘鲁,2014/15,production,0
豆油,摩洛哥,2014/15,production,0.023
豆油,墨西哥,2014/15,production,0.745
豆油,南非,2014/15,production,0.183
豆油,欧盟,2014/15,production,2.746
豆油,日本,2014/15,production,0.414
豆油,沙特阿拉伯,2014/15,production,0.133
豆油,泰国,2014/15,production,0.285
豆油,突尼斯,2014/15,production,0.09
豆油,土耳其,2014/15,production,0.205
豆油,委内瑞拉,2014/15,production,0.026
豆油,乌克兰,2014/15,production,0.161
豆油,乌拉圭,2014/15,production,0.016
豆油,伊朗,2014/15,production,0.275
豆油,印度,2014/15,production,1.386
豆油,印度尼西亚,2014/15,production,0
豆油,越南,2014/15,production,0.219
豆油,智利,2014/15,production,0.015
豆油,中国,2014/15,production,13.35
豆油,中国台湾,2014/15,production,0.352
豆油,Angola,2014/15,production,0
豆油,Australia,2014/15,production,0.006
豆油,Barbados,2014/15,production,0.005
豆油,Benin,2014/15,production,0.007
豆油,Bosnia and Herzegovina,2014/15,production,0.006
豆油,Costa Rica,2014/15,production,0.047
豆油,Cuba,2014/15,production,0.01
豆油,Dominican Republic,2014/15,production,0
豆油,Ecuador,2014/15,production,0.006
豆油,El Salvador,2014/15,production,0
豆油,Ethiopia,2014/15,production,0.002
豆油,Ghana,2014/15,production,0.019
豆油,Guatemala,2014/15,production,0.011
豆油,Haiti,2014/15,production,0
豆油,Hong Kong,2014/15,production,0
豆油,Israel,2014/15,production,0.063
豆油,Jamaica,2014/15,production,0
豆油,Jordan,2014/15,production,0
豆油,Kazakhstan,2014/15,production,0.033
豆油,"Korea, North",2014/15,production,0.021
豆油,Lebanon,2014/15,production,0.009
豆油,Madagascar,2014/15,production,0
豆油,Mauritius,2014/15,production,0
豆油,New Zealand,2014/15,production,0
豆油,Nicaragua,2014/15,production,0
豆油,Nigeria,2014/15,production,0.054
豆油,Norway,2014/15,production,0.079
豆油,Panama,2014/15,production,0.005
豆油,Senegal,2014/15,production,0
豆油,Serbia,2014/15,production,0.058
豆油,Singapore,2014/15,production,0.003
豆油,Somalia,2014/15,production,0
豆油,Switzerland,2014/15,production,0.003
豆油,Syria,2014/15,production,0.009
豆油,Tanzania,2014/15,production,0
豆油,Trinidad and Tobago,2014/15,production,0
豆油,United Arab Emirates,2014/15,production,0.01
豆油,Uzbekistan,2014/15,production,0.001
豆油,Zambia,2014/15,production,0.023
豆油,Zimbabwe,2014/15,production,0.014
豆油,阿尔及利亚,2015/16,consumption,0.69
豆油,阿根廷,2015/16,consumption,2.84
豆油,埃及,2015/16,consumption,0.885
豆油,巴基斯坦,2015/16,consumption,0.417
豆油,巴拉圭,2015/16,consumption,0.038
豆油,巴西,2015/16,consumption,6.288
豆油,玻利维亚,2015/16,consumption,0.08
豆油,俄罗斯,2015/16,consumption,0.27
豆油,菲律宾,2015/16,consumption,0.064
豆油,哥伦比亚,2015/16,consumption,0.375
豆油,韩国,2015/16,consumption,0.46
豆油,加拿大,2015/16,consumption,0.211
豆油,马来西亚,2015/16,consumption,0.065
豆油,美国,2015/16,consumption,9.145
豆油,孟加拉国,2015/16,consumption,0.749
豆油,秘鲁,2015/16,consumption,0.405
豆油,摩洛哥,2015/16,consumption,0.48
豆油,墨西哥,2015/16,consumption,1.05
豆油,南非,2015/16,consumption,0.3
豆油,欧盟,2015/16,consumption,2.285
豆油,日本,2015/16,consumption,0.451
豆油,沙特阿拉伯,2015/16,consumption,0.07
豆油,泰国,2015/16,consumption,0.283
豆油,突尼斯,2015/16,consumption,0.215
豆油,土耳其,2015/16,consumption,0.16
豆油,委内瑞拉,2015/16,consumption,0.24
豆油,乌克兰,2015/16,consumption,0.005
豆油,乌拉圭,2015/16,consumption,0.028
豆油,伊朗,2015/16,consumption,0.68
豆油,印度,2015/16,consumption,5.25
豆油,印度尼西亚,2015/16,consumption,0.024
豆油,越南,2015/16,consumption,0.24
豆油,智利,2015/16,consumption,0.145
豆油,中国,2015/16,consumption,15.35
豆油,中国台湾,2015/16,consumption,0.343
豆油,Angola,2015/16,consumption,0.07
豆油,Australia,2015/16,consumption,0.03
豆油,Barbados,2015/16,consumption,0.005
豆油,Belarus,2015/16,consumption,0.015
豆油,Benin,2015/16,consumption,0.009
豆油,Bosnia and Herzegovina,2015/16,consumption,0.006
豆油,Costa Rica,2015/16,consumption,0.046
豆油,Cuba,2015/16,consumption,0.111
豆油,Dominican Republic,2015/16,consumption,0.165
豆油,Ecuador,2015/16,consumption,0.115
豆油,El Salvador,2015/16,consumption,0.013
豆油,Ethiopia,2015/16,consumption,0.011
豆油,Ghana,2015/16,consumption,0.026
豆油,Guatemala,2015/16,consumption,0.076
豆油,Haiti,2015/16,consumption,0.003
豆油,Hong Kong,2015/16,consumption,0.022
豆油,Iraq,2015/16,consumption,0.014
豆油,Israel,2015/16,consumption,0.075
豆油,Jamaica,2015/16,consumption,0.028
豆油,Jordan,2015/16,consumption,0.039
豆油,Kazakhstan,2015/16,consumption,0.026
豆油,"Korea, North",2015/16,consumption,0.11
豆油,Lebanon,2015/16,consumption,0.035
豆油,Madagascar,2015/16,consumption,0.025
豆油,Mauritius,2015/16,consumption,0.024
豆油,New Zealand,2015/16,consumption,0.011
豆油,Nicaragua,2015/16,consumption,0.021
豆油,Nigeria,2015/16,consumption,0.079
豆油,Norway,2015/16,consumption,0.014
豆油,Panama,2015/16,consumption,0.029
豆油,Senegal,2015/16,consumption,0.033
豆油,Serbia,2015/16,consumption,0.017
豆油,Singapore,2015/16,consumption,0.018
豆油,Somalia,2015/16,consumption,0
豆油,Switzerland,2015/16,consumption,0.007
豆油,Syria,2015/16,consumption,0.005
豆油,Tanzania,2015/16,consumption,0.005
豆油,Trinidad and Tobago,2015/16,consumption,0.017
豆油,United Arab Emirates,2015/16,consumption,0.027
豆油,Uzbekistan,2015/16,consumption,0.011
豆油,Zambia,2015/16,consumption,0.046
豆油,Zimbabwe,2015/16,consumption,0.067
豆油,阿尔及利亚,2015/16,exports,0.007
豆油,阿根廷,2015/16,exports,5.698
豆油,埃及,2015/16,exports,0.036
豆油,巴基斯坦,2015/16,exports,0
豆油,巴拉圭,2015/16,exports,0.709
豆油,巴西,2015/16,exports,1.55
豆油,玻利维亚,2015/16,exports,0.444
豆油,俄罗斯,2015/16,exports,0.431
豆油,菲律宾,2015/16,exports,0
豆油,哥伦比亚,2015/16,exports,0.001
豆油,韩国,2015/16,exports,0.004
豆油,加拿大,2015/16,exports,0.151
豆油,马来西亚,2015/16,exports,0.148
豆油,美国,2015/16,exports,1.017
豆油,孟加拉国,2015/16,exports,0
豆油,秘鲁,2015/16,exports,0
豆油,摩洛哥,2015/16,exports,0.014
豆油,墨西哥,2015/16,exports,0.003
豆油,南非,2015/16,exports,0.066
豆油,欧盟,2015/16,exports,0.915
豆油,日本,2015/16,exports,0
豆油,沙特阿拉伯,2015/16,exports,0.088
豆油,泰国,2015/16,exports,0.051
豆油,突尼斯,2015/16,exports,0.008
豆油,土耳其,2015/16,exports,0.018
豆油,委内瑞拉,2015/16,exports,0
豆油,乌克兰,2015/16,exports,0.152
豆油,乌拉圭,2015/16,exports,0
豆油,伊朗,2015/16,exports,0.002
豆油,印度,2015/16,exports,0.003
豆油,印度尼西亚,2015/16,exports,0
豆油,越南,2015/16,exports,0.017
豆油,智利,2015/16,exports,0
豆油,中国,2015/16,exports,0.096
豆油,中国台湾,2015/16,exports,0.012
豆油,Angola,2015/16,exports,0
豆油,Australia,2015/16,exports,0.005
豆油,Barbados,2015/16,exports,0
豆油,Belarus,2015/16,exports,0.001
豆油,Benin,2015/16,exports,0.001
豆油,Bosnia and Herzegovina,2015/16,exports,0.002
豆油,Costa Rica,2015/16,exports,0.007
豆油,Cuba,2015/16,exports,0
豆油,Dominican Republic,2015/16,exports,0
豆油,Ecuador,2015/16,exports,0
豆油,El Salvador,2015/16,exports,0
豆油,Ethiopia,2015/16,exports,0
豆油,Ghana,2015/16,exports,0
豆油,Guatemala,2015/16,exports,0.004
豆油,Haiti,2015/16,exports,0
豆油,Hong Kong,2015/16,exports,0.006
豆油,Iraq,2015/16,exports,0
豆油,Israel,2015/16,exports,0
豆油,Jamaica,2015/16,exports,0
豆油,Jordan,2015/16,exports,0
豆油,Kazakhstan,2015/16,exports,0.007
豆油,"Korea, North",2015/16,exports,0
豆油,Lebanon,2015/16,exports,0
豆油,Madagascar,2015/16,exports,0
豆油,Mauritius,2015/16,exports,0
豆油,New Zealand,2015/16,exports,0
豆油,Nicaragua,2015/16,exports,0.003
豆油,Nigeria,2015/16,exports,0
豆油,Norway,2015/16,exports,0.079
豆油,Panama,2015/16,exports,0
豆油,Senegal,2015/16,exports,0
豆油,Serbia,2015/16,exports,0.07
豆油,Singapore,2015/16,exports,0.005
豆油,Somalia,2015/16,exports,0
豆油,Switzerland,2015/16,exports,0
豆油,Syria,2015/16,exports,0
豆油,Tanzania,2015/16,exports,0
豆油,Trinidad and Tobago,2015/16,exports,0
豆油,United Arab Emirates,2015/16,exports,0.002
豆油,Uzbekistan,2015/16,exports,0
豆油,Zambia,2015/16,exports,0.001
豆油,Zimbabwe,2015/16,exports,0
豆油,阿尔及利亚,2015/16,imports,0.72
豆油,阿根廷,2015/16,imports,0
豆油,埃及,2015/16,imports,0.688
豆油,巴基斯坦,2015/16,imports,0.185
豆油,巴拉圭,2015/16,imports,0.006
豆油,巴西,2015/16,imports,0.063
豆油,玻利维亚,2015/16,imports,0.002
豆油,俄罗斯,2015/16,imports,0.001
豆油,菲律宾,2015/16,imports,0.043
豆油,哥伦比亚,2015/16,imports,0.372
豆油,韩国,2015/16,imports,0.25
豆油,加拿大,2015/16,imports,0.019
豆油,马来西亚,2015/16,imports,0.12
豆油,美国,2015/16,imports,0.13
豆油,孟加拉国,2015/16,imports,0.647
豆油,秘鲁,2015/16,imports,0.382
豆油,摩洛哥,2015/16,imports,0.465
豆油,墨西哥,2015/16,imports,0.31
豆油,南非,2015/16,imports,0.206
豆油,欧盟,2015/16,imports,0.325
豆油,日本,2015/16,imports,0.007
豆油,沙特阿拉伯,2015/16,imports,0.03
豆油,泰国,2015/16,imports,0.004
豆油,突尼斯,2015/16,imports,0.124
豆油,土耳其,2015/16,imports,0.003
豆油,委内瑞拉,2015/16,imports,0.206
豆油,乌克兰,2015/16,imports,0
豆油,乌拉圭,2015/16,imports,0.012
豆油,伊朗,2015/16,imports,0.299
豆油,印度,2015/16,imports,4.269
豆油,印度尼西亚,2015/16,imports,0.024
豆油,越南,2015/16,imports,0.079
豆油,智利,2015/16,imports,0.129
豆油,中国,2015/16,imports,0.586
豆油,中国台湾,2015/16,imports,0
豆油,Angola,2015/16,imports,0.063
豆油,Australia,2015/16,imports,0.026
豆油,Barbados,2015/16,imports,0
豆油,Belarus,2015/16,imports,0.009
豆油,Benin,2015/16,imports,0
豆油,Bosnia and Herzegovina,2015/16,imports,0.003
豆油,Costa Rica,2015/16,imports,0.002
豆油,Cuba,2015/16,imports,0.084
豆油,Dominican Republic,2015/16,imports,0.161
豆油,Ecuador,2015/16,imports,0.114
豆油,El Salvador,2015/16,imports,0.01
豆油,Ethiopia,2015/16,imports,0.009
豆油,Ghana,2015/16,imports,0.003
豆油,Guatemala,2015/16,imports,0.07
豆油,Haiti,2015/16,imports,0.003
豆油,Hong Kong,2015/16,imports,0.027
豆油,Iraq,2015/16,imports,0.015
豆油,Israel,2015/16,imports,0.011
豆油,Jamaica,2015/16,imports,0.031
豆油,Jordan,2015/16,imports,0.037
豆油,Kazakhstan,2015/16,imports,0.001
豆油,"Korea, North",2015/16,imports,0.082
豆油,Lebanon,2015/16,imports,0.012
豆油,Madagascar,2015/16,imports,0.021
豆油,Mauritius,2015/16,imports,0.025
豆油,New Zealand,2015/16,imports,0.011
豆油,Nicaragua,2015/16,imports,0.023
豆油,Nigeria,2015/16,imports,0
豆油,Norway,2015/16,imports,0.008
豆油,Panama,2015/16,imports,0.023
豆油,Senegal,2015/16,imports,0.033
豆油,Serbia,2015/16,imports,0
豆油,Singapore,2015/16,imports,0.02
豆油,Somalia,2015/16,imports,0
豆油,Switzerland,2015/16,imports,0.005
豆油,Syria,2015/16,imports,0.002
豆油,Tanzania,2015/16,imports,0.003
豆油,Trinidad and Tobago,2015/16,imports,0.017
豆油,United Arab Emirates,2015/16,imports,0.015
豆油,Uzbekistan,2015/16,imports,0.014
豆油,Zambia,2015/16,imports,0.019
豆油,Zimbabwe,2015/16,imports,0.037
豆油,阿尔及利亚,2015/16,production,0
豆油,阿根廷,2015/16,production,8.433
豆油,埃及,2015/16,production,0.27
豆油,巴基斯坦,2015/16,production,0.235
豆油,巴拉圭,2015/16,production,0.725
豆油,巴西,2015/16,production,7.627
豆油,玻利维亚,2015/16,production,0.47
豆油,俄罗斯,2015/16,production,0.717
豆油,菲律宾,2015/16,production,0.021
豆油,哥伦比亚,2015/16,production,0.093
豆油,韩国,2015/16,production,0.205
豆油,加拿大,2015/16,production,0.353
豆油,马来西亚,2015/16,production,0.105
豆油,美国,2015/16,production,9.956
豆油,孟加拉国,2015/16,production,0.16
豆油,秘鲁,2015/16,production,0
豆油,摩洛哥,2015/16,production,0.018
豆油,墨西哥,2015/16,production,0.785
豆油,南非,2015/16,production,0.158
豆油,欧盟,2015/16,production,2.841
豆油,日本,2015/16,production,0.445
豆油,沙特阿拉伯,2015/16,production,0.128
豆油,泰国,2015/16,production,0.34
豆油,突尼斯,2015/16,production,0.085
豆油,土耳其,2015/16,production,0.187
豆油,委内瑞拉,2015/16,production,0.024
豆油,乌克兰,2015/16,production,0.174
豆油,乌拉圭,2015/16,production,0.016
豆油,伊朗,2015/16,production,0.33
豆油,印度,2015/16,production,0.99
豆油,印度尼西亚,2015/16,production,0
豆油,越南,2015/16,production,0.189
豆油,智利,2015/16,production,0.018
豆油,中国,2015/16,production,14.605
豆油,中国台湾,2015/16,production,0.352
豆油,Angola,2015/16,production,0
豆油,Australia,2015/16,production,0.006
豆油,Barbados,2015/16,production,0.005
豆油,Belarus,2015/16,production,0.009
豆油,Benin,2015/16,production,0.01
豆油,Bosnia and Herzegovina,2015/16,production,0.005
豆油,Costa Rica,2015/16,production,0.05
豆油,Cuba,2015/16,production,0.018
豆油,Dominican Republic,2015/16,production,0
豆油,Ecuador,2015/16,production,0.006
豆油,El Salvador,2015/16,production,0
豆油,Ethiopia,2015/16,production,0.002
豆油,Ghana,2015/16,production,0.021
豆油,Guatemala,2015/16,production,0.01
豆油,Haiti,2015/16,production,0
豆油,Hong Kong,2015/16,production,0
豆油,Iraq,2015/16,production,0
豆油,Israel,2015/16,production,0.067
豆油,Jamaica,2015/16,production,0
豆油,Jordan,2015/16,production,0
豆油,Kazakhstan,2015/16,production,0.034
豆油,"Korea, North",2015/16,production,0.025
豆油,Lebanon,2015/16,production,0.036
豆油,Madagascar,2015/16,production,0
豆油,Mauritius,2015/16,production,0
豆油,New Zealand,2015/16,production,0
豆油,Nicaragua,2015/16,production,0
豆油,Nigeria,2015/16,production,0.084
豆油,Norway,2015/16,production,0.079
豆油,Panama,2015/16,production,0.006
豆油,Senegal,2015/16,production,0
豆油,Serbia,2015/16,production,0.083
豆油,Singapore,2015/16,production,0.003
豆油,Somalia,2015/16,production,0
豆油,Switzerland,2015/16,production,0.002
豆油,Syria,2015/16,production,0.003
豆油,Tanzania,2015/16,production,0
豆油,Trinidad and Tobago,2015/16,production,0
豆油,United Arab Emirates,2015/16,production,0.006
豆油,Uzbekistan,2015/16,production,0.001
豆油,Zambia,2015/16,production,0.024
豆油,Zimbabwe,2015/16,production,0.012
豆油,阿尔及利亚,2016/17,consumption,0.715
豆油,阿根廷,2016/17,consumption,3.085
豆油,埃及,2016/17,consumption,0.66
豆油,巴基斯坦,2016/17,consumption,0.505
豆油,巴拉圭,2016/17,consumption,0.053
豆油,巴西,2016/17,consumption,6.57
豆油,玻利维亚,2016/17,consumption,0.095
豆油,俄罗斯,2016/17,consumption,0.275
豆油,菲律宾,2016/17,consumption,0.074
豆油,哥伦比亚,2016/17,consumption,0.4
豆油,韩国,2016/17,consumption,0.47
豆油,加拿大,2016/17,consumption,0.206
豆油,马来西亚,2016/17,consumption,0.072
豆油,美国,2016/17,consumption,9.01
豆油,孟加拉国,2016/17,consumption,0.935
豆油,秘鲁,2016/17,consumption,0.435
豆油,摩洛哥,2016/17,consumption,0.48
豆油,墨西哥,2016/17,consumption,1.14
豆油,南非,2016/17,consumption,0.29
豆油,欧盟,2016/17,consumption,1.955
豆油,日本,2016/17,consumption,0.471
豆油,沙特阿拉伯,2016/17,consumption,0.072
豆油,泰国,2016/17,consumption,0.292
豆油,突尼斯,2016/17,consumption,0.215
豆油,土耳其,2016/17,consumption,0.135
豆油,委内瑞拉,2016/17,consumption,0.28
豆油,乌克兰,2016/17,consumption,0.003
豆油,乌拉圭,2016/17,consumption,0.026
豆油,伊朗,2016/17,consumption,0.65
豆油,印度,2016/17,consumption,5.15
豆油,印度尼西亚,2016/17,consumption,0.023
豆油,越南,2016/17,consumption,0.24
豆油,智利,2016/17,consumption,0.11
豆油,中国,2016/17,consumption,16.35
豆油,中国台湾,2016/17,consumption,0.349
豆油,Angola,2016/17,consumption,0.09
豆油,Australia,2016/17,consumption,0.03
豆油,Barbados,2016/17,consumption,0.005
豆油,Belarus,2016/17,consumption,0.016
豆油,Benin,2016/17,consumption,0.011
豆油,Bosnia and Herzegovina,2016/17,consumption,0.006
豆油,Costa Rica,2016/17,consumption,0.048
豆油,Cuba,2016/17,consumption,0.115
豆油,Dominican Republic,2016/17,consumption,0.165
豆油,Ecuador,2016/17,consumption,0.116
豆油,El Salvador,2016/17,consumption,0.015
豆油,Ethiopia,2016/17,consumption,0.007
豆油,Ghana,2016/17,consumption,0.027
豆油,Guatemala,2016/17,consumption,0.08
豆油,Haiti,2016/17,consumption,0.002
豆油,Hong Kong,2016/17,consumption,0.019
豆油,Iraq,2016/17,consumption,0.005
豆油,Israel,2016/17,consumption,0.075
豆油,Jamaica,2016/17,consumption,0.03
豆油,Jordan,2016/17,consumption,0.03
豆油,Kazakhstan,2016/17,consumption,0.029
豆油,"Korea, North",2016/17,consumption,0.11
豆油,Lebanon,2016/17,consumption,0.04
豆油,Madagascar,2016/17,consumption,0.02
豆油,Mauritius,2016/17,consumption,0.024
豆油,New Zealand,2016/17,consumption,0.013
豆油,Nicaragua,2016/17,consumption,0.022
豆油,Nigeria,2016/17,consumption,0.095
豆油,Norway,2016/17,consumption,0.014
豆油,Panama,2016/17,consumption,0.032
豆油,Senegal,2016/17,consumption,0.02
豆油,Serbia,2016/17,consumption,0.015
豆油,Singapore,2016/17,consumption,0.017
豆油,Somalia,2016/17,consumption,0
豆油,Switzerland,2016/17,consumption,0.008
豆油,Syria,2016/17,consumption,0
豆油,Tanzania,2016/17,consumption,0.004
豆油,Trinidad and Tobago,2016/17,consumption,0.018
豆油,United Arab Emirates,2016/17,consumption,0.032
豆油,United Kingdom,2016/17,consumption,0.265
豆油,Uzbekistan,2016/17,consumption,0.025
豆油,Zambia,2016/17,consumption,0.047
豆油,Zimbabwe,2016/17,consumption,0.043
豆油,阿尔及利亚,2016/17,exports,0.005
豆油,阿根廷,2016/17,exports,5.387
豆油,埃及,2016/17,exports,0.049
豆油,巴基斯坦,2016/17,exports,0
豆油,巴拉圭,2016/17,exports,0.68
豆油,巴西,2016/17,exports,1.241
豆油,玻利维亚,2016/17,exports,0.249
豆油,俄罗斯,2016/17,exports,0.529
豆油,菲律宾,2016/17,exports,0
豆油,哥伦比亚,2016/17,exports,0.011
豆油,韩国,2016/17,exports,0.011
豆油,加拿大,2016/17,exports,0.175
豆油,马来西亚,2016/17,exports,0.137
豆油,美国,2016/17,exports,1.159
豆油,孟加拉国,2016/17,exports,0
豆油,秘鲁,2016/17,exports,0
豆油,摩洛哥,2016/17,exports,0.023
豆油,墨西哥,2016/17,exports,0.024
豆油,南非,2016/17,exports,0.052
豆油,欧盟,2016/17,exports,0.973
豆油,日本,2016/17,exports,0
豆油,沙特阿拉伯,2016/17,exports,0.062
豆油,泰国,2016/17,exports,0.05
豆油,突尼斯,2016/17,exports,0.005
豆油,土耳其,2016/17,exports,0.068
豆油,委内瑞拉,2016/17,exports,0
豆油,乌克兰,2016/17,exports,0.177
豆油,乌拉圭,2016/17,exports,0
豆油,伊朗,2016/17,exports,0.003
豆油,印度,2016/17,exports,0.001
豆油,印度尼西亚,2016/17,exports,0
豆油,越南,2016/17,exports,0.035
豆油,智利,2016/17,exports,0
豆油,中国,2016/17,exports,0.118
豆油,中国台湾,2016/17,exports,0.013
豆油,Angola,2016/17,exports,0
豆油,Australia,2016/17,exports,0.002
豆油,Barbados,2016/17,exports,0
豆油,Belarus,2016/17,exports,0.004
豆油,Benin,2016/17,exports,0
豆油,Bosnia and Herzegovina,2016/17,exports,0.002
豆油,Costa Rica,2016/17,exports,0.007
豆油,Cuba,2016/17,exports,0
豆油,Dominican Republic,2016/17,exports,0
豆油,Ecuador,2016/17,exports,0
豆油,El Salvador,2016/17,exports,0
豆油,Ethiopia,2016/17,exports,0
豆油,Ghana,2016/17,exports,0
豆油,Guatemala,2016/17,exports,0.008
豆油,Haiti,2016/17,exports,0
豆油,Hong Kong,2016/17,exports,0.006
豆油,Iraq,2016/17,exports,0
豆油,Israel,2016/17,exports,0
豆油,Jamaica,2016/17,exports,0
豆油,Jordan,2016/17,exports,0
豆油,Kazakhstan,2016/17,exports,0.013
豆油,"Korea, North",2016/17,exports,0
豆油,Lebanon,2016/17,exports,0
豆油,Madagascar,2016/17,exports,0
豆油,Mauritius,2016/17,exports,0
豆油,New Zealand,2016/17,exports,0
豆油,Nicaragua,2016/17,exports,0
豆油,Nigeria,2016/17,exports,0
豆油,Norway,2016/17,exports,0.072
豆油,Panama,2016/17,exports,0
豆油,Senegal,2016/17,exports,0
豆油,Serbia,2016/17,exports,0.069
豆油,Singapore,2016/17,exports,0.004
豆油,Somalia,2016/17,exports,0
豆油,Switzerland,2016/17,exports,0
豆油,Syria,2016/17,exports,0
豆油,Tanzania,2016/17,exports,0
豆油,Trinidad and Tobago,2016/17,exports,0
豆油,United Arab Emirates,2016/17,exports,0.002
豆油,United Kingdom,2016/17,exports,0.025
豆油,Uzbekistan,2016/17,exports,0
豆油,Zambia,2016/17,exports,0.001
豆油,Zimbabwe,2016/17,exports,0
豆油,阿尔及利亚,2016/17,imports,0.674
豆油,阿根廷,2016/17,imports,0
豆油,埃及,2016/17,imports,0.246
豆油,巴基斯坦,2016/17,imports,0.206
豆油,巴拉圭,2016/17,imports,0.006
豆油,巴西,2016/17,imports,0.06
豆油,玻利维亚,2016/17,imports,0.002
豆油,俄罗斯,2016/17,imports,0.001
豆油,菲律宾,2016/17,imports,0.056
豆油,哥伦比亚,2016/17,imports,0.352
豆油,韩国,2016/17,imports,0.306
豆油,加拿大,2016/17,imports,0.023
豆油,马来西亚,2016/17,imports,0.138
豆油,美国,2016/17,imports,0.145
豆油,孟加拉国,2016/17,imports,0.826
豆油,秘鲁,2016/17,imports,0.449
豆油,摩洛哥,2016/17,imports,0.497
豆油,墨西哥,2016/17,imports,0.29
豆油,南非,2016/17,imports,0.186
豆油,欧盟,2016/17,imports,0.306
豆油,日本,2016/17,imports,0.005
豆油,沙特阿拉伯,2016/17,imports,0.022
豆油,泰国,2016/17,imports,0.008
豆油,突尼斯,2016/17,imports,0.15
豆油,土耳其,2016/17,imports,0
豆油,委内瑞拉,2016/17,imports,0.268
豆油,乌克兰,2016/17,imports,0
豆油,乌拉圭,2016/17,imports,0.009
豆油,伊朗,2016/17,imports,0.258
豆油,印度,2016/17,imports,3.534
豆油,印度尼西亚,2016/17,imports,0.023
豆油,越南,2016/17,imports,0.029
豆油,智利,2016/17,imports,0.105
豆油,中国,2016/17,imports,0.711
豆油,中国台湾,2016/17,imports,0
豆油,Angola,2016/17,imports,0.107
豆油,Australia,2016/17,imports,0.027
豆油,Barbados,2016/17,imports,0
豆油,Belarus,2016/17,imports,0.001
豆油,Benin,2016/17,imports,0
豆油,Bosnia and Herzegovina,2016/17,imports,0.003
豆油,Costa Rica,2016/17,imports,0.006
豆油,Cuba,2016/17,imports,0.105
豆油,Dominican Republic,2016/17,imports,0.187
豆油,Ecuador,2016/17,imports,0.102
豆油,El Salvador,2016/17,imports,0.019
豆油,Ethiopia,2016/17,imports,0.005
豆油,Ghana,2016/17,imports,0.004
豆油,Guatemala,2016/17,imports,0.094
豆油,Haiti,2016/17,imports,0.002
豆油,Hong Kong,2016/17,imports,0.024
豆油,Iraq,2016/17,imports,0.005
豆油,Israel,2016/17,imports,0.011
豆油,Jamaica,2016/17,imports,0.033
豆油,Jordan,2016/17,imports,0.029
豆油,Kazakhstan,2016/17,imports,0.005
豆油,"Korea, North",2016/17,imports,0.097
豆油,Lebanon,2016/17,imports,0.006
豆油,Madagascar,2016/17,imports,0.021
豆油,Mauritius,2016/17,imports,0.026
豆油,New Zealand,2016/17,imports,0.013
豆油,Nicaragua,2016/17,imports,0.029
豆油,Nigeria,2016/17,imports,0.001
豆油,Norway,2016/17,imports,0.007
豆油,Panama,2016/17,imports,0.027
豆油,Senegal,2016/17,imports,0.02
豆油,Serbia,2016/17,imports,0.001
豆油,Singapore,2016/17,imports,0.018
豆油,Somalia,2016/17,imports,0
豆油,Switzerland,2016/17,imports,0.005
豆油,Syria,2016/17,imports,0
豆油,Tanzania,2016/17,imports,0.005
豆油,Trinidad and Tobago,2016/17,imports,0.018
豆油,United Arab Emirates,2016/17,imports,0.039
豆油,United Kingdom,2016/17,imports,0.168
豆油,Uzbekistan,2016/17,imports,0.02
豆油,Zambia,2016/17,imports,0.016
豆油,Zimbabwe,2016/17,imports,0.029
豆油,阿尔及利亚,2016/17,production,0
豆油,阿根廷,2016/17,production,8.395
豆油,埃及,2016/17,production,0.378
豆油,巴基斯坦,2016/17,production,0.315
豆油,巴拉圭,2016/17,production,0.725
豆油,巴西,2016/17,production,7.755
豆油,玻利维亚,2016/17,production,0.406
豆油,俄罗斯,2016/17,production,0.788
豆油,菲律宾,2016/17,production,0.021
豆油,哥伦比亚,2016/17,production,0.093
豆油,韩国,2016/17,production,0.195
豆油,加拿大,2016/17,production,0.35
豆油,马来西亚,2016/17,production,0.096
豆油,美国,2016/17,production,10.035
豆油,孟加拉国,2016/17,production,0.216
豆油,秘鲁,2016/17,production,0
豆油,摩洛哥,2016/17,production,0.012
豆油,墨西哥,2016/17,production,0.885
豆油,南非,2016/17,production,0.166
豆油,欧盟,2016/17,production,2.66
豆油,日本,2016/17,production,0.467
豆油,沙特阿拉伯,2016/17,production,0.115
豆油,泰国,2016/17,production,0.35
豆油,突尼斯,2016/17,production,0.074
豆油,土耳其,2016/17,production,0.177
豆油,委内瑞拉,2016/17,production,0.013
豆油,乌克兰,2016/17,production,0.146
豆油,乌拉圭,2016/17,production,0.016
豆油,伊朗,2016/17,production,0.367
豆油,印度,2016/17,production,1.62
豆油,印度尼西亚,2016/17,production,0
豆油,越南,2016/17,production,0.209
豆油,智利,2016/17,production,0.019
豆油,中国,2016/17,production,15.77
豆油,中国台湾,2016/17,production,0.36
豆油,Angola,2016/17,production,0
豆油,Australia,2016/17,production,0.005
豆油,Barbados,2016/17,production,0.005
豆油,Belarus,2016/17,production,0.018
豆油,Benin,2016/17,production,0.011
豆油,Bosnia and Herzegovina,2016/17,production,0.005
豆油,Costa Rica,2016/17,production,0.05
豆油,Cuba,2016/17,production,0.022
豆油,Dominican Republic,2016/17,production,0
豆油,Ecuador,2016/17,production,0.008
豆油,El Salvador,2016/17,production,0
豆油,Ethiopia,2016/17,production,0.002
豆油,Ghana,2016/17,production,0.022
豆油,Guatemala,2016/17,production,0.009
豆油,Haiti,2016/17,production,0
豆油,Hong Kong,2016/17,production,0
豆油,Iraq,2016/17,production,0
豆油,Israel,2016/17,production,0.067
豆油,Jamaica,2016/17,production,0
豆油,Jordan,2016/17,production,0
豆油,Kazakhstan,2016/17,production,0.035
豆油,"Korea, North",2016/17,production,0.03
豆油,Lebanon,2016/17,production,0.036
豆油,Madagascar,2016/17,production,0
豆油,Mauritius,2016/17,production,0
豆油,New Zealand,2016/17,production,0
豆油,Nicaragua,2016/17,production,0
豆油,Nigeria,2016/17,production,0.094
豆油,Norway,2016/17,production,0.079
豆油,Panama,2016/17,production,0.007
豆油,Senegal,2016/17,production,0
豆油,Serbia,2016/17,production,0.081
豆油,Singapore,2016/17,production,0.003
豆油,Somalia,2016/17,production,0
豆油,Switzerland,2016/17,production,0.003
豆油,Syria,2016/17,production,0
豆油,Tanzania,2016/17,production,0
豆油,Trinidad and Tobago,2016/17,production,0
豆油,United Arab Emirates,2016/17,production,0.003
豆油,United Kingdom,2016/17,production,0.123
豆油,Uzbekistan,2016/17,production,0.002
豆油,Zambia,2016/17,production,0.026
豆油,Zimbabwe,2016/17,production,0.013
豆油,阿尔及利亚,2017/18,consumption,0.725
豆油,阿根廷,2017/18,consumption,2.981
豆油,埃及,2017/18,consumption,0.735
豆油,巴基斯坦,2017/18,consumption,0.435
豆油,巴拉圭,2017/18,consumption,0.054
豆油,巴西,2017/18,consumption,6.94
豆油,玻利维亚,2017/18,consumption,0.095
豆油,俄罗斯,2017/18,consumption,0.275
豆油,菲律宾,2017/18,consumption,0.078
豆油,哥伦比亚,2017/18,consumption,0.41
豆油,韩国,2017/18,consumption,0.49
豆油,加拿大,2017/18,consumption,0.219
豆油,马来西亚,2017/18,consumption,0.07
豆油,美国,2017/18,consumption,9.698
豆油,孟加拉国,2017/18,consumption,1.09
豆油,秘鲁,2017/18,consumption,0.488
豆油,摩洛哥,2017/18,consumption,0.505
豆油,墨西哥,2017/18,consumption,1.18
豆油,南非,2017/18,consumption,0.3
豆油,欧盟,2017/18,consumption,1.935
豆油,日本,2017/18,consumption,0.474
豆油,沙特阿拉伯,2017/18,consumption,0.067
豆油,泰国,2017/18,consumption,0.2
豆油,突尼斯,2017/18,consumption,0.21
豆油,土耳其,2017/18,consumption,0.145
豆油,委内瑞拉,2017/18,consumption,0.255
豆油,乌克兰,2017/18,consumption,0.003
豆油,乌拉圭,2017/18,consumption,0.024
豆油,伊朗,2017/18,consumption,0.6
豆油,印度,2017/18,consumption,4.67
豆油,印度尼西亚,2017/18,consumption,0.03
豆油,越南,2017/18,consumption,0.26
豆油,智利,2017/18,consumption,0.09
豆油,中国,2017/18,consumption,16.5
豆油,中国台湾,2017/18,consumption,0.34
豆油,Angola,2017/18,consumption,0.07
豆油,Australia,2017/18,consumption,0.029
豆油,Barbados,2017/18,consumption,0.005
豆油,Belarus,2017/18,consumption,0.018
豆油,Benin,2017/18,consumption,0.012
豆油,Bosnia and Herzegovina,2017/18,consumption,0.007
豆油,Costa Rica,2017/18,consumption,0.049
豆油,Cuba,2017/18,consumption,0.116
豆油,Dominican Republic,2017/18,consumption,0.16
豆油,Ecuador,2017/18,consumption,0.115
豆油,El Salvador,2017/18,consumption,0.015
豆油,Ethiopia,2017/18,consumption,0.007
豆油,Ghana,2017/18,consumption,0.03
豆油,Guatemala,2017/18,consumption,0.086
豆油,Haiti,2017/18,consumption,0
豆油,Hong Kong,2017/18,consumption,0.04
豆油,Iraq,2017/18,consumption,0.013
豆油,Israel,2017/18,consumption,0.075
豆油,Jamaica,2017/18,consumption,0.031
豆油,Jordan,2017/18,consumption,0.037
豆油,Kazakhstan,2017/18,consumption,0.023
豆油,"Korea, North",2017/18,consumption,0.14
豆油,Lebanon,2017/18,consumption,0.045
豆油,Madagascar,2017/18,consumption,0.017
豆油,Mauritius,2017/18,consumption,0.023
豆油,New Zealand,2017/18,consumption,0.014
豆油,Nicaragua,2017/18,consumption,0.021
豆油,Nigeria,2017/18,consumption,0.105
豆油,Norway,2017/18,consumption,0.016
豆油,Panama,2017/18,consumption,0.033
豆油,Senegal,2017/18,consumption,0.021
豆油,Serbia,2017/18,consumption,0.015
豆油,Singapore,2017/18,consumption,0.016
豆油,Somalia,2017/18,consumption,0
豆油,Switzerland,2017/18,consumption,0.008
豆油,Syria,2017/18,consumption,0.007
豆油,Tanzania,2017/18,consumption,0.002
豆油,Trinidad and Tobago,2017/18,consumption,0.017
豆油,United Arab Emirates,2017/18,consumption,0.037
豆油,United Kingdom,2017/18,consumption,0.28
豆油,Uzbekistan,2017/18,consumption,0.025
豆油,Zambia,2017/18,consumption,0.06
豆油,Zimbabwe,2017/18,consumption,0.031
豆油,阿尔及利亚,2017/18,exports,0.005
豆油,阿根廷,2017/18,exports,4.164
豆油,埃及,2017/18,exports,0.026
豆油,巴基斯坦,2017/18,exports,0
豆油,巴拉圭,2017/18,exports,0.691
豆油,巴西,2017/18,exports,1.511
豆油,玻利维亚,2017/18,exports,0.38
豆油,俄罗斯,2017/18,exports,0.568
豆油,菲律宾,2017/18,exports,0
豆油,哥伦比亚,2017/18,exports,0.028
豆油,韩国,2017/18,exports,0.002
豆油,加拿大,2017/18,exports,0.157
豆油,马来西亚,2017/18,exports,0.124
豆油,美国,2017/18,exports,1.108
豆油,孟加拉国,2017/18,exports,0
豆油,秘鲁,2017/18,exports,0
豆油,摩洛哥,2017/18,exports,0.011
豆油,墨西哥,2017/18,exports,0.007
豆油,南非,2017/18,exports,0.056
豆油,欧盟,2017/18,exports,1.074
豆油,日本,2017/18,exports,0
豆油,沙特阿拉伯,2017/18,exports,0.048
豆油,泰国,2017/18,exports,0.07
豆油,突尼斯,2017/18,exports,0.007
豆油,土耳其,2017/18,exports,0.058
豆油,委内瑞拉,2017/18,exports,0
豆油,乌克兰,2017/18,exports,0.192
豆油,乌拉圭,2017/18,exports,0
豆油,伊朗,2017/18,exports,0.009
豆油,印度,2017/18,exports,0.007
豆油,印度尼西亚,2017/18,exports,0
豆油,越南,2017/18,exports,0.041
豆油,智利,2017/18,exports,0
豆油,中国,2017/18,exports,0.21
豆油,中国台湾,2017/18,exports,0.007
豆油,Angola,2017/18,exports,0
豆油,Australia,2017/18,exports,0.001
豆油,Barbados,2017/18,exports,0
豆油,Belarus,2017/18,exports,0.03
豆油,Benin,2017/18,exports,0
豆油,Bosnia and Herzegovina,2017/18,exports,0.001
豆油,Costa Rica,2017/18,exports,0.01
豆油,Cuba,2017/18,exports,0
豆油,Dominican Republic,2017/18,exports,0
豆油,Ecuador,2017/18,exports,0
豆油,El Salvador,2017/18,exports,0
豆油,Ethiopia,2017/18,exports,0
豆油,Ghana,2017/18,exports,0
豆油,Guatemala,2017/18,exports,0.011
豆油,Haiti,2017/18,exports,0
豆油,Hong Kong,2017/18,exports,0.006
豆油,Iraq,2017/18,exports,0
豆油,Israel,2017/18,exports,0
豆油,Jamaica,2017/18,exports,0
豆油,Jordan,2017/18,exports,0
豆油,Kazakhstan,2017/18,exports,0.018
豆油,"Korea, North",2017/18,exports,0
豆油,Lebanon,2017/18,exports,0.004
豆油,Madagascar,2017/18,exports,0
豆油,Mauritius,2017/18,exports,0
豆油,New Zealand,2017/18,exports,0
豆油,Nicaragua,2017/18,exports,0.001
豆油,Nigeria,2017/18,exports,0
豆油,Norway,2017/18,exports,0.063
豆油,Panama,2017/18,exports,0
豆油,Senegal,2017/18,exports,0
豆油,Serbia,2017/18,exports,0.043
豆油,Singapore,2017/18,exports,0.005
豆油,Somalia,2017/18,exports,0
豆油,Switzerland,2017/18,exports,0
豆油,Syria,2017/18,exports,0
豆油,Tanzania,2017/18,exports,0
豆油,Trinidad and Tobago,2017/18,exports,0
豆油,United Arab Emirates,2017/18,exports,0.001
豆油,United Kingdom,2017/18,exports,0.024
豆油,Uzbekistan,2017/18,exports,0
豆油,Zambia,2017/18,exports,0.001
豆油,Zimbabwe,2017/18,exports,0
豆油,阿尔及利亚,2017/18,imports,0.776
豆油,阿根廷,2017/18,imports,0.001
豆油,埃及,2017/18,imports,0.227
豆油,巴基斯坦,2017/18,imports,0.052
豆油,巴拉圭,2017/18,imports,0.005
豆油,巴西,2017/18,imports,0.045
豆油,玻利维亚,2017/18,imports,0.003
豆油,俄罗斯,2017/18,imports,0.026
豆油,菲律宾,2017/18,imports,0.063
豆油,哥伦比亚,2017/18,imports,0.344
豆油,韩国,2017/18,imports,0.276
豆油,加拿大,2017/18,imports,0.021
豆油,马来西亚,2017/18,imports,0.088
豆油,美国,2017/18,imports,0.152
豆油,孟加拉国,2017/18,imports,0.859
豆油,秘鲁,2017/18,imports,0.503
豆油,摩洛哥,2017/18,imports,0.502
豆油,墨西哥,2017/18,imports,0.238
豆油,南非,2017/18,imports,0.128
豆油,欧盟,2017/18,imports,0.288
豆油,日本,2017/18,imports,0.007
豆油,沙特阿拉伯,2017/18,imports,0.017
豆油,泰国,2017/18,imports,0
豆油,突尼斯,2017/18,imports,0.111
豆油,土耳其,2017/18,imports,0
豆油,委内瑞拉,2017/18,imports,0.205
豆油,乌克兰,2017/18,imports,0
豆油,乌拉圭,2017/18,imports,0.007
豆油,伊朗,2017/18,imports,0.213
豆油,印度,2017/18,imports,2.984
豆油,印度尼西亚,2017/18,imports,0.03
豆油,越南,2017/18,imports,0.047
豆油,智利,2017/18,imports,0.067
豆油,中国,2017/18,imports,0.481
豆油,中国台湾,2017/18,imports,0
豆油,Angola,2017/18,imports,0.077
豆油,Australia,2017/18,imports,0.026
豆油,Barbados,2017/18,imports,0
豆油,Belarus,2017/18,imports,0.002
豆油,Benin,2017/18,imports,0
豆油,Bosnia and Herzegovina,2017/18,imports,0.003
豆油,Costa Rica,2017/18,imports,0.008
豆油,Cuba,2017/18,imports,0.097
豆油,Dominican Republic,2017/18,imports,0.143
豆油,Ecuador,2017/18,imports,0.101
豆油,El Salvador,2017/18,imports,0.014
豆油,Ethiopia,2017/18,imports,0.005
豆油,Ghana,2017/18,imports,0.005
豆油,Guatemala,2017/18,imports,0.088
豆油,Haiti,2017/18,imports,0
豆油,Hong Kong,2017/18,imports,0.049
豆油,Iraq,2017/18,imports,0.013
豆油,Israel,2017/18,imports,0.009
豆油,Jamaica,2017/18,imports,0.029
豆油,Jordan,2017/18,imports,0.036
豆油,Kazakhstan,2017/18,imports,0.003
豆油,"Korea, North",2017/18,imports,0.122
豆油,Lebanon,2017/18,imports,0.008
豆油,Madagascar,2017/18,imports,0.016
豆油,Mauritius,2017/18,imports,0.021
豆油,New Zealand,2017/18,imports,0.014
豆油,Nicaragua,2017/18,imports,0.024
豆油,Nigeria,2017/18,imports,0.001
豆油,Norway,2017/18,imports,0.003
豆油,Panama,2017/18,imports,0.026
豆油,Senegal,2017/18,imports,0.021
豆油,Serbia,2017/18,imports,0
豆油,Singapore,2017/18,imports,0.018
豆油,Somalia,2017/18,imports,0
豆油,Switzerland,2017/18,imports,0.005
豆油,Syria,2017/18,imports,0.007
豆油,Tanzania,2017/18,imports,0.001
豆油,Trinidad and Tobago,2017/18,imports,0.019
豆油,United Arab Emirates,2017/18,imports,0.041
豆油,United Kingdom,2017/18,imports,0.179
豆油,Uzbekistan,2017/18,imports,0.024
豆油,Zambia,2017/18,imports,0.019
豆油,Zimbabwe,2017/18,imports,0.021
豆油,阿尔及利亚,2017/18,production,0
豆油,阿根廷,2017/18,production,7.236
豆油,埃及,2017/18,production,0.582
豆油,巴基斯坦,2017/18,production,0.375
豆油,巴拉圭,2017/18,production,0.746
豆油,巴西,2017/18,production,8.485
豆油,玻利维亚,2017/18,production,0.471
豆油,俄罗斯,2017/18,production,0.824
豆油,菲律宾,2017/18,production,0.021
豆油,哥伦比亚,2017/18,production,0.099
豆油,韩国,2017/18,production,0.197
豆油,加拿大,2017/18,production,0.355
豆油,马来西亚,2017/18,production,0.087
豆油,美国,2017/18,production,10.783
豆油,孟加拉国,2017/18,production,0.24
豆油,秘鲁,2017/18,production,0
豆油,摩洛哥,2017/18,production,0.005
豆油,墨西哥,2017/18,production,1.005
豆油,南非,2017/18,production,0.195
豆油,欧盟,2017/18,production,2.755
豆油,日本,2017/18,production,0.468
豆油,沙特阿拉伯,2017/18,production,0.098
豆油,泰国,2017/18,production,0.251
豆油,突尼斯,2017/18,production,0.102
豆油,土耳其,2017/18,production,0.25
豆油,委内瑞拉,2017/18,production,0.045
豆油,乌克兰,2017/18,production,0.194
豆油,乌拉圭,2017/18,production,0.017
豆油,伊朗,2017/18,production,0.403
豆油,印度,2017/18,production,1.386
豆油,印度尼西亚,2017/18,production,0
豆油,越南,2017/18,production,0.276
豆油,智利,2017/18,production,0.019
豆油,中国,2017/18,production,16.128
豆油,中国台湾,2017/18,production,0.355
豆油,Angola,2017/18,production,0
豆油,Australia,2017/18,production,0.008
豆油,Barbados,2017/18,production,0.005
豆油,Belarus,2017/18,production,0.056
豆油,Benin,2017/18,production,0.012
豆油,Bosnia and Herzegovina,2017/18,production,0.005
豆油,Costa Rica,2017/18,production,0.053
豆油,Cuba,2017/18,production,0.022
豆油,Dominican Republic,2017/18,production,0
豆油,Ecuador,2017/18,production,0.006
豆油,El Salvador,2017/18,production,0
豆油,Ethiopia,2017/18,production,0.002
豆油,Ghana,2017/18,production,0.028
豆油,Guatemala,2017/18,production,0.007
豆油,Haiti,2017/18,production,0
豆油,Hong Kong,2017/18,production,0
豆油,Iraq,2017/18,production,0
豆油,Israel,2017/18,production,0.073
豆油,Jamaica,2017/18,production,0
豆油,Jordan,2017/18,production,0
豆油,Kazakhstan,2017/18,production,0.037
豆油,"Korea, North",2017/18,production,0.03
豆油,Lebanon,2017/18,production,0.045
豆油,Madagascar,2017/18,production,0
豆油,Mauritius,2017/18,production,0
豆油,New Zealand,2017/18,production,0
豆油,Nicaragua,2017/18,production,0
豆油,Nigeria,2017/18,production,0.105
豆油,Norway,2017/18,production,0.078
豆油,Panama,2017/18,production,0.007
豆油,Senegal,2017/18,production,0
豆油,Serbia,2017/18,production,0.083
豆油,Singapore,2017/18,production,0.003
豆油,Somalia,2017/18,production,0
豆油,Switzerland,2017/18,production,0.003
豆油,Syria,2017/18,production,0
豆油,Tanzania,2017/18,production,0
豆油,Trinidad and Tobago,2017/18,production,0
豆油,United Arab Emirates,2017/18,production,0.005
豆油,United Kingdom,2017/18,production,0.123
豆油,Uzbekistan,2017/18,production,0.003
豆油,Zambia,2017/18,production,0.048
豆油,Zimbabwe,2017/18,production,0.011
豆油,阿尔及利亚,2018/19,consumption,0.76
豆油,阿根廷,2018/19,consumption,2.625
豆油,埃及,2018/19,consumption,0.91
豆油,巴基斯坦,2018/19,consumption,0.5
豆油,巴拉圭,2018/19,consumption,0.057
豆油,巴西,2018/19,consumption,7.5
豆油,玻利维亚,2018/19,consumption,0.095
豆油,俄罗斯,2018/19,consumption,0.275
豆油,菲律宾,2018/19,consumption,0.078
豆油,哥伦比亚,2018/19,consumption,0.41
豆油,韩国,2018/19,consumption,0.525
豆油,加拿大,2018/19,consumption,0.225
豆油,马来西亚,2018/19,consumption,0.075
豆油,美国,2018/19,consumption,10.376
豆油,孟加拉国,2018/19,consumption,1.254
豆油,秘鲁,2018/19,consumption,0.52
豆油,摩洛哥,2018/19,consumption,0.51
豆油,墨西哥,2018/19,consumption,1.24
豆油,南非,2018/19,consumption,0.29
豆油,欧盟,2018/19,consumption,2.255
豆油,日本,2018/19,consumption,0.488
豆油,沙特阿拉伯,2018/19,consumption,0.057
豆油,泰国,2018/19,consumption,0.266
豆油,突尼斯,2018/19,consumption,0.21
豆油,土耳其,2018/19,consumption,0.132
豆油,委内瑞拉,2018/19,consumption,0.135
豆油,乌克兰,2018/19,consumption,0.001
豆油,乌拉圭,2018/19,consumption,0.021
豆油,伊朗,2018/19,consumption,0.6
豆油,印度,2018/19,consumption,4.75
豆油,印度尼西亚,2018/19,consumption,0.034
豆油,越南,2018/19,consumption,0.28
豆油,智利,2018/19,consumption,0.077
豆油,中国,2018/19,consumption,15.85
豆油,中国台湾,2018/19,consumption,0.351
豆油,Angola,2018/19,consumption,0.07
豆油,Australia,2018/19,consumption,0.025
豆油,Barbados,2018/19,consumption,0.003
豆油,Belarus,2018/19,consumption,0.03
豆油,Benin,2018/19,consumption,0.012
豆油,Bosnia and Herzegovina,2018/19,consumption,0.005
豆油,Costa Rica,2018/19,consumption,0.047
豆油,Cuba,2018/19,consumption,0.105
豆油,Dominican Republic,2018/19,consumption,0.16
豆油,Ecuador,2018/19,consumption,0.115
豆油,El Salvador,2018/19,consumption,0.02
豆油,Ethiopia,2018/19,consumption,0.006
豆油,Ghana,2018/19,consumption,0.031
豆油,Guatemala,2018/19,consumption,0.093
豆油,Haiti,2018/19,consumption,0
豆油,Hong Kong,2018/19,consumption,0.042
豆油,Iraq,2018/19,consumption,0.015
豆油,Israel,2018/19,consumption,0.07
豆油,Jamaica,2018/19,consumption,0.033
豆油,Jordan,2018/19,consumption,0.037
豆油,Kazakhstan,2018/19,consumption,0.033
豆油,"Korea, North",2018/19,consumption,0.135
豆油,Lebanon,2018/19,consumption,0.05
豆油,Madagascar,2018/19,consumption,0.041
豆油,Mauritius,2018/19,consumption,0.024
豆油,New Zealand,2018/19,consumption,0.013
豆油,Nicaragua,2018/19,consumption,0.02
豆油,Nigeria,2018/19,consumption,0.125
豆油,Norway,2018/19,consumption,0.009
豆油,Panama,2018/19,consumption,0.036
豆油,Senegal,2018/19,consumption,0.019
豆油,Serbia,2018/19,consumption,0.013
豆油,Singapore,2018/19,consumption,0.016
豆油,Somalia,2018/19,consumption,0
豆油,Switzerland,2018/19,consumption,0.008
豆油,Syria,2018/19,consumption,0.001
豆油,Tanzania,2018/19,consumption,0.001
豆油,Trinidad and Tobago,2018/19,consumption,0.016
豆油,United Arab Emirates,2018/19,consumption,0.036
豆油,United Kingdom,2018/19,consumption,0.285
豆油,Uzbekistan,2018/19,consumption,0.026
豆油,Zambia,2018/19,consumption,0.065
豆油,Zimbabwe,2018/19,consumption,0.026
豆油,阿尔及利亚,2018/19,exports,0.005
豆油,阿根廷,2018/19,exports,5.268
豆油,埃及,2018/19,exports,0.078
豆油,巴基斯坦,2018/19,exports,0
豆油,巴拉圭,2018/19,exports,0.652
豆油,巴西,2018/19,exports,1.085
豆油,玻利维亚,2018/19,exports,0.393
豆油,俄罗斯,2018/19,exports,0.572
豆油,菲律宾,2018/19,exports,0
豆油,哥伦比亚,2018/19,exports,0.063
豆油,韩国,2018/19,exports,0.002
豆油,加拿大,2018/19,exports,0.169
豆油,马来西亚,2018/19,exports,0.12
豆油,美国,2018/19,exports,0.88
豆油,孟加拉国,2018/19,exports,0.01
豆油,秘鲁,2018/19,exports,0
豆油,摩洛哥,2018/19,exports,0.007
豆油,墨西哥,2018/19,exports,0.015
豆油,南非,2018/19,exports,0.04
豆油,欧盟,2018/19,exports,0.977
豆油,日本,2018/19,exports,0
豆油,沙特阿拉伯,2018/19,exports,0.064
豆油,泰国,2018/19,exports,0.084
豆油,突尼斯,2018/19,exports,0.007
豆油,土耳其,2018/19,exports,0.132
豆油,委内瑞拉,2018/19,exports,0
豆油,乌克兰,2018/19,exports,0.334
豆油,乌拉圭,2018/19,exports,0
豆油,伊朗,2018/19,exports,0.005
豆油,印度,2018/19,exports,0.008
豆油,印度尼西亚,2018/19,exports,0
豆油,越南,2018/19,exports,0.01
豆油,智利,2018/19,exports,0.001
豆油,中国,2018/19,exports,0.197
豆油,中国台湾,2018/19,exports,0.025
豆油,Angola,2018/19,exports,0
豆油,Australia,2018/19,exports,0.001
豆油,Barbados,2018/19,exports,0.002
豆油,Belarus,2018/19,exports,0.05
豆油,Benin,2018/19,exports,0
豆油,Bosnia and Herzegovina,2018/19,exports,0.001
豆油,Costa Rica,2018/19,exports,0.009
豆油,Cuba,2018/19,exports,0
豆油,Dominican Republic,2018/19,exports,0
豆油,Ecuador,2018/19,exports,0
豆油,El Salvador,2018/19,exports,0
豆油,Ethiopia,2018/19,exports,0
豆油,Ghana,2018/19,exports,0
豆油,Guatemala,2018/19,exports,0.013
豆油,Haiti,2018/19,exports,0
豆油,Hong Kong,2018/19,exports,0.007
豆油,Iraq,2018/19,exports,0
豆油,Israel,2018/19,exports,0
豆油,Jamaica,2018/19,exports,0
豆油,Jordan,2018/19,exports,0
豆油,Kazakhstan,2018/19,exports,0.012
豆油,"Korea, North",2018/19,exports,0
豆油,Lebanon,2018/19,exports,0.001
豆油,Madagascar,2018/19,exports,0
豆油,Mauritius,2018/19,exports,0
豆油,New Zealand,2018/19,exports,0
豆油,Nicaragua,2018/19,exports,0
豆油,Nigeria,2018/19,exports,0
豆油,Norway,2018/19,exports,0.076
豆油,Panama,2018/19,exports,0
豆油,Senegal,2018/19,exports,0
豆油,Serbia,2018/19,exports,0.066
豆油,Singapore,2018/19,exports,0.004
豆油,Somalia,2018/19,exports,0
豆油,Switzerland,2018/19,exports,0
豆油,Syria,2018/19,exports,0
豆油,Tanzania,2018/19,exports,0
豆油,Trinidad and Tobago,2018/19,exports,0
豆油,United Arab Emirates,2018/19,exports,0.005
豆油,United Kingdom,2018/19,exports,0.023
豆油,Uzbekistan,2018/19,exports,0
豆油,Zambia,2018/19,exports,0.002
豆油,Zimbabwe,2018/19,exports,0
豆油,阿尔及利亚,2018/19,imports,0.856
豆油,阿根廷,2018/19,imports,0
豆油,埃及,2018/19,imports,0.299
豆油,巴基斯坦,2018/19,imports,0.132
豆油,巴拉圭,2018/19,imports,0.005
豆油,巴西,2018/19,imports,0.024
豆油,玻利维亚,2018/19,imports,0.005
豆油,俄罗斯,2018/19,imports,0.042
豆油,菲律宾,2018/19,imports,0.062
豆油,哥伦比亚,2018/19,imports,0.343
豆油,韩国,2018/19,imports,0.328
豆油,加拿大,2018/19,imports,0.023
豆油,马来西亚,2018/19,imports,0.083
豆油,美国,2018/19,imports,0.18
豆油,孟加拉国,2018/19,imports,1.036
豆油,秘鲁,2018/19,imports,0.539
豆油,摩洛哥,2018/19,imports,0.536
豆油,墨西哥,2018/19,imports,0.154
豆油,南非,2018/19,imports,0.125
豆油,欧盟,2018/19,imports,0.419
豆油,日本,2018/19,imports,0.013
豆油,沙特阿拉伯,2018/19,imports,0.007
豆油,泰国,2018/19,imports,0.001
豆油,突尼斯,2018/19,imports,0.13
豆油,土耳其,2018/19,imports,0
豆油,委内瑞拉,2018/19,imports,0.116
豆油,乌克兰,2018/19,imports,0
豆油,乌拉圭,2018/19,imports,0.006
豆油,伊朗,2018/19,imports,0.183
豆油,印度,2018/19,imports,3
豆油,印度尼西亚,2018/19,imports,0.034
豆油,越南,2018/19,imports,0.065
豆油,智利,2018/19,imports,0.039
豆油,中国,2018/19,imports,0.783
豆油,中国台湾,2018/19,imports,0
豆油,Angola,2018/19,imports,0.061
豆油,Australia,2018/19,imports,0.02
豆油,Barbados,2018/19,imports,0
豆油,Belarus,2018/19,imports,0.004
豆油,Benin,2018/19,imports,0
豆油,Bosnia and Herzegovina,2018/19,imports,0.002
豆油,Costa Rica,2018/19,imports,0.007
豆油,Cuba,2018/19,imports,0.102
豆油,Dominican Republic,2018/19,imports,0.179
豆油,Ecuador,2018/19,imports,0.117
豆油,El Salvador,2018/19,imports,0.019
豆油,Ethiopia,2018/19,imports,0.003
豆油,Ghana,2018/19,imports,0.004
豆油,Guatemala,2018/19,imports,0.098
豆油,Haiti,2018/19,imports,0
豆油,Hong Kong,2018/19,imports,0.063
豆油,Iraq,2018/19,imports,0.021
豆油,Israel,2018/19,imports,0.009
豆油,Jamaica,2018/19,imports,0.029
豆油,Jordan,2018/19,imports,0.037
豆油,Kazakhstan,2018/19,imports,0.001
豆油,"Korea, North",2018/19,imports,0.121
豆油,Lebanon,2018/19,imports,0.003
豆油,Madagascar,2018/19,imports,0.041
豆油,Mauritius,2018/19,imports,0.021
豆油,New Zealand,2018/19,imports,0.013
豆油,Nicaragua,2018/19,imports,0.014
豆油,Nigeria,2018/19,imports,0
豆油,Norway,2018/19,imports,0.008
豆油,Panama,2018/19,imports,0.032
豆油,Senegal,2018/19,imports,0.019
豆油,Serbia,2018/19,imports,0
豆油,Singapore,2018/19,imports,0.017
豆油,Somalia,2018/19,imports,0
豆油,Switzerland,2018/19,imports,0.005
豆油,Syria,2018/19,imports,0.001
豆油,Tanzania,2018/19,imports,0.001
豆油,Trinidad and Tobago,2018/19,imports,0.016
豆油,United Arab Emirates,2018/19,imports,0.028
豆油,United Kingdom,2018/19,imports,0.201
豆油,Uzbekistan,2018/19,imports,0.018
豆油,Zambia,2018/19,imports,0.036
豆油,Zimbabwe,2018/19,imports,0.009
豆油,阿尔及利亚,2018/19,production,0.009
豆油,阿根廷,2018/19,production,8.044
豆油,埃及,2018/19,production,0.637
豆油,巴基斯坦,2018/19,production,0.375
豆油,巴拉圭,2018/19,production,0.725
豆油,巴西,2018/19,production,8.505
豆油,玻利维亚,2018/19,production,0.491
豆油,俄罗斯,2018/19,production,0.834
豆油,菲律宾,2018/19,production,0.015
豆油,哥伦比亚,2018/19,production,0.105
豆油,韩国,2018/19,production,0.196
豆油,加拿大,2018/19,production,0.396
豆油,马来西亚,2018/19,production,0.093
豆油,美国,2018/19,production,10.976
豆油,孟加拉国,2018/19,production,0.325
豆油,秘鲁,2018/19,production,0
豆油,摩洛哥,2018/19,production,0.005
豆油,墨西哥,2018/19,production,1.135
豆油,南非,2018/19,production,0.236
豆油,欧盟,2018/19,production,2.85
豆油,日本,2018/19,production,0.485
豆油,沙特阿拉伯,2018/19,production,0.105
豆油,泰国,2018/19,production,0.359
豆油,突尼斯,2018/19,production,0.102
豆油,土耳其,2018/19,production,0.232
豆油,委内瑞拉,2018/19,production,0.007
豆油,乌克兰,2018/19,production,0.35
豆油,乌拉圭,2018/19,production,0.017
豆油,伊朗,2018/19,production,0.422
豆油,印度,2018/19,production,1.728
豆油,印度尼西亚,2018/19,production,0
豆油,越南,2018/19,production,0.228
豆油,智利,2018/19,production,0.019
豆油,中国,2018/19,production,15.232
豆油,中国台湾,2018/19,production,0.375
豆油,Angola,2018/19,production,0
豆油,Australia,2018/19,production,0.004
豆油,Barbados,2018/19,production,0.005
豆油,Belarus,2018/19,production,0.075
豆油,Benin,2018/19,production,0.012
豆油,Bosnia and Herzegovina,2018/19,production,0.004
豆油,Costa Rica,2018/19,production,0.05
豆油,Cuba,2018/19,production,0.02
豆油,Dominican Republic,2018/19,production,0
豆油,Ecuador,2018/19,production,0.005
豆油,El Salvador,2018/19,production,0
豆油,Ethiopia,2018/19,production,0.003
豆油,Ghana,2018/19,production,0.028
豆油,Guatemala,2018/19,production,0.007
豆油,Haiti,2018/19,production,0
豆油,Hong Kong,2018/19,production,0
豆油,Iraq,2018/19,production,0
豆油,Israel,2018/19,production,0.064
豆油,Jamaica,2018/19,production,0
豆油,Jordan,2018/19,production,0
豆油,Kazakhstan,2018/19,production,0.04
豆油,"Korea, North",2018/19,production,0.02
豆油,Lebanon,2018/19,production,0.054
豆油,Madagascar,2018/19,production,0
豆油,Mauritius,2018/19,production,0
豆油,New Zealand,2018/19,production,0
豆油,Nicaragua,2018/19,production,0
豆油,Nigeria,2018/19,production,0.126
豆油,Norway,2018/19,production,0.075
豆油,Panama,2018/19,production,0.007
豆油,Senegal,2018/19,production,0
豆油,Serbia,2018/19,production,0.086
豆油,Singapore,2018/19,production,0.003
豆油,Somalia,2018/19,production,0
豆油,Switzerland,2018/19,production,0.003
豆油,Syria,2018/19,production,0
豆油,Tanzania,2018/19,production,0
豆油,Trinidad and Tobago,2018/19,production,0
豆油,United Arab Emirates,2018/19,production,0.002
豆油,United Kingdom,2018/19,production,0.11
豆油,Uzbekistan,2018/19,production,0.005
豆油,Zambia,2018/19,production,0.045
豆油,Zimbabwe,2018/19,production,0.011
豆油,阿尔及利亚,2019/20,consumption,0.75
豆油,阿根廷,2019/20,consumption,2.18
豆油,埃及,2019/20,consumption,0.915
豆油,巴基斯坦,2019/20,consumption,0.515
豆油,巴拉圭,2019/20,consumption,0.06
豆油,巴西,2019/20,consumption,7.85
豆油,玻利维亚,2019/20,consumption,0.095
豆油,俄罗斯,2019/20,consumption,0.265
豆油,菲律宾,2019/20,consumption,0.078
豆油,哥伦比亚,2019/20,consumption,0.41
豆油,韩国,2019/20,consumption,0.555
豆油,加拿大,2019/20,consumption,0.225
豆油,马来西亚,2019/20,consumption,0.08
豆油,美国,2019/20,consumption,10.122
豆油,孟加拉国,2019/20,consumption,1.264
豆油,秘鲁,2019/20,consumption,0.535
豆油,摩洛哥,2019/20,consumption,0.52
豆油,墨西哥,2019/20,consumption,1.285
豆油,南非,2019/20,consumption,0.29
豆油,欧盟,2019/20,consumption,2.38
豆油,日本,2019/20,consumption,0.482
豆油,沙特阿拉伯,2019/20,consumption,0.065
豆油,泰国,2019/20,consumption,0.327
豆油,突尼斯,2019/20,consumption,0.205
豆油,土耳其,2019/20,consumption,0.115
豆油,委内瑞拉,2019/20,consumption,0.165
豆油,乌克兰,2019/20,consumption,0.002
豆油,乌拉圭,2019/20,consumption,0.021
豆油,伊朗,2019/20,consumption,0.6
豆油,印度,2019/20,consumption,5.125
豆油,印度尼西亚,2019/20,consumption,0.034
豆油,越南,2019/20,consumption,0.27
豆油,智利,2019/20,consumption,0.095
豆油,中国,2019/20,consumption,17.1
豆油,中国台湾,2019/20,consumption,0.35
豆油,Angola,2019/20,consumption,0.055
豆油,Australia,2019/20,consumption,0.029
豆油,Barbados,2019/20,consumption,0.004
豆油,Belarus,2019/20,consumption,0.03
豆油,Benin,2019/20,consumption,0.012
豆油,Bosnia and Herzegovina,2019/20,consumption,0
豆油,Costa Rica,2019/20,consumption,0.048
豆油,Cuba,2019/20,consumption,0.108
豆油,Dominican Republic,2019/20,consumption,0.16
豆油,Ecuador,2019/20,consumption,0.11
豆油,El Salvador,2019/20,consumption,0.023
豆油,Ethiopia,2019/20,consumption,0.02
豆油,Ghana,2019/20,consumption,0.032
豆油,Guatemala,2019/20,consumption,0.11
豆油,Haiti,2019/20,consumption,0.003
豆油,Hong Kong,2019/20,consumption,0.045
豆油,Iraq,2019/20,consumption,0.025
豆油,Israel,2019/20,consumption,0.07
豆油,Jamaica,2019/20,consumption,0.03
豆油,Jordan,2019/20,consumption,0.038
豆油,Kazakhstan,2019/20,consumption,0.028
豆油,"Korea, North",2019/20,consumption,0.135
豆油,Lebanon,2019/20,consumption,0.05
豆油,Madagascar,2019/20,consumption,0.043
豆油,Mauritius,2019/20,consumption,0.02
豆油,New Zealand,2019/20,consumption,0.012
豆油,Nicaragua,2019/20,consumption,0.02
豆油,Nigeria,2019/20,consumption,0.15
豆油,Norway,2019/20,consumption,0.003
豆油,Panama,2019/20,consumption,0.037
豆油,Senegal,2019/20,consumption,0.037
豆油,Serbia,2019/20,consumption,0.015
豆油,Singapore,2019/20,consumption,0.016
豆油,Somalia,2019/20,consumption,0
豆油,Switzerland,2019/20,consumption,0.009
豆油,Syria,2019/20,consumption,0.001
豆油,Tanzania,2019/20,consumption,0.001
豆油,Trinidad and Tobago,2019/20,consumption,0.015
豆油,United Arab Emirates,2019/20,consumption,0.035
豆油,United Kingdom,2019/20,consumption,0.268
豆油,Uzbekistan,2019/20,consumption,0.021
豆油,Zambia,2019/20,consumption,0.07
豆油,Zimbabwe,2019/20,consumption,0.035
豆油,阿尔及利亚,2019/20,exports,0.005
豆油,阿根廷,2019/20,exports,5.404
豆油,埃及,2019/20,exports,0.265
豆油,巴基斯坦,2019/20,exports,0
豆油,巴拉圭,2019/20,exports,0.631
豆油,巴西,2019/20,exports,1.156
豆油,玻利维亚,2019/20,exports,0.408
豆油,俄罗斯,2019/20,exports,0.641
豆油,菲律宾,2019/20,exports,0
豆油,哥伦比亚,2019/20,exports,0.076
豆油,韩国,2019/20,exports,0.002
豆油,加拿大,2019/20,exports,0.144
豆油,马来西亚,2019/20,exports,0.118
豆油,美国,2019/20,exports,1.287
豆油,孟加拉国,2019/20,exports,0.009
豆油,秘鲁,2019/20,exports,0
豆油,摩洛哥,2019/20,exports,0.023
豆油,墨西哥,2019/20,exports,0.014
豆油,南非,2019/20,exports,0.061
豆油,欧盟,2019/20,exports,0.91
豆油,日本,2019/20,exports,0.001
豆油,沙特阿拉伯,2019/20,exports,0.077
豆油,泰国,2019/20,exports,0.103
豆油,突尼斯,2019/20,exports,0.001
豆油,土耳其,2019/20,exports,0.176
豆油,委内瑞拉,2019/20,exports,0
豆油,乌克兰,2019/20,exports,0.338
豆油,乌拉圭,2019/20,exports,0.001
豆油,伊朗,2019/20,exports,0.001
豆油,印度,2019/20,exports,0.016
豆油,印度尼西亚,2019/20,exports,0
豆油,越南,2019/20,exports,0.01
豆油,智利,2019/20,exports,0
豆油,中国,2019/20,exports,0.155
豆油,中国台湾,2019/20,exports,0.018
豆油,Angola,2019/20,exports,0
豆油,Australia,2019/20,exports,0.001
豆油,Barbados,2019/20,exports,0.001
豆油,Belarus,2019/20,exports,0.079
豆油,Benin,2019/20,exports,0
豆油,Bosnia and Herzegovina,2019/20,exports,0.003
豆油,Costa Rica,2019/20,exports,0.013
豆油,Cuba,2019/20,exports,0
豆油,Dominican Republic,2019/20,exports,0
豆油,Ecuador,2019/20,exports,0
豆油,El Salvador,2019/20,exports,0
豆油,Ethiopia,2019/20,exports,0
豆油,Ghana,2019/20,exports,0
豆油,Guatemala,2019/20,exports,0.017
豆油,Haiti,2019/20,exports,0
豆油,Hong Kong,2019/20,exports,0.005
豆油,Iraq,2019/20,exports,0
豆油,Israel,2019/20,exports,0
豆油,Jamaica,2019/20,exports,0
豆油,Jordan,2019/20,exports,0
豆油,Kazakhstan,2019/20,exports,0.016
豆油,"Korea, North",2019/20,exports,0
豆油,Lebanon,2019/20,exports,0
豆油,Madagascar,2019/20,exports,0
豆油,Mauritius,2019/20,exports,0
豆油,New Zealand,2019/20,exports,0
豆油,Nicaragua,2019/20,exports,0.001
豆油,Nigeria,2019/20,exports,0
豆油,Norway,2019/20,exports,0.081
豆油,Panama,2019/20,exports,0
豆油,Senegal,2019/20,exports,0
豆油,Serbia,2019/20,exports,0.084
豆油,Singapore,2019/20,exports,0.003
豆油,Somalia,2019/20,exports,0
豆油,Switzerland,2019/20,exports,0
豆油,Syria,2019/20,exports,0
豆油,Tanzania,2019/20,exports,0
豆油,Trinidad and Tobago,2019/20,exports,0
豆油,United Arab Emirates,2019/20,exports,0.004
豆油,United Kingdom,2019/20,exports,0.024
豆油,Uzbekistan,2019/20,exports,0
豆油,Zambia,2019/20,exports,0.001
豆油,Zimbabwe,2019/20,exports,0
豆油,阿尔及利亚,2019/20,imports,0.626
豆油,阿根廷,2019/20,imports,0
豆油,埃及,2019/20,imports,0.375
豆油,巴基斯坦,2019/20,imports,0.109
豆油,巴拉圭,2019/20,imports,0.009
豆油,巴西,2019/20,imports,0.066
豆油,玻利维亚,2019/20,imports,0.008
豆油,俄罗斯,2019/20,imports,0.062
豆油,菲律宾,2019/20,imports,0.055
豆油,哥伦比亚,2019/20,imports,0.387
豆油,韩国,2019/20,imports,0.402
豆油,加拿大,2019/20,imports,0.027
豆油,马来西亚,2019/20,imports,0.107
豆油,美国,2019/20,imports,0.145
豆油,孟加拉国,2019/20,imports,0.696
豆油,秘鲁,2019/20,imports,0.521
豆油,摩洛哥,2019/20,imports,0.573
豆油,墨西哥,2019/20,imports,0.151
豆油,南非,2019/20,imports,0.14
豆油,欧盟,2019/20,imports,0.483
豆油,日本,2019/20,imports,0.005
豆油,沙特阿拉伯,2019/20,imports,0.012
豆油,泰国,2019/20,imports,0.003
豆油,突尼斯,2019/20,imports,0.121
豆油,土耳其,2019/20,imports,0
豆油,委内瑞拉,2019/20,imports,0.16
豆油,乌克兰,2019/20,imports,0
豆油,乌拉圭,2019/20,imports,0.008
豆油,伊朗,2019/20,imports,0.21
豆油,印度,2019/20,imports,3.626
豆油,印度尼西亚,2019/20,imports,0.034
豆油,越南,2019/20,imports,0.093
豆油,智利,2019/20,imports,0.087
豆油,中国,2019/20,imports,0.998
豆油,中国台湾,2019/20,imports,0
豆油,Angola,2019/20,imports,0.048
豆油,Australia,2019/20,imports,0.023
豆油,Barbados,2019/20,imports,0
豆油,Belarus,2019/20,imports,0.009
豆油,Benin,2019/20,imports,0
豆油,Bosnia and Herzegovina,2019/20,imports,0.001
豆油,Costa Rica,2019/20,imports,0.011
豆油,Cuba,2019/20,imports,0.058
豆油,Dominican Republic,2019/20,imports,0.173
豆油,Ecuador,2019/20,imports,0.102
豆油,El Salvador,2019/20,imports,0.023
豆油,Ethiopia,2019/20,imports,0.015
豆油,Ghana,2019/20,imports,0.005
豆油,Guatemala,2019/20,imports,0.117
豆油,Haiti,2019/20,imports,0.003
豆油,Hong Kong,2019/20,imports,0.035
豆油,Iraq,2019/20,imports,0.025
豆油,Israel,2019/20,imports,0.005
豆油,Jamaica,2019/20,imports,0.03
豆油,Jordan,2019/20,imports,0.038
豆油,Kazakhstan,2019/20,imports,0
豆油,"Korea, North",2019/20,imports,0.108
豆油,Lebanon,2019/20,imports,0.006
豆油,Madagascar,2019/20,imports,0.043
豆油,Mauritius,2019/20,imports,0.02
豆油,New Zealand,2019/20,imports,0.012
豆油,Nicaragua,2019/20,imports,0.018
豆油,Nigeria,2019/20,imports,0.013
豆油,Norway,2019/20,imports,0.008
豆油,Panama,2019/20,imports,0.028
豆油,Senegal,2019/20,imports,0.037
豆油,Serbia,2019/20,imports,0
豆油,Singapore,2019/20,imports,0.016
豆油,Somalia,2019/20,imports,0
豆油,Switzerland,2019/20,imports,0.007
豆油,Syria,2019/20,imports,0.001
豆油,Tanzania,2019/20,imports,0.001
豆油,Trinidad and Tobago,2019/20,imports,0.013
豆油,United Arab Emirates,2019/20,imports,0.033
豆油,United Kingdom,2019/20,imports,0.163
豆油,Uzbekistan,2019/20,imports,0.015
豆油,Zambia,2019/20,imports,0.031
豆油,Zimbabwe,2019/20,imports,0.03
豆油,阿尔及利亚,2019/20,production,0.09
豆油,阿根廷,2019/20,production,7.7
豆油,埃及,2019/20,production,0.855
豆油,巴基斯坦,2019/20,production,0.431
豆油,巴拉圭,2019/20,production,0.665
豆油,巴西,2019/20,production,9.348
豆油,玻利维亚,2019/20,production,0.52
豆油,俄罗斯,2019/20,production,0.834
豆油,菲律宾,2019/20,production,0.016
豆油,哥伦比亚,2019/20,production,0.099
豆油,韩国,2019/20,production,0.204
豆油,加拿大,2019/20,production,0.32
豆油,马来西亚,2019/20,production,0.094
豆油,美国,2019/20,production,11.299
豆油,孟加拉国,2019/20,production,0.4
豆油,秘鲁,2019/20,production,0
豆油,摩洛哥,2019/20,production,0.018
豆油,墨西哥,2019/20,production,1.11
豆油,南非,2019/20,production,0.225
豆油,欧盟,2019/20,production,2.964
豆油,日本,2019/20,production,0.467
豆油,沙特阿拉伯,2019/20,production,0.134
豆油,泰国,2019/20,production,0.468
豆油,突尼斯,2019/20,production,0.099
豆油,土耳其,2019/20,production,0.285
豆油,委内瑞拉,2019/20,production,0.008
豆油,乌克兰,2019/20,production,0.34
豆油,乌拉圭,2019/20,production,0.017
豆油,伊朗,2019/20,production,0.422
豆油,印度,2019/20,production,1.55
豆油,印度尼西亚,2019/20,production,0
豆油,越南,2019/20,production,0.238
豆油,智利,2019/20,production,0.019
豆油,中国,2019/20,production,16.397
豆油,中国台湾,2019/20,production,0.37
豆油,Angola,2019/20,production,0
豆油,Australia,2019/20,production,0.004
豆油,Barbados,2019/20,production,0.005
豆油,Belarus,2019/20,production,0.097
豆油,Benin,2019/20,production,0.012
豆油,Bosnia and Herzegovina,2019/20,production,0.002
豆油,Costa Rica,2019/20,production,0.05
豆油,Cuba,2019/20,production,0.018
豆油,Dominican Republic,2019/20,production,0
豆油,Ecuador,2019/20,production,0.007
豆油,El Salvador,2019/20,production,0
豆油,Ethiopia,2019/20,production,0.005
豆油,Ghana,2019/20,production,0.029
豆油,Guatemala,2019/20,production,0.007
豆油,Haiti,2019/20,production,0
豆油,Hong Kong,2019/20,production,0
豆油,Iraq,2019/20,production,0
豆油,Israel,2019/20,production,0.06
豆油,Jamaica,2019/20,production,0
豆油,Jordan,2019/20,production,0
豆油,Kazakhstan,2019/20,production,0.043
豆油,"Korea, North",2019/20,production,0.029
豆油,Lebanon,2019/20,production,0.045
豆油,Madagascar,2019/20,production,0
豆油,Mauritius,2019/20,production,0
豆油,New Zealand,2019/20,production,0
豆油,Nicaragua,2019/20,production,0
豆油,Nigeria,2019/20,production,0.14
豆油,Norway,2019/20,production,0.077
豆油,Panama,2019/20,production,0.006
豆油,Senegal,2019/20,production,0
豆油,Serbia,2019/20,production,0.084
豆油,Singapore,2019/20,production,0.003
豆油,Somalia,2019/20,production,0
豆油,Switzerland,2019/20,production,0.002
豆油,Syria,2019/20,production,0
豆油,Tanzania,2019/20,production,0
豆油,Trinidad and Tobago,2019/20,production,0
豆油,United Arab Emirates,2019/20,production,0.001
豆油,United Kingdom,2019/20,production,0.126
豆油,Uzbekistan,2019/20,production,0.006
豆油,Zambia,2019/20,production,0.035
豆油,Zimbabwe,2019/20,production,0.012
豆油,阿尔及利亚,2020/21,consumption,0.8
豆油,阿根廷,2020/21,consumption,2.045
豆油,埃及,2020/21,consumption,1.01
豆油,巴基斯坦,2020/21,consumption,0.495
豆油,巴拉圭,2020/21,consumption,0.067
豆油,巴西,2020/21,consumption,8.15
豆油,玻利维亚,2020/21,consumption,0.095
豆油,俄罗斯,2020/21,consumption,0.29
豆油,菲律宾,2020/21,consumption,0.078
豆油,哥伦比亚,2020/21,consumption,0.4
豆油,韩国,2020/21,consumption,0.6
豆油,加拿大,2020/21,consumption,0.23
豆油,马来西亚,2020/21,consumption,0.088
豆油,美国,2020/21,consumption,10.574
豆油,孟加拉国,2020/21,consumption,1.205
豆油,秘鲁,2020/21,consumption,0.535
豆油,摩洛哥,2020/21,consumption,0.515
豆油,墨西哥,2020/21,consumption,1.29
豆油,南非,2020/21,consumption,0.315
豆油,欧盟,2020/21,consumption,2.43
豆油,日本,2020/21,consumption,0.458
豆油,沙特阿拉伯,2020/21,consumption,0.068
豆油,泰国,2020/21,consumption,0.36
豆油,突尼斯,2020/21,consumption,0.18
豆油,土耳其,2020/21,consumption,0.06
豆油,委内瑞拉,2020/21,consumption,0.2
豆油,乌克兰,2020/21,consumption,0.002
豆油,乌拉圭,2020/21,consumption,0.021
豆油,伊朗,2020/21,consumption,0.85
豆油,印度,2020/21,consumption,4.95
豆油,印度尼西亚,2020/21,consumption,0.036
豆油,越南,2020/21,consumption,0.27
豆油,智利,2020/21,consumption,0.145
豆油,中国,2020/21,consumption,17.8
豆油,中国台湾,2020/21,consumption,0.35
豆油,Angola,2020/21,consumption,0.04
豆油,Australia,2020/21,consumption,0.03
豆油,Barbados,2020/21,consumption,0.002
豆油,Belarus,2020/21,consumption,0.032
豆油,Benin,2020/21,consumption,0.009
豆油,Bosnia and Herzegovina,2020/21,consumption,0
豆油,Costa Rica,2020/21,consumption,0.045
豆油,Cuba,2020/21,consumption,0.054
豆油,Dominican Republic,2020/21,consumption,0.15
豆油,Ecuador,2020/21,consumption,0.12
豆油,El Salvador,2020/21,consumption,0.026
豆油,Ethiopia,2020/21,consumption,0.018
豆油,Ghana,2020/21,consumption,0.034
豆油,Guatemala,2020/21,consumption,0.11
豆油,Haiti,2020/21,consumption,0.002
豆油,Hong Kong,2020/21,consumption,0.045
豆油,Iraq,2020/21,consumption,0.1
豆油,Israel,2020/21,consumption,0.06
豆油,Jamaica,2020/21,consumption,0.03
豆油,Jordan,2020/21,consumption,0.043
豆油,Kazakhstan,2020/21,consumption,0.032
豆油,"Korea, North",2020/21,consumption,0.085
豆油,Lebanon,2020/21,consumption,0.05
豆油,Madagascar,2020/21,consumption,0.04
豆油,Mauritius,2020/21,consumption,0.031
豆油,New Zealand,2020/21,consumption,0.01
豆油,Nicaragua,2020/21,consumption,0.02
豆油,Nigeria,2020/21,consumption,0.17
豆油,Norway,2020/21,consumption,0.003
豆油,Panama,2020/21,consumption,0.04
豆油,Senegal,2020/21,consumption,0.031
豆油,Serbia,2020/21,consumption,0.015
豆油,Singapore,2020/21,consumption,0.017
豆油,Somalia,2020/21,consumption,0
豆油,Switzerland,2020/21,consumption,0.01
豆油,Syria,2020/21,consumption,0.001
豆油,Tanzania,2020/21,consumption,0
豆油,Trinidad and Tobago,2020/21,consumption,0.014
豆油,United Arab Emirates,2020/21,consumption,0.04
豆油,United Kingdom,2020/21,consumption,0.285
豆油,Uzbekistan,2020/21,consumption,0.013
豆油,Zambia,2020/21,consumption,0.075
豆油,Zimbabwe,2020/21,consumption,0.043
豆油,阿尔及利亚,2020/21,exports,0.005
豆油,阿根廷,2020/21,exports,6.137
豆油,埃及,2020/21,exports,0.101
豆油,巴基斯坦,2020/21,exports,0.002
豆油,巴拉圭,2020/21,exports,0.562
豆油,巴西,2020/21,exports,1.261
豆油,玻利维亚,2020/21,exports,0.525
豆油,俄罗斯,2020/21,exports,0.561
豆油,菲律宾,2020/21,exports,0
豆油,哥伦比亚,2020/21,exports,0.064
豆油,韩国,2020/21,exports,0.002
豆油,加拿大,2020/21,exports,0.119
豆油,马来西亚,2020/21,exports,0.108
豆油,美国,2020/21,exports,0.786
豆油,孟加拉国,2020/21,exports,0.026
豆油,秘鲁,2020/21,exports,0
豆油,摩洛哥,2020/21,exports,0.025
豆油,墨西哥,2020/21,exports,0.035
豆油,南非,2020/21,exports,0.074
豆油,欧盟,2020/21,exports,1.061
豆油,日本,2020/21,exports,0
豆油,沙特阿拉伯,2020/21,exports,0.074
豆油,泰国,2020/21,exports,0.134
豆油,突尼斯,2020/21,exports,0
豆油,土耳其,2020/21,exports,0.264
豆油,委内瑞拉,2020/21,exports,0
豆油,乌克兰,2020/21,exports,0.232
豆油,乌拉圭,2020/21,exports,0.001
豆油,伊朗,2020/21,exports,0.001
豆油,印度,2020/21,exports,0.011
豆油,印度尼西亚,2020/21,exports,0
豆油,越南,2020/21,exports,0.076
豆油,智利,2020/21,exports,0
豆油,中国,2020/21,exports,0.042
豆油,中国台湾,2020/21,exports,0.018
豆油,Angola,2020/21,exports,0
豆油,Australia,2020/21,exports,0
豆油,Barbados,2020/21,exports,0.001
豆油,Belarus,2020/21,exports,0.054
豆油,Benin,2020/21,exports,0
豆油,Bosnia and Herzegovina,2020/21,exports,0
豆油,Costa Rica,2020/21,exports,0.02
豆油,Cuba,2020/21,exports,0
豆油,Dominican Republic,2020/21,exports,0
豆油,Ecuador,2020/21,exports,0.001
豆油,El Salvador,2020/21,exports,0.001
豆油,Ethiopia,2020/21,exports,0
豆油,Ghana,2020/21,exports,0
豆油,Guatemala,2020/21,exports,0.022
豆油,Haiti,2020/21,exports,0
豆油,Hong Kong,2020/21,exports,0.006
豆油,Iraq,2020/21,exports,0
豆油,Israel,2020/21,exports,0.001
豆油,Jamaica,2020/21,exports,0
豆油,Jordan,2020/21,exports,0
豆油,Kazakhstan,2020/21,exports,0.011
豆油,"Korea, North",2020/21,exports,0
豆油,Lebanon,2020/21,exports,0
豆油,Madagascar,2020/21,exports,0.001
豆油,Mauritius,2020/21,exports,0
豆油,New Zealand,2020/21,exports,0
豆油,Nicaragua,2020/21,exports,0
豆油,Nigeria,2020/21,exports,0
豆油,Norway,2020/21,exports,0.072
豆油,Panama,2020/21,exports,0
豆油,Senegal,2020/21,exports,0
豆油,Serbia,2020/21,exports,0.073
豆油,Singapore,2020/21,exports,0.003
豆油,Somalia,2020/21,exports,0
豆油,Switzerland,2020/21,exports,0
豆油,Syria,2020/21,exports,0
豆油,Tanzania,2020/21,exports,0
豆油,Trinidad and Tobago,2020/21,exports,0
豆油,United Arab Emirates,2020/21,exports,0.008
豆油,United Kingdom,2020/21,exports,0.024
豆油,Uzbekistan,2020/21,exports,0
豆油,Zambia,2020/21,exports,0
豆油,Zimbabwe,2020/21,exports,0
豆油,阿尔及利亚,2020/21,imports,0.61
豆油,阿根廷,2020/21,imports,0
豆油,埃及,2020/21,imports,0.428
豆油,巴基斯坦,2020/21,imports,0.019
豆油,巴拉圭,2020/21,imports,0.002
豆油,巴西,2020/21,imports,0.249
豆油,玻利维亚,2020/21,imports,0.002
豆油,俄罗斯,2020/21,imports,0.05
豆油,菲律宾,2020/21,imports,0.057
豆油,哥伦比亚,2020/21,imports,0.285
豆油,韩国,2020/21,imports,0.407
豆油,加拿大,2020/21,imports,0.048
豆油,马来西亚,2020/21,imports,0.11
豆油,美国,2020/21,imports,0.137
豆油,孟加拉国,2020/21,imports,0.676
豆油,秘鲁,2020/21,imports,0.594
豆油,摩洛哥,2020/21,imports,0.507
豆油,墨西哥,2020/21,imports,0.086
豆油,南非,2020/21,imports,0.083
豆油,欧盟,2020/21,imports,0.493
豆油,日本,2020/21,imports,0.003
豆油,沙特阿拉伯,2020/21,imports,0.009
豆油,泰国,2020/21,imports,0
豆油,突尼斯,2020/21,imports,0.064
豆油,土耳其,2020/21,imports,0
豆油,委内瑞拉,2020/21,imports,0.193
豆油,乌克兰,2020/21,imports,0
豆油,乌拉圭,2020/21,imports,0.006
豆油,伊朗,2020/21,imports,0.473
豆油,印度,2020/21,imports,3.251
豆油,印度尼西亚,2020/21,imports,0.036
豆油,越南,2020/21,imports,0.075
豆油,智利,2020/21,imports,0.128
豆油,中国,2020/21,imports,1.221
豆油,中国台湾,2020/21,imports,0
豆油,Angola,2020/21,imports,0.037
豆油,Australia,2020/21,imports,0.024
豆油,Barbados,2020/21,imports,0
豆油,Belarus,2020/21,imports,0.016
豆油,Benin,2020/21,imports,0
豆油,Bosnia and Herzegovina,2020/21,imports,0
豆油,Costa Rica,2020/21,imports,0.015
豆油,Cuba,2020/21,imports,0.05
豆油,Dominican Republic,2020/21,imports,0.134
豆油,Ecuador,2020/21,imports,0.125
豆油,El Salvador,2020/21,imports,0.024
豆油,Ethiopia,2020/21,imports,0.004
豆油,Ghana,2020/21,imports,0.007
豆油,Guatemala,2020/21,imports,0.143
豆油,Haiti,2020/21,imports,0.002
豆油,Hong Kong,2020/21,imports,0.056
豆油,Iraq,2020/21,imports,0.118
豆油,Israel,2020/21,imports,0.015
豆油,Jamaica,2020/21,imports,0.03
豆油,Jordan,2020/21,imports,0.044
豆油,Kazakhstan,2020/21,imports,0.002
豆油,"Korea, North",2020/21,imports,0.015
豆油,Lebanon,2020/21,imports,0.022
豆油,Madagascar,2020/21,imports,0.041
豆油,Mauritius,2020/21,imports,0.031
豆油,New Zealand,2020/21,imports,0.01
豆油,Nicaragua,2020/21,imports,0.013
豆油,Nigeria,2020/21,imports,0.054
豆油,Norway,2020/21,imports,0.002
豆油,Panama,2020/21,imports,0.033
豆油,Senegal,2020/21,imports,0.031
豆油,Serbia,2020/21,imports,0
豆油,Singapore,2020/21,imports,0.017
豆油,Somalia,2020/21,imports,0
豆油,Switzerland,2020/21,imports,0.007
豆油,Syria,2020/21,imports,0.001
豆油,Tanzania,2020/21,imports,0
豆油,Trinidad and Tobago,2020/21,imports,0.014
豆油,United Arab Emirates,2020/21,imports,0.049
豆油,United Kingdom,2020/21,imports,0.196
豆油,Uzbekistan,2020/21,imports,0.008
豆油,Zambia,2020/21,imports,0.032
豆油,Zimbabwe,2020/21,imports,0.036
豆油,阿尔及利亚,2020/21,production,0.171
豆油,阿根廷,2020/21,production,7.932
豆油,埃及,2020/21,production,0.675
豆油,巴基斯坦,2020/21,production,0.469
豆油,巴拉圭,2020/21,production,0.63
豆油,巴西,2020/21,production,9.335
豆油,玻利维亚,2020/21,production,0.575
豆油,俄罗斯,2020/21,production,0.809
豆油,菲律宾,2020/21,production,0.018
豆油,哥伦比亚,2020/21,production,0.093
豆油,韩国,2020/21,production,0.201
豆油,加拿大,2020/21,production,0.306
豆油,马来西亚,2020/21,production,0.095
豆油,美国,2020/21,production,11.35
豆油,孟加拉国,2020/21,production,0.461
豆油,秘鲁,2020/21,production,0
豆油,摩洛哥,2020/21,production,0.005
豆油,墨西哥,2020/21,production,1.145
豆油,南非,2020/21,production,0.274
豆油,欧盟,2020/21,production,3.002
豆油,日本,2020/21,production,0.462
豆油,沙特阿拉伯,2020/21,production,0.138
豆油,泰国,2020/21,production,0.5
豆油,突尼斯,2020/21,production,0.088
豆油,土耳其,2020/21,production,0.308
豆油,委内瑞拉,2020/21,production,0.012
豆油,乌克兰,2020/21,production,0.248
豆油,乌拉圭,2020/21,production,0.017
豆油,伊朗,2020/21,production,0.44
豆油,印度,2020/21,production,1.8
豆油,印度尼西亚,2020/21,production,0
豆油,越南,2020/21,production,0.247
豆油,智利,2020/21,production,0.019
豆油,中国,2020/21,production,17.024
豆油,中国台湾,2020/21,production,0.365
豆油,Angola,2020/21,production,0
豆油,Australia,2020/21,production,0.006
豆油,Barbados,2020/21,production,0.003
豆油,Belarus,2020/21,production,0.071
豆油,Benin,2020/21,production,0.009
豆油,Bosnia and Herzegovina,2020/21,production,0
豆油,Costa Rica,2020/21,production,0.05
豆油,Cuba,2020/21,production,0.004
豆油,Dominican Republic,2020/21,production,0
豆油,Ecuador,2020/21,production,0.005
豆油,El Salvador,2020/21,production,0
豆油,Ethiopia,2020/21,production,0.014
豆油,Ghana,2020/21,production,0.028
豆油,Guatemala,2020/21,production,0.007
豆油,Haiti,2020/21,production,0
豆油,Hong Kong,2020/21,production,0
豆油,Iraq,2020/21,production,0
豆油,Israel,2020/21,production,0.045
豆油,Jamaica,2020/21,production,0
豆油,Jordan,2020/21,production,0
豆油,Kazakhstan,2020/21,production,0.043
豆油,"Korea, North",2020/21,production,0.029
豆油,Lebanon,2020/21,production,0.017
豆油,Madagascar,2020/21,production,0
豆油,Mauritius,2020/21,production,0
豆油,New Zealand,2020/21,production,0
豆油,Nicaragua,2020/21,production,0
豆油,Nigeria,2020/21,production,0.156
豆油,Norway,2020/21,production,0.08
豆油,Panama,2020/21,production,0.005
豆油,Senegal,2020/21,production,0
豆油,Serbia,2020/21,production,0.09
豆油,Singapore,2020/21,production,0.003
豆油,Somalia,2020/21,production,0
豆油,Switzerland,2020/21,production,0.003
豆油,Syria,2020/21,production,0
豆油,Tanzania,2020/21,production,0
豆油,Trinidad and Tobago,2020/21,production,0
豆油,United Arab Emirates,2020/21,production,0.009
豆油,United Kingdom,2020/21,production,0.11
豆油,Uzbekistan,2020/21,production,0.005
豆油,Zambia,2020/21,production,0.039
豆油,Zimbabwe,2020/21,production,0.016
豆油,阿尔及利亚,2021/22,consumption,0.75
豆油,阿根廷,2021/22,consumption,2.65
豆油,埃及,2021/22,consumption,0.96
豆油,巴基斯坦,2021/22,consumption,0.525
豆油,巴拉圭,2021/22,consumption,0.071
豆油,巴西,2021/22,consumption,7.7
豆油,玻利维亚,2021/22,consumption,0.09
豆油,俄罗斯,2021/22,consumption,0.3
豆油,菲律宾,2021/22,consumption,0.078
豆油,哥伦比亚,2021/22,consumption,0.35
豆油,韩国,2021/22,consumption,0.6
豆油,加拿大,2021/22,consumption,0.24
豆油,马来西亚,2021/22,consumption,0.047
豆油,美国,2021/22,consumption,11.262
豆油,孟加拉国,2021/22,consumption,1.1
豆油,秘鲁,2021/22,consumption,0.555
豆油,摩洛哥,2021/22,consumption,0.515
豆油,墨西哥,2021/22,consumption,1.3
豆油,南非,2021/22,consumption,0.29
豆油,欧盟,2021/22,consumption,2.305
豆油,日本,2021/22,consumption,0.533
豆油,沙特阿拉伯,2021/22,consumption,0.088
豆油,泰国,2021/22,consumption,0.34
豆油,突尼斯,2021/22,consumption,0.165
豆油,土耳其,2021/22,consumption,0.035
豆油,委内瑞拉,2021/22,consumption,0.22
豆油,乌克兰,2021/22,consumption,0.002
豆油,乌拉圭,2021/22,consumption,0.021
豆油,伊朗,2021/22,consumption,0.85
豆油,印度,2021/22,consumption,5.825
豆油,印度尼西亚,2021/22,consumption,0.036
豆油,越南,2021/22,consumption,0.27
豆油,智利,2021/22,consumption,0.175
豆油,中国,2021/22,consumption,17.1
豆油,中国台湾,2021/22,consumption,0.33
豆油,Angola,2021/22,consumption,0.065
豆油,Australia,2021/22,consumption,0.031
豆油,Barbados,2021/22,consumption,0.002
豆油,Belarus,2021/22,consumption,0.02
豆油,Benin,2021/22,consumption,0.009
豆油,Bosnia and Herzegovina,2021/22,consumption,0
豆油,Costa Rica,2021/22,consumption,0.04
豆油,Cuba,2021/22,consumption,0.056
豆油,Dominican Republic,2021/22,consumption,0.17
豆油,Ecuador,2021/22,consumption,0.12
豆油,El Salvador,2021/22,consumption,0.027
豆油,Ethiopia,2021/22,consumption,0.019
豆油,Ghana,2021/22,consumption,0.036
豆油,Guatemala,2021/22,consumption,0.11
豆油,Haiti,2021/22,consumption,0.005
豆油,Hong Kong,2021/22,consumption,0.045
豆油,Iraq,2021/22,consumption,0.1
豆油,Israel,2021/22,consumption,0.07
豆油,Jamaica,2021/22,consumption,0.033
豆油,Jordan,2021/22,consumption,0.056
豆油,Kazakhstan,2021/22,consumption,0.032
豆油,"Korea, North",2021/22,consumption,0.054
豆油,Lebanon,2021/22,consumption,0.035
豆油,Madagascar,2021/22,consumption,0.042
豆油,Mauritius,2021/22,consumption,0.025
豆油,New Zealand,2021/22,consumption,0.012
豆油,Nicaragua,2021/22,consumption,0.014
豆油,Nigeria,2021/22,consumption,0.175
豆油,Norway,2021/22,consumption,0.003
豆油,Panama,2021/22,consumption,0.043
豆油,Senegal,2021/22,consumption,0.038
豆油,Serbia,2021/22,consumption,0.03
豆油,Singapore,2021/22,consumption,0.014
豆油,Somalia,2021/22,consumption,0
豆油,Switzerland,2021/22,consumption,0.01
豆油,Syria,2021/22,consumption,0.018
豆油,Tanzania,2021/22,consumption,0
豆油,Trinidad and Tobago,2021/22,consumption,0.02
豆油,United Arab Emirates,2021/22,consumption,0.035
豆油,United Kingdom,2021/22,consumption,0.295
豆油,Uzbekistan,2021/22,consumption,0.013
豆油,Zambia,2021/22,consumption,0.08
豆油,Zimbabwe,2021/22,consumption,0.047
豆油,阿尔及利亚,2021/22,exports,0.013
豆油,阿根廷,2021/22,exports,4.873
豆油,埃及,2021/22,exports,0.081
豆油,巴基斯坦,2021/22,exports,0.001
豆油,巴拉圭,2021/22,exports,0.371
豆油,巴西,2021/22,exports,2.408
豆油,玻利维亚,2021/22,exports,0.526
豆油,俄罗斯,2021/22,exports,0.665
豆油,菲律宾,2021/22,exports,0
豆油,哥伦比亚,2021/22,exports,0.062
豆油,韩国,2021/22,exports,0.003
豆油,加拿大,2021/22,exports,0.153
豆油,马来西亚,2021/22,exports,0.12
豆油,美国,2021/22,exports,0.803
豆油,孟加拉国,2021/22,exports,0.015
豆油,秘鲁,2021/22,exports,0.001
豆油,摩洛哥,2021/22,exports,0.041
豆油,墨西哥,2021/22,exports,0.025
豆油,南非,2021/22,exports,0.062
豆油,欧盟,2021/22,exports,0.959
豆油,日本,2021/22,exports,0.001
豆油,沙特阿拉伯,2021/22,exports,0.068
豆油,泰国,2021/22,exports,0.16
豆油,突尼斯,2021/22,exports,0
豆油,土耳其,2021/22,exports,0.289
豆油,委内瑞拉,2021/22,exports,0
豆油,乌克兰,2021/22,exports,0.235
豆油,乌拉圭,2021/22,exports,0.005
豆油,伊朗,2021/22,exports,0
豆油,印度,2021/22,exports,0.015
豆油,印度尼西亚,2021/22,exports,0
豆油,越南,2021/22,exports,0.059
豆油,智利,2021/22,exports,0
豆油,中国,2021/22,exports,0.112
豆油,中国台湾,2021/22,exports,0.029
豆油,Angola,2021/22,exports,0
豆油,Australia,2021/22,exports,0.002
豆油,Barbados,2021/22,exports,0.001
豆油,Belarus,2021/22,exports,0.045
豆油,Benin,2021/22,exports,0
豆油,Bosnia and Herzegovina,2021/22,exports,0.002
豆油,Costa Rica,2021/22,exports,0.022
豆油,Cuba,2021/22,exports,0
豆油,Dominican Republic,2021/22,exports,0
豆油,Ecuador,2021/22,exports,0
豆油,El Salvador,2021/22,exports,0.001
豆油,Ethiopia,2021/22,exports,0
豆油,Ghana,2021/22,exports,0
豆油,Guatemala,2021/22,exports,0.019
豆油,Haiti,2021/22,exports,0
豆油,Hong Kong,2021/22,exports,0.005
豆油,Iraq,2021/22,exports,0
豆油,Israel,2021/22,exports,0
豆油,Jamaica,2021/22,exports,0
豆油,Jordan,2021/22,exports,0
豆油,Kazakhstan,2021/22,exports,0.009
豆油,"Korea, North",2021/22,exports,0
豆油,Lebanon,2021/22,exports,0
豆油,Madagascar,2021/22,exports,0
豆油,Mauritius,2021/22,exports,0
豆油,New Zealand,2021/22,exports,0
豆油,Nicaragua,2021/22,exports,0
豆油,Nigeria,2021/22,exports,0
豆油,Norway,2021/22,exports,0.059
豆油,Panama,2021/22,exports,0
豆油,Senegal,2021/22,exports,0.001
豆油,Serbia,2021/22,exports,0.061
豆油,Singapore,2021/22,exports,0.004
豆油,Somalia,2021/22,exports,0
豆油,Switzerland,2021/22,exports,0
豆油,Syria,2021/22,exports,0
豆油,Tanzania,2021/22,exports,0
豆油,Trinidad and Tobago,2021/22,exports,0
豆油,United Arab Emirates,2021/22,exports,0.018
豆油,United Kingdom,2021/22,exports,0.024
豆油,Uzbekistan,2021/22,exports,0
豆油,Zambia,2021/22,exports,0.001
豆油,Zimbabwe,2021/22,exports,0
豆油,阿尔及利亚,2021/22,imports,0.53
豆油,阿根廷,2021/22,imports,0.093
豆油,埃及,2021/22,imports,0.215
豆油,巴基斯坦,2021/22,imports,0.179
豆油,巴拉圭,2021/22,imports,0.002
豆油,巴西,2021/22,imports,0.032
豆油,玻利维亚,2021/22,imports,0.001
豆油,俄罗斯,2021/22,imports,0.055
豆油,菲律宾,2021/22,imports,0.06
豆油,哥伦比亚,2021/22,imports,0.317
豆油,韩国,2021/22,imports,0.392
豆油,加拿大,2021/22,imports,0.063
豆油,马来西亚,2021/22,imports,0.065
豆油,美国,2021/22,imports,0.137
豆油,孟加拉国,2021/22,imports,0.689
豆油,秘鲁,2021/22,imports,0.471
豆油,摩洛哥,2021/22,imports,0.529
豆油,墨西哥,2021/22,imports,0.187
豆油,南非,2021/22,imports,0.043
豆油,欧盟,2021/22,imports,0.458
豆油,日本,2021/22,imports,0.01
豆油,沙特阿拉伯,2021/22,imports,0.025
豆油,泰国,2021/22,imports,0
豆油,突尼斯,2021/22,imports,0.076
豆油,土耳其,2021/22,imports,0.004
豆油,委内瑞拉,2021/22,imports,0.209
豆油,乌克兰,2021/22,imports,0
豆油,乌拉圭,2021/22,imports,0.004
豆油,伊朗,2021/22,imports,0.375
豆油,印度,2021/22,imports,4.231
豆油,印度尼西亚,2021/22,imports,0.036
豆油,越南,2021/22,imports,0.06
豆油,智利,2021/22,imports,0.164
豆油,中国,2021/22,imports,0.291
豆油,中国台湾,2021/22,imports,0
豆油,Angola,2021/22,imports,0.067
豆油,Australia,2021/22,imports,0.025
豆油,Barbados,2021/22,imports,0.001
豆油,Belarus,2021/22,imports,0.005
豆油,Benin,2021/22,imports,0
豆油,Bosnia and Herzegovina,2021/22,imports,0.002
豆油,Costa Rica,2021/22,imports,0.013
豆油,Cuba,2021/22,imports,0.053
豆油,Dominican Republic,2021/22,imports,0.194
豆油,Ecuador,2021/22,imports,0.122
豆油,El Salvador,2021/22,imports,0.028
豆油,Ethiopia,2021/22,imports,0.002
豆油,Ghana,2021/22,imports,0.004
豆油,Guatemala,2021/22,imports,0.136
豆油,Haiti,2021/22,imports,0.006
豆油,Hong Kong,2021/22,imports,0.054
豆油,Iraq,2021/22,imports,0.1
豆油,Israel,2021/22,imports,0.019
豆油,Jamaica,2021/22,imports,0.033
豆油,Jordan,2021/22,imports,0.056
豆油,Kazakhstan,2021/22,imports,0
豆油,"Korea, North",2021/22,imports,0.03
豆油,Lebanon,2021/22,imports,0.006
豆油,Madagascar,2021/22,imports,0.042
豆油,Mauritius,2021/22,imports,0.025
豆油,New Zealand,2021/22,imports,0.012
豆油,Nicaragua,2021/22,imports,0.014
豆油,Nigeria,2021/22,imports,0.024
豆油,Norway,2021/22,imports,0.005
豆油,Panama,2021/22,imports,0.037
豆油,Senegal,2021/22,imports,0.039
豆油,Serbia,2021/22,imports,0
豆油,Singapore,2021/22,imports,0.015
豆油,Somalia,2021/22,imports,0
豆油,Switzerland,2021/22,imports,0.007
豆油,Syria,2021/22,imports,0.018
豆油,Tanzania,2021/22,imports,0
豆油,Trinidad and Tobago,2021/22,imports,0.02
豆油,United Arab Emirates,2021/22,imports,0.039
豆油,United Kingdom,2021/22,imports,0.198
豆油,Uzbekistan,2021/22,imports,0.002
豆油,Zambia,2021/22,imports,0.02
豆油,Zimbabwe,2021/22,imports,0.035
豆油,阿尔及利亚,2021/22,production,0.27
豆油,阿根廷,2021/22,production,7.659
豆油,埃及,2021/22,production,0.82
豆油,巴基斯坦,2021/22,production,0.347
豆油,巴拉圭,2021/22,production,0.418
豆油,巴西,2021/22,production,10.153
豆油,玻利维亚,2021/22,production,0.584
豆油,俄罗斯,2021/22,production,0.88
豆油,菲律宾,2021/22,production,0.018
豆油,哥伦比亚,2021/22,production,0.094
豆油,韩国,2021/22,production,0.202
豆油,加拿大,2021/22,production,0.343
豆油,马来西亚,2021/22,production,0.09
豆油,美国,2021/22,production,11.864
豆油,孟加拉国,2021/22,production,0.43
豆油,秘鲁,2021/22,production,0
豆油,摩洛哥,2021/22,production,0.009
豆油,墨西哥,2021/22,production,1.171
豆油,南非,2021/22,production,0.306
豆油,欧盟,2021/22,production,2.926
豆油,日本,2021/22,production,0.519
豆油,沙特阿拉伯,2021/22,production,0.141
豆油,泰国,2021/22,production,0.449
豆油,突尼斯,2021/22,production,0.083
豆油,土耳其,2021/22,production,0.322
豆油,委内瑞拉,2021/22,production,0.012
豆油,乌克兰,2021/22,production,0.238
豆油,乌拉圭,2021/22,production,0.017
豆油,伊朗,2021/22,production,0.458
豆油,印度,2021/22,production,1.53
豆油,印度尼西亚,2021/22,production,0
豆油,越南,2021/22,production,0.257
豆油,智利,2021/22,production,0.016
豆油,中国,2021/22,production,16.128
豆油,中国台湾,2021/22,production,0.37
豆油,Angola,2021/22,production,0
豆油,Australia,2021/22,production,0.008
豆油,Barbados,2021/22,production,0.002
豆油,Belarus,2021/22,production,0.053
豆油,Benin,2021/22,production,0.009
豆油,Bosnia and Herzegovina,2021/22,production,0
豆油,Costa Rica,2021/22,production,0.051
豆油,Cuba,2021/22,production,0.003
豆油,Dominican Republic,2021/22,production,0
豆油,Ecuador,2021/22,production,0.004
豆油,El Salvador,2021/22,production,0
豆油,Ethiopia,2021/22,production,0.017
豆油,Ghana,2021/22,production,0.029
豆油,Guatemala,2021/22,production,0.003
豆油,Haiti,2021/22,production,0
豆油,Hong Kong,2021/22,production,0
豆油,Iraq,2021/22,production,0
豆油,Israel,2021/22,production,0.053
豆油,Jamaica,2021/22,production,0
豆油,Jordan,2021/22,production,0
豆油,Kazakhstan,2021/22,production,0.039
豆油,"Korea, North",2021/22,production,0.024
豆油,Lebanon,2021/22,production,0.02
豆油,Madagascar,2021/22,production,0
豆油,Mauritius,2021/22,production,0
豆油,New Zealand,2021/22,production,0
豆油,Nicaragua,2021/22,production,0
豆油,Nigeria,2021/22,production,0.144
豆油,Norway,2021/22,production,0.064
豆油,Panama,2021/22,production,0.006
豆油,Senegal,2021/22,production,0
豆油,Serbia,2021/22,production,0.108
豆油,Singapore,2021/22,production,0.003
豆油,Somalia,2021/22,production,0
豆油,Switzerland,2021/22,production,0.003
豆油,Syria,2021/22,production,0
豆油,Tanzania,2021/22,production,0
豆油,Trinidad and Tobago,2021/22,production,0
豆油,United Arab Emirates,2021/22,production,0.008
豆油,United Kingdom,2021/22,production,0.146
豆油,Uzbekistan,2021/22,production,0.011
豆油,Zambia,2021/22,production,0.06
豆油,Zimbabwe,2021/22,production,0.014
豆油,阿尔及利亚,2022/23,consumption,0.75
豆油,阿根廷,2022/23,consumption,1.66
豆油,埃及,2022/23,consumption,0.56
豆油,巴基斯坦,2022/23,consumption,0.36
豆油,巴拉圭,2022/23,consumption,0.071
豆油,巴西,2022/23,consumption,8.3
豆油,玻利维亚,2022/23,consumption,0.028
豆油,俄罗斯,2022/23,consumption,0.255
豆油,菲律宾,2022/23,consumption,0.067
豆油,哥伦比亚,2022/23,consumption,0.32
豆油,韩国,2022/23,consumption,0.565
豆油,加拿大,2022/23,consumption,0.32
豆油,马来西亚,2022/23,consumption,0.06
豆油,美国,2022/23,consumption,12.07
豆油,孟加拉国,2022/23,consumption,0.975
豆油,秘鲁,2022/23,consumption,0.54
豆油,摩洛哥,2022/23,consumption,0.51
豆油,墨西哥,2022/23,consumption,1.305
豆油,南非,2022/23,consumption,0.265
豆油,欧盟,2022/23,consumption,2.405
豆油,日本,2022/23,consumption,0.507
豆油,沙特阿拉伯,2022/23,consumption,0.053
豆油,泰国,2022/23,consumption,0.16
豆油,突尼斯,2022/23,consumption,0.12
豆油,土耳其,2022/23,consumption,0.022
豆油,委内瑞拉,2022/23,consumption,0.22
豆油,乌克兰,2022/23,consumption,0.001
豆油,乌拉圭,2022/23,consumption,0.017
豆油,伊朗,2022/23,consumption,0.9
豆油,印度,2022/23,consumption,5.4
豆油,印度尼西亚,2022/23,consumption,0.031
豆油,越南,2022/23,consumption,0.255
豆油,智利,2022/23,consumption,0.18
豆油,中国,2022/23,consumption,17.9
豆油,中国台湾,2022/23,consumption,0.315
豆油,Angola,2022/23,consumption,0.035
豆油,Australia,2022/23,consumption,0.033
豆油,Barbados,2022/23,consumption,0.001
豆油,Belarus,2022/23,consumption,0.033
豆油,Benin,2022/23,consumption,0.011
豆油,Bosnia and Herzegovina,2022/23,consumption,0
豆油,Costa Rica,2022/23,consumption,0.037
豆油,Cuba,2022/23,consumption,0.061
豆油,Dominican Republic,2022/23,consumption,0.16
豆油,Ecuador,2022/23,consumption,0.09
豆油,El Salvador,2022/23,consumption,0.019
豆油,Ethiopia,2022/23,consumption,0.013
豆油,Ghana,2022/23,consumption,0.036
豆油,Guatemala,2022/23,consumption,0.11
豆油,Haiti,2022/23,consumption,0.001
豆油,Hong Kong,2022/23,consumption,0.05
豆油,Iraq,2022/23,consumption,0.1
豆油,Israel,2022/23,consumption,0.067
豆油,Jamaica,2022/23,consumption,0.025
豆油,Jordan,2022/23,consumption,0.042
豆油,Kazakhstan,2022/23,consumption,0.03
豆油,"Korea, North",2022/23,consumption,0.077
豆油,Lebanon,2022/23,consumption,0.03
豆油,Madagascar,2022/23,consumption,0.037
豆油,Mauritius,2022/23,consumption,0.015
豆油,New Zealand,2022/23,consumption,0.008
豆油,Nicaragua,2022/23,consumption,0.006
豆油,Nigeria,2022/23,consumption,0.185
豆油,Norway,2022/23,consumption,0.003
豆油,Panama,2022/23,consumption,0.043
豆油,Senegal,2022/23,consumption,0.026
豆油,Serbia,2022/23,consumption,0.035
豆油,Singapore,2022/23,consumption,0.011
豆油,Somalia,2022/23,consumption,0
豆油,Switzerland,2022/23,consumption,0.01
豆油,Syria,2022/23,consumption,0.002
豆油,Tanzania,2022/23,consumption,0
豆油,Trinidad and Tobago,2022/23,consumption,0.012
豆油,United Arab Emirates,2022/23,consumption,0.03
豆油,United Kingdom,2022/23,consumption,0.295
豆油,Uzbekistan,2022/23,consumption,0.014
豆油,Zambia,2022/23,consumption,0.085
豆油,Zimbabwe,2022/23,consumption,0.07
豆油,阿尔及利亚,2022/23,exports,0.005
豆油,阿根廷,2022/23,exports,4.137
豆油,埃及,2022/23,exports,0.041
豆油,巴基斯坦,2022/23,exports,0.002
豆油,巴拉圭,2022/23,exports,0.523
豆油,巴西,2022/23,exports,2.687
豆油,玻利维亚,2022/23,exports,0.62
豆油,俄罗斯,2022/23,exports,0.75
豆油,菲律宾,2022/23,exports,0
豆油,哥伦比亚,2022/23,exports,0.054
豆油,韩国,2022/23,exports,0.002
豆油,加拿大,2022/23,exports,0.138
豆油,马来西亚,2022/23,exports,0.106
豆油,美国,2022/23,exports,0.171
豆油,孟加拉国,2022/23,exports,0
豆油,秘鲁,2022/23,exports,0
豆油,摩洛哥,2022/23,exports,0.01
豆油,墨西哥,2022/23,exports,0.037
豆油,南非,2022/23,exports,0.087
豆油,欧盟,2022/23,exports,0.915
豆油,日本,2022/23,exports,0.001
豆油,沙特阿拉伯,2022/23,exports,0.064
豆油,泰国,2022/23,exports,0.22
豆油,突尼斯,2022/23,exports,0
豆油,土耳其,2022/23,exports,0.289
豆油,委内瑞拉,2022/23,exports,0
豆油,乌克兰,2022/23,exports,0.277
豆油,乌拉圭,2022/23,exports,0.006
豆油,伊朗,2022/23,exports,0
豆油,印度,2022/23,exports,0.011
豆油,印度尼西亚,2022/23,exports,0
豆油,越南,2022/23,exports,0.082
豆油,智利,2022/23,exports,0
豆油,中国,2022/23,exports,0.111
豆油,中国台湾,2022/23,exports,0.043
豆油,Angola,2022/23,exports,0
豆油,Australia,2022/23,exports,0.002
豆油,Barbados,2022/23,exports,0.001
豆油,Belarus,2022/23,exports,0.055
豆油,Benin,2022/23,exports,0
豆油,Bosnia and Herzegovina,2022/23,exports,0.001
豆油,Costa Rica,2022/23,exports,0.018
豆油,Cuba,2022/23,exports,0
豆油,Dominican Republic,2022/23,exports,0
豆油,Ecuador,2022/23,exports,0.008
豆油,El Salvador,2022/23,exports,0
豆油,Ethiopia,2022/23,exports,0
豆油,Ghana,2022/23,exports,0
豆油,Guatemala,2022/23,exports,0.011
豆油,Haiti,2022/23,exports,0
豆油,Hong Kong,2022/23,exports,0.005
豆油,Iraq,2022/23,exports,0.046
豆油,Israel,2022/23,exports,0
豆油,Jamaica,2022/23,exports,0
豆油,Jordan,2022/23,exports,0
豆油,Kazakhstan,2022/23,exports,0.011
豆油,"Korea, North",2022/23,exports,0
豆油,Lebanon,2022/23,exports,0
豆油,Madagascar,2022/23,exports,0
豆油,Mauritius,2022/23,exports,0
豆油,New Zealand,2022/23,exports,0
豆油,Nicaragua,2022/23,exports,0
豆油,Nigeria,2022/23,exports,0
豆油,Norway,2022/23,exports,0.072
豆油,Panama,2022/23,exports,0
豆油,Senegal,2022/23,exports,0.001
豆油,Serbia,2022/23,exports,0.063
豆油,Singapore,2022/23,exports,0.005
豆油,Somalia,2022/23,exports,0
豆油,Switzerland,2022/23,exports,0
豆油,Syria,2022/23,exports,0
豆油,Tanzania,2022/23,exports,0
豆油,Trinidad and Tobago,2022/23,exports,0
豆油,United Arab Emirates,2022/23,exports,0.023
豆油,United Kingdom,2022/23,exports,0.031
豆油,Uzbekistan,2022/23,exports,0
豆油,Zambia,2022/23,exports,0
豆油,Zimbabwe,2022/23,exports,0
豆油,阿尔及利亚,2022/23,imports,0.49
豆油,阿根廷,2022/23,imports,0
豆油,埃及,2022/23,imports,0.192
豆油,巴基斯坦,2022/23,imports,0.222
豆油,巴拉圭,2022/23,imports,0.001
豆油,巴西,2022/23,imports,0.029
豆油,玻利维亚,2022/23,imports,0.001
豆油,俄罗斯,2022/23,imports,0.05
豆油,菲律宾,2022/23,imports,0.052
豆油,哥伦比亚,2022/23,imports,0.242
豆油,韩国,2022/23,imports,0.353
豆油,加拿大,2022/23,imports,0.147
豆油,马来西亚,2022/23,imports,0.088
豆油,美国,2022/23,imports,0.17
豆油,孟加拉国,2022/23,imports,0.703
豆油,秘鲁,2022/23,imports,0.535
豆油,摩洛哥,2022/23,imports,0.514
豆油,墨西哥,2022/23,imports,0.097
豆油,南非,2022/23,imports,0.026
豆油,欧盟,2022/23,imports,0.641
豆油,日本,2022/23,imports,0.007
豆油,沙特阿拉伯,2022/23,imports,0.012
豆油,泰国,2022/23,imports,0
豆油,突尼斯,2022/23,imports,0.036
豆油,土耳其,2022/23,imports,0.002
豆油,委内瑞拉,2022/23,imports,0.191
豆油,乌克兰,2022/23,imports,0
豆油,乌拉圭,2022/23,imports,0.004
豆油,伊朗,2022/23,imports,0.395
豆油,印度,2022/23,imports,3.968
豆油,印度尼西亚,2022/23,imports,0.031
豆油,越南,2022/23,imports,0.078
豆油,智利,2022/23,imports,0.175
豆油,中国,2022/23,imports,0.365
豆油,中国台湾,2022/23,imports,0
豆油,Angola,2022/23,imports,0.034
豆油,Australia,2022/23,imports,0.025
豆油,Barbados,2022/23,imports,0.001
豆油,Belarus,2022/23,imports,0.015
豆油,Benin,2022/23,imports,0
豆油,Bosnia and Herzegovina,2022/23,imports,0.001
豆油,Costa Rica,2022/23,imports,0.003
豆油,Cuba,2022/23,imports,0.06
豆油,Dominican Republic,2022/23,imports,0.143
豆油,Ecuador,2022/23,imports,0.079
豆油,El Salvador,2022/23,imports,0.019
豆油,Ethiopia,2022/23,imports,0.002
豆油,Ghana,2022/23,imports,0.004
豆油,Guatemala,2022/23,imports,0.109
豆油,Haiti,2022/23,imports,0
豆油,Hong Kong,2022/23,imports,0.057
豆油,Iraq,2022/23,imports,0.013
豆油,Israel,2022/23,imports,0.01
豆油,Jamaica,2022/23,imports,0.025
豆油,Jordan,2022/23,imports,0.042
豆油,Kazakhstan,2022/23,imports,0
豆油,"Korea, North",2022/23,imports,0.055
豆油,Lebanon,2022/23,imports,0.003
豆油,Madagascar,2022/23,imports,0.037
豆油,Mauritius,2022/23,imports,0.015
豆油,New Zealand,2022/23,imports,0.008
豆油,Nicaragua,2022/23,imports,0.006
豆油,Nigeria,2022/23,imports,0.017
豆油,Norway,2022/23,imports,0.001
豆油,Panama,2022/23,imports,0.036
豆油,Senegal,2022/23,imports,0.027
豆油,Serbia,2022/23,imports,0
豆油,Singapore,2022/23,imports,0.013
豆油,Somalia,2022/23,imports,0
豆油,Switzerland,2022/23,imports,0.008
豆油,Syria,2022/23,imports,0.002
豆油,Tanzania,2022/23,imports,0
豆油,Trinidad and Tobago,2022/23,imports,0.012
豆油,United Arab Emirates,2022/23,imports,0.044
豆油,United Kingdom,2022/23,imports,0.159
豆油,Uzbekistan,2022/23,imports,0.003
豆油,Zambia,2022/23,imports,0.014
豆油,Zimbabwe,2022/23,imports,0.058
豆油,阿尔及利亚,2022/23,production,0.243
豆油,阿根廷,2022/23,production,5.995
豆油,埃及,2022/23,production,0.401
豆油,巴基斯坦,2022/23,production,0.121
豆油,巴拉圭,2022/23,production,0.656
豆油,巴西,2022/23,production,10.58
豆油,玻利维亚,2022/23,production,0.622
豆油,俄罗斯,2022/23,production,0.968
豆油,菲律宾,2022/23,production,0.014
豆油,哥伦比亚,2022/23,production,0.085
豆油,韩国,2022/23,production,0.195
豆油,加拿大,2022/23,production,0.337
豆油,马来西亚,2022/23,production,0.083
豆油,美国,2022/23,production,11.897
豆油,孟加拉国,2022/23,production,0.266
豆油,秘鲁,2022/23,production,0
豆油,摩洛哥,2022/23,production,0.006
豆油,墨西哥,2022/23,production,1.227
豆油,南非,2022/23,production,0.325
豆油,欧盟,2022/23,production,2.717
豆油,日本,2022/23,production,0.511
豆油,沙特阿拉伯,2022/23,production,0.094
豆油,泰国,2022/23,production,0.377
豆油,突尼斯,2022/23,production,0.087
豆油,土耳其,2022/23,production,0.304
豆油,委内瑞拉,2022/23,production,0.013
豆油,乌克兰,2022/23,production,0.276
豆油,乌拉圭,2022/23,production,0.009
豆油,伊朗,2022/23,production,0.55
豆油,印度,2022/23,production,1.854
豆油,印度尼西亚,2022/23,production,0
豆油,越南,2022/23,production,0.238
豆油,智利,2022/23,production,0.013
豆油,中国,2022/23,production,18.24
豆油,中国台湾,2022/23,production,0.348
豆油,Angola,2022/23,production,0
豆油,Australia,2022/23,production,0.01
豆油,Barbados,2022/23,production,0.001
豆油,Belarus,2022/23,production,0.08
豆油,Benin,2022/23,production,0.011
豆油,Bosnia and Herzegovina,2022/23,production,0
豆油,Costa Rica,2022/23,production,0.047
豆油,Cuba,2022/23,production,0.001
豆油,Dominican Republic,2022/23,production,0
豆油,Ecuador,2022/23,production,0.005
豆油,El Salvador,2022/23,production,0
豆油,Ethiopia,2022/23,production,0.011
豆油,Ghana,2022/23,production,0.031
豆油,Guatemala,2022/23,production,0.006
豆油,Haiti,2022/23,production,0
豆油,Hong Kong,2022/23,production,0
豆油,Iraq,2022/23,production,0.108
豆油,Israel,2022/23,production,0.051
豆油,Jamaica,2022/23,production,0
豆油,Jordan,2022/23,production,0
豆油,Kazakhstan,2022/23,production,0.04
豆油,"Korea, North",2022/23,production,0.022
豆油,Lebanon,2022/23,production,0.025
豆油,Madagascar,2022/23,production,0
豆油,Mauritius,2022/23,production,0
豆油,New Zealand,2022/23,production,0
豆油,Nicaragua,2022/23,production,0
豆油,Nigeria,2022/23,production,0.172
豆油,Norway,2022/23,production,0.07
豆油,Panama,2022/23,production,0.007
豆油,Senegal,2022/23,production,0
豆油,Serbia,2022/23,production,0.108
豆油,Singapore,2022/23,production,0.003
豆油,Somalia,2022/23,production,0
豆油,Switzerland,2022/23,production,0.002
豆油,Syria,2022/23,production,0
豆油,Tanzania,2022/23,production,0
豆油,Trinidad and Tobago,2022/23,production,0
豆油,United Arab Emirates,2022/23,production,0.011
豆油,United Kingdom,2022/23,production,0.157
豆油,Uzbekistan,2022/23,production,0.011
豆油,Zambia,2022/23,production,0.069
豆油,Zimbabwe,2022/23,production,0.014
豆油,阿尔及利亚,2023/24,consumption,0.765
豆油,阿根廷,2023/24,consumption,1.77
豆油,埃及,2023/24,consumption,0.51
豆油,巴基斯坦,2023/24,consumption,0.285
豆油,巴拉圭,2023/24,consumption,0.075
豆油,巴西,2023/24,consumption,10.2
豆油,玻利维亚,2023/24,consumption,0.08
豆油,俄罗斯,2023/24,consumption,0.315
豆油,菲律宾,2023/24,consumption,0.064
豆油,哥伦比亚,2023/24,consumption,0.32
豆油,韩国,2023/24,consumption,0.6
豆油,加拿大,2023/24,consumption,0.685
豆油,马来西亚,2023/24,consumption,0.07
豆油,美国,2023/24,consumption,12.317
豆油,孟加拉国,2023/24,consumption,1.01
豆油,秘鲁,2023/24,consumption,0.55
豆油,摩洛哥,2023/24,consumption,0.505
豆油,墨西哥,2023/24,consumption,1.27
豆油,南非,2023/24,consumption,0.23
豆油,欧盟,2023/24,consumption,2.63
豆油,日本,2023/24,consumption,0.47
豆油,沙特阿拉伯,2023/24,consumption,0.048
豆油,泰国,2023/24,consumption,0.175
豆油,突尼斯,2023/24,consumption,0.12
豆油,土耳其,2023/24,consumption,0.022
豆油,委内瑞拉,2023/24,consumption,0.24
豆油,乌克兰,2023/24,consumption,0.002
豆油,乌拉圭,2023/24,consumption,0.012
豆油,伊朗,2023/24,consumption,0.725
豆油,印度,2023/24,consumption,5.175
豆油,印度尼西亚,2023/24,consumption,0.034
豆油,越南,2023/24,consumption,0.235
豆油,智利,2023/24,consumption,0.185
豆油,中国,2023/24,consumption,18.9
豆油,中国台湾,2023/24,consumption,0.325
豆油,Angola,2023/24,consumption,0.07
豆油,Australia,2023/24,consumption,0.038
豆油,Barbados,2023/24,consumption,0.002
豆油,Belarus,2023/24,consumption,0.035
豆油,Benin,2023/24,consumption,0.008
豆油,Bosnia and Herzegovina,2023/24,consumption,0
豆油,Costa Rica,2023/24,consumption,0.035
豆油,Cuba,2023/24,consumption,0.049
豆油,Dominican Republic,2023/24,consumption,0.185
豆油,Ecuador,2023/24,consumption,0.12
豆油,El Salvador,2023/24,consumption,0.03
豆油,Ethiopia,2023/24,consumption,0.013
豆油,Ghana,2023/24,consumption,0.039
豆油,Guatemala,2023/24,consumption,0.11
豆油,Haiti,2023/24,consumption,0
豆油,Hong Kong,2023/24,consumption,0.05
豆油,Iraq,2023/24,consumption,0.01
豆油,Israel,2023/24,consumption,0.055
豆油,Jamaica,2023/24,consumption,0.029
豆油,Jordan,2023/24,consumption,0.042
豆油,Kazakhstan,2023/24,consumption,0.025
豆油,"Korea, North",2023/24,consumption,0.08
豆油,Lebanon,2023/24,consumption,0.025
豆油,Madagascar,2023/24,consumption,0.042
豆油,Mauritius,2023/24,consumption,0.015
豆油,New Zealand,2023/24,consumption,0.009
豆油,Nicaragua,2023/24,consumption,0.012
豆油,Nigeria,2023/24,consumption,0.15
豆油,Norway,2023/24,consumption,0.003
豆油,Panama,2023/24,consumption,0.048
豆油,Senegal,2023/24,consumption,0.016
豆油,Serbia,2023/24,consumption,0.04
豆油,Singapore,2023/24,consumption,0.014
豆油,Somalia,2023/24,consumption,0
豆油,Switzerland,2023/24,consumption,0.01
豆油,Syria,2023/24,consumption,0.002
豆油,Tanzania,2023/24,consumption,0.005
豆油,Trinidad and Tobago,2023/24,consumption,0.013
豆油,United Arab Emirates,2023/24,consumption,0.035
豆油,United Kingdom,2023/24,consumption,0.305
豆油,Uzbekistan,2023/24,consumption,0.013
豆油,Zambia,2023/24,consumption,0.12
豆油,Zimbabwe,2023/24,consumption,0.075
豆油,阿尔及利亚,2023/24,exports,0.005
豆油,阿根廷,2023/24,exports,5.533
豆油,埃及,2023/24,exports,0.132
豆油,巴基斯坦,2023/24,exports,0
豆油,巴拉圭,2023/24,exports,0.497
豆油,巴西,2023/24,exports,1.352
豆油,玻利维亚,2023/24,exports,0.392
豆油,俄罗斯,2023/24,exports,0.76
豆油,菲律宾,2023/24,exports,0
豆油,哥伦比亚,2023/24,exports,0.041
豆油,韩国,2023/24,exports,0.002
豆油,加拿大,2023/24,exports,0.142
豆油,马来西亚,2023/24,exports,0.097
豆油,美国,2023/24,exports,0.28
豆油,孟加拉国,2023/24,exports,0
豆油,秘鲁,2023/24,exports,0.001
豆油,摩洛哥,2023/24,exports,0.006
豆油,墨西哥,2023/24,exports,0.094
豆油,南非,2023/24,exports,0.102
豆油,欧盟,2023/24,exports,0.659
豆油,日本,2023/24,exports,0
豆油,沙特阿拉伯,2023/24,exports,0.031
豆油,泰国,2023/24,exports,0.265
豆油,突尼斯,2023/24,exports,0
豆油,土耳其,2023/24,exports,0.403
豆油,委内瑞拉,2023/24,exports,0
豆油,乌克兰,2023/24,exports,0.345
豆油,乌拉圭,2023/24,exports,0.011
豆油,伊朗,2023/24,exports,0
豆油,印度,2023/24,exports,0.016
豆油,印度尼西亚,2023/24,exports,0
豆油,越南,2023/24,exports,0.078
豆油,智利,2023/24,exports,0
豆油,中国,2023/24,exports,0.104
豆油,中国台湾,2023/24,exports,0.029
豆油,Angola,2023/24,exports,0
豆油,Australia,2023/24,exports,0.002
豆油,Barbados,2023/24,exports,0.001
豆油,Belarus,2023/24,exports,0.07
豆油,Benin,2023/24,exports,0.021
豆油,Bosnia and Herzegovina,2023/24,exports,0.002
豆油,Costa Rica,2023/24,exports,0.015
豆油,Cuba,2023/24,exports,0
豆油,Dominican Republic,2023/24,exports,0
豆油,Ecuador,2023/24,exports,0
豆油,El Salvador,2023/24,exports,0
豆油,Ethiopia,2023/24,exports,0
豆油,Ghana,2023/24,exports,0
豆油,Guatemala,2023/24,exports,0.008
豆油,Haiti,2023/24,exports,0
豆油,Hong Kong,2023/24,exports,0.006
豆油,Iraq,2023/24,exports,0.081
豆油,Israel,2023/24,exports,0
豆油,Jamaica,2023/24,exports,0
豆油,Jordan,2023/24,exports,0
豆油,Kazakhstan,2023/24,exports,0.018
豆油,"Korea, North",2023/24,exports,0
豆油,Lebanon,2023/24,exports,0.003
豆油,Madagascar,2023/24,exports,0
豆油,Mauritius,2023/24,exports,0
豆油,New Zealand,2023/24,exports,0
豆油,Nicaragua,2023/24,exports,0
豆油,Nigeria,2023/24,exports,0
豆油,Norway,2023/24,exports,0.066
豆油,Panama,2023/24,exports,0
豆油,Senegal,2023/24,exports,0
豆油,Serbia,2023/24,exports,0.077
豆油,Singapore,2023/24,exports,0.004
豆油,Somalia,2023/24,exports,0
豆油,Switzerland,2023/24,exports,0
豆油,Syria,2023/24,exports,0
豆油,Tanzania,2023/24,exports,0
豆油,Trinidad and Tobago,2023/24,exports,0
豆油,United Arab Emirates,2023/24,exports,0.028
豆油,United Kingdom,2023/24,exports,0.03
豆油,Uzbekistan,2023/24,exports,0
豆油,Zambia,2023/24,exports,0.003
豆油,Zimbabwe,2023/24,exports,0
豆油,阿尔及利亚,2023/24,imports,0.485
豆油,阿根廷,2023/24,imports,0.002
豆油,埃及,2023/24,imports,0.037
豆油,巴基斯坦,2023/24,imports,0.1
豆油,巴拉圭,2023/24,imports,0.003
豆油,巴西,2023/24,imports,0.08
豆油,玻利维亚,2023/24,imports,0.001
豆油,俄罗斯,2023/24,imports,0.05
豆油,菲律宾,2023/24,imports,0.054
豆油,哥伦比亚,2023/24,imports,0.317
豆油,韩国,2023/24,imports,0.447
豆油,加拿大,2023/24,imports,0.573
豆油,马来西亚,2023/24,imports,0.089
豆油,美国,2023/24,imports,0.282
豆油,孟加拉国,2023/24,imports,0.649
豆油,秘鲁,2023/24,imports,0.56
豆油,摩洛哥,2023/24,imports,0.488
豆油,墨西哥,2023/24,imports,0.1
豆油,南非,2023/24,imports,0.02
豆油,欧盟,2023/24,imports,0.592
豆油,日本,2023/24,imports,0.002
豆油,沙特阿拉伯,2023/24,imports,0.015
豆油,泰国,2023/24,imports,0
豆油,突尼斯,2023/24,imports,0.033
豆油,土耳其,2023/24,imports,0
豆油,委内瑞拉,2023/24,imports,0.247
豆油,乌克兰,2023/24,imports,0
豆油,乌拉圭,2023/24,imports,0.003
豆油,伊朗,2023/24,imports,0.022
豆油,印度,2023/24,imports,3.308
豆油,印度尼西亚,2023/24,imports,0.034
豆油,越南,2023/24,imports,0.082
豆油,智利,2023/24,imports,0.175
豆油,中国,2023/24,imports,0.381
豆油,中国台湾,2023/24,imports,0
豆油,Angola,2023/24,imports,0.07
豆油,Australia,2023/24,imports,0.028
豆油,Barbados,2023/24,imports,0
豆油,Belarus,2023/24,imports,0.016
豆油,Benin,2023/24,imports,0
豆油,Bosnia and Herzegovina,2023/24,imports,0.002
豆油,Costa Rica,2023/24,imports,0.004
豆油,Cuba,2023/24,imports,0.046
豆油,Dominican Republic,2023/24,imports,0.191
豆油,Ecuador,2023/24,imports,0.12
豆油,El Salvador,2023/24,imports,0.03
豆油,Ethiopia,2023/24,imports,0.002
豆油,Ghana,2023/24,imports,0.001
豆油,Guatemala,2023/24,imports,0.106
豆油,Haiti,2023/24,imports,0
豆油,Hong Kong,2023/24,imports,0.056
豆油,Iraq,2023/24,imports,0.02
豆油,Israel,2023/24,imports,0.006
豆油,Jamaica,2023/24,imports,0.029
豆油,Jordan,2023/24,imports,0.042
豆油,Kazakhstan,2023/24,imports,0
豆油,"Korea, North",2023/24,imports,0.06
豆油,Lebanon,2023/24,imports,0.002
豆油,Madagascar,2023/24,imports,0.042
豆油,Mauritius,2023/24,imports,0.015
豆油,New Zealand,2023/24,imports,0.009
豆油,Nicaragua,2023/24,imports,0.012
豆油,Nigeria,2023/24,imports,0.001
豆油,Norway,2023/24,imports,0.001
豆油,Panama,2023/24,imports,0.041
豆油,Senegal,2023/24,imports,0.016
豆油,Serbia,2023/24,imports,0
豆油,Singapore,2023/24,imports,0.015
豆油,Somalia,2023/24,imports,0
豆油,Switzerland,2023/24,imports,0.007
豆油,Syria,2023/24,imports,0.002
豆油,Tanzania,2023/24,imports,0.005
豆油,Trinidad and Tobago,2023/24,imports,0.013
豆油,United Arab Emirates,2023/24,imports,0.043
豆油,United Kingdom,2023/24,imports,0.182
豆油,Uzbekistan,2023/24,imports,0.004
豆油,Zambia,2023/24,imports,0.016
豆油,Zimbabwe,2023/24,imports,0.047
豆油,阿尔及利亚,2023/24,production,0.27
豆油,阿根廷,2023/24,production,7.251
豆油,埃及,2023/24,production,0.595
豆油,巴基斯坦,2023/24,production,0.178
豆油,巴拉圭,2023/24,production,0.57
豆油,巴西,2023/24,production,11.055
豆油,玻利维亚,2023/24,production,0.49
豆油,俄罗斯,2023/24,production,1.057
豆油,菲律宾,2023/24,production,0.01
豆油,哥伦比亚,2023/24,production,0.1
豆油,韩国,2023/24,production,0.182
豆油,加拿大,2023/24,production,0.312
豆油,马来西亚,2023/24,production,0.087
豆油,美国,2023/24,production,12.289
豆油,孟加拉国,2023/24,production,0.364
豆油,秘鲁,2023/24,production,0
豆油,摩洛哥,2023/24,production,0.005
豆油,墨西哥,2023/24,production,1.205
豆油,南非,2023/24,production,0.306
豆油,欧盟,2023/24,production,2.755
豆油,日本,2023/24,production,0.461
豆油,沙特阿拉伯,2023/24,production,0.067
豆油,泰国,2023/24,production,0.431
豆油,突尼斯,2023/24,production,0.085
豆油,土耳其,2023/24,production,0.422
豆油,委内瑞拉,2023/24,production,0.024
豆油,乌克兰,2023/24,production,0.33
豆油,乌拉圭,2023/24,production,0.028
豆油,伊朗,2023/24,production,0.495
豆油,印度,2023/24,production,2.034
豆油,印度尼西亚,2023/24,production,0
豆油,越南,2023/24,production,0.266
豆油,智利,2023/24,production,0.014
豆油,中国,2023/24,production,18.81
豆油,中国台湾,2023/24,production,0.361
豆油,Angola,2023/24,production,0
豆油,Australia,2023/24,production,0.012
豆油,Barbados,2023/24,production,0.003
豆油,Belarus,2023/24,production,0.089
豆油,Benin,2023/24,production,0.029
豆油,Bosnia and Herzegovina,2023/24,production,0
豆油,Costa Rica,2023/24,production,0.047
豆油,Cuba,2023/24,production,0.003
豆油,Dominican Republic,2023/24,production,0
豆油,Ecuador,2023/24,production,0.002
豆油,El Salvador,2023/24,production,0
豆油,Ethiopia,2023/24,production,0.011
豆油,Ghana,2023/24,production,0.039
豆油,Guatemala,2023/24,production,0.006
豆油,Haiti,2023/24,production,0
豆油,Hong Kong,2023/24,production,0
豆油,Iraq,2023/24,production,0.072
豆油,Israel,2023/24,production,0.048
豆油,Jamaica,2023/24,production,0
豆油,Jordan,2023/24,production,0
豆油,Kazakhstan,2023/24,production,0.042
豆油,"Korea, North",2023/24,production,0.02
豆油,Lebanon,2023/24,production,0.024
豆油,Madagascar,2023/24,production,0
豆油,Mauritius,2023/24,production,0
豆油,New Zealand,2023/24,production,0
豆油,Nicaragua,2023/24,production,0
豆油,Nigeria,2023/24,production,0.127
豆油,Norway,2023/24,production,0.065
豆油,Panama,2023/24,production,0.007
豆油,Senegal,2023/24,production,0
豆油,Serbia,2023/24,production,0.117
豆油,Singapore,2023/24,production,0.003
豆油,Somalia,2023/24,production,0
豆油,Switzerland,2023/24,production,0.003
豆油,Syria,2023/24,production,0
豆油,Tanzania,2023/24,production,0
豆油,Trinidad and Tobago,2023/24,production,0
豆油,United Arab Emirates,2023/24,production,0.023
豆油,United Kingdom,2023/24,production,0.159
豆油,Uzbekistan,2023/24,production,0.009
豆油,Zambia,2023/24,production,0.112
豆油,Zimbabwe,2023/24,production,0.028
豆油,阿尔及利亚,2024/25,consumption,0.78
豆油,阿根廷,2024/25,consumption,1.98
豆油,埃及,2024/25,consumption,0.73
豆油,巴基斯坦,2024/25,consumption,0.62
豆油,巴拉圭,2024/25,consumption,0.075
豆油,巴西,2024/25,consumption,10.41
豆油,玻利维亚,2024/25,consumption,0.085
豆油,俄罗斯,2024/25,consumption,0.4
豆油,菲律宾,2024/25,consumption,0.069
豆油,哥伦比亚,2024/25,consumption,0.4
豆油,韩国,2024/25,consumption,0.65
豆油,加拿大,2024/25,consumption,0.75
豆油,马来西亚,2024/25,consumption,0.08
豆油,美国,2024/25,consumption,12.207
豆油,孟加拉国,2024/25,consumption,1.2
豆油,秘鲁,2024/25,consumption,0.585
豆油,摩洛哥,2024/25,consumption,0.6
豆油,墨西哥,2024/25,consumption,1.31
豆油,南非,2024/25,consumption,0.255
豆油,欧盟,2024/25,consumption,3.005
豆油,日本,2024/25,consumption,0.509
豆油,沙特阿拉伯,2024/25,consumption,0.078
豆油,泰国,2024/25,consumption,0.265
豆油,突尼斯,2024/25,consumption,0.13
豆油,土耳其,2024/25,consumption,0.047
豆油,委内瑞拉,2024/25,consumption,0.27
豆油,乌克兰,2024/25,consumption,0.001
豆油,乌拉圭,2024/25,consumption,0.019
豆油,伊朗,2024/25,consumption,0.525
豆油,印度,2024/25,consumption,6.645
豆油,印度尼西亚,2024/25,consumption,0.034
豆油,越南,2024/25,consumption,0.295
豆油,智利,2024/25,consumption,0.2
豆油,中国,2024/25,consumption,20.5
豆油,中国台湾,2024/25,consumption,0.37
豆油,Angola,2024/25,consumption,0.115
豆油,Australia,2024/25,consumption,0.057
豆油,Barbados,2024/25,consumption,0.003
豆油,Belarus,2024/25,consumption,0.045
豆油,Benin,2024/25,consumption,0.044
豆油,Bosnia and Herzegovina,2024/25,consumption,0
豆油,Costa Rica,2024/25,consumption,0.035
豆油,Cuba,2024/25,consumption,0.024
豆油,Dominican Republic,2024/25,consumption,0.205
豆油,Ecuador,2024/25,consumption,0.11
豆油,El Salvador,2024/25,consumption,0.025
豆油,Ethiopia,2024/25,consumption,0.024
豆油,Ghana,2024/25,consumption,0.042
豆油,Guatemala,2024/25,consumption,0.11
豆油,Haiti,2024/25,consumption,0.009
豆油,Hong Kong,2024/25,consumption,0.065
豆油,Iraq,2024/25,consumption,0.01
豆油,Israel,2024/25,consumption,0.05
豆油,Jamaica,2024/25,consumption,0.031
豆油,Jordan,2024/25,consumption,0.045
豆油,Kazakhstan,2024/25,consumption,0.021
豆油,"Korea, North",2024/25,consumption,0.1
豆油,Lebanon,2024/25,consumption,0.03
豆油,Madagascar,2024/25,consumption,0.045
豆油,Mauritius,2024/25,consumption,0.025
豆油,New Zealand,2024/25,consumption,0.013
豆油,Nicaragua,2024/25,consumption,0.019
豆油,Nigeria,2024/25,consumption,0.2
豆油,Norway,2024/25,consumption,0.003
豆油,Panama,2024/25,consumption,0.055
豆油,Senegal,2024/25,consumption,0.031
豆油,Serbia,2024/25,consumption,0.055
豆油,Singapore,2024/25,consumption,0.014
豆油,Somalia,2024/25,consumption,0
豆油,Switzerland,2024/25,consumption,0.011
豆油,Syria,2024/25,consumption,0.007
豆油,Tanzania,2024/25,consumption,0.003
豆油,Trinidad and Tobago,2024/25,consumption,0.015
豆油,United Arab Emirates,2024/25,consumption,0.035
豆油,United Kingdom,2024/25,consumption,0.345
豆油,Uzbekistan,2024/25,consumption,0.014
豆油,Zambia,2024/25,consumption,0.07
豆油,Zimbabwe,2024/25,consumption,0.085
豆油,阿尔及利亚,2024/25,exports,0.005
豆油,阿根廷,2024/25,exports,7.099
豆油,埃及,2024/25,exports,0.152
豆油,巴基斯坦,2024/25,exports,0.004
豆油,巴拉圭,2024/25,exports,0.621
豆油,巴西,2024/25,exports,1.487
豆油,玻利维亚,2024/25,exports,0.522
豆油,俄罗斯,2024/25,exports,0.75
豆油,菲律宾,2024/25,exports,0
豆油,哥伦比亚,2024/25,exports,0.085
豆油,韩国,2024/25,exports,0.002
豆油,加拿大,2024/25,exports,0.128
豆油,马来西亚,2024/25,exports,0.112
豆油,美国,2024/25,exports,1.121
豆油,孟加拉国,2024/25,exports,0.001
豆油,秘鲁,2024/25,exports,0.001
豆油,摩洛哥,2024/25,exports,0.011
豆油,墨西哥,2024/25,exports,0.04
豆油,南非,2024/25,exports,0.085
豆油,欧盟,2024/25,exports,0.708
豆油,日本,2024/25,exports,0
豆油,沙特阿拉伯,2024/25,exports,0.004
豆油,泰国,2024/25,exports,0.213
豆油,突尼斯,2024/25,exports,0
豆油,土耳其,2024/25,exports,0.469
豆油,委内瑞拉,2024/25,exports,0
豆油,乌克兰,2024/25,exports,0.523
豆油,乌拉圭,2024/25,exports,0.015
豆油,伊朗,2024/25,exports,0
豆油,印度,2024/25,exports,0.027
豆油,印度尼西亚,2024/25,exports,0
豆油,越南,2024/25,exports,0.183
豆油,智利,2024/25,exports,0
豆油,中国,2024/25,exports,0.318
豆油,中国台湾,2024/25,exports,0.007
豆油,Angola,2024/25,exports,0
豆油,Australia,2024/25,exports,0
豆油,Barbados,2024/25,exports,0.001
豆油,Belarus,2024/25,exports,0.07
豆油,Benin,2024/25,exports,0.01
豆油,Bosnia and Herzegovina,2024/25,exports,0.002
豆油,Costa Rica,2024/25,exports,0.017
豆油,Cuba,2024/25,exports,0
豆油,Dominican Republic,2024/25,exports,0
豆油,Ecuador,2024/25,exports,0
豆油,El Salvador,2024/25,exports,0
豆油,Ethiopia,2024/25,exports,0
豆油,Ghana,2024/25,exports,0.001
豆油,Guatemala,2024/25,exports,0.005
豆油,Haiti,2024/25,exports,0
豆油,Hong Kong,2024/25,exports,0.005
豆油,Iraq,2024/25,exports,0.211
豆油,Israel,2024/25,exports,0
豆油,Jamaica,2024/25,exports,0
豆油,Jordan,2024/25,exports,0
豆油,Kazakhstan,2024/25,exports,0.015
豆油,"Korea, North",2024/25,exports,0
豆油,Lebanon,2024/25,exports,0.004
豆油,Madagascar,2024/25,exports,0
豆油,Mauritius,2024/25,exports,0
豆油,New Zealand,2024/25,exports,0
豆油,Nicaragua,2024/25,exports,0
豆油,Nigeria,2024/25,exports,0
豆油,Norway,2024/25,exports,0.064
豆油,Panama,2024/25,exports,0.003
豆油,Senegal,2024/25,exports,0
豆油,Serbia,2024/25,exports,0.063
豆油,Singapore,2024/25,exports,0.006
豆油,Somalia,2024/25,exports,0
豆油,Switzerland,2024/25,exports,0
豆油,Syria,2024/25,exports,0
豆油,Tanzania,2024/25,exports,0
豆油,Trinidad and Tobago,2024/25,exports,0
豆油,United Arab Emirates,2024/25,exports,0.045
豆油,United Kingdom,2024/25,exports,0.031
豆油,Uzbekistan,2024/25,exports,0
豆油,Zambia,2024/25,exports,0
豆油,Zimbabwe,2024/25,exports,0
豆油,阿尔及利亚,2024/25,imports,0.564
豆油,阿根廷,2024/25,imports,0.107
豆油,埃及,2024/25,imports,0.05
豆油,巴基斯坦,2024/25,imports,0.335
豆油,巴拉圭,2024/25,imports,0.003
豆油,巴西,2024/25,imports,0.085
豆油,玻利维亚,2024/25,imports,0.002
豆油,俄罗斯,2024/25,imports,0.055
豆油,菲律宾,2024/25,imports,0.06
豆油,哥伦比亚,2024/25,imports,0.384
豆油,韩国,2024/25,imports,0.482
豆油,加拿大,2024/25,imports,0.637
豆油,马来西亚,2024/25,imports,0.092
豆油,美国,2024/25,imports,0.164
豆油,孟加拉国,2024/25,imports,0.943
豆油,秘鲁,2024/25,imports,0.612
豆油,摩洛哥,2024/25,imports,0.626
豆油,墨西哥,2024/25,imports,0.173
豆油,南非,2024/25,imports,0.029
豆油,欧盟,2024/25,imports,0.757
豆油,日本,2024/25,imports,0.001
豆油,沙特阿拉伯,2024/25,imports,0.066
豆油,泰国,2024/25,imports,0
豆油,突尼斯,2024/25,imports,0.046
豆油,土耳其,2024/25,imports,0
豆油,委内瑞拉,2024/25,imports,0.27
豆油,乌克兰,2024/25,imports,0
豆油,乌拉圭,2024/25,imports,0.001
豆油,伊朗,2024/25,imports,0.026
豆油,印度,2024/25,imports,5.471
豆油,印度尼西亚,2024/25,imports,0.034
豆油,越南,2024/25,imports,0.09
豆油,智利,2024/25,imports,0.196
豆油,中国,2024/25,imports,0.296
豆油,中国台湾,2024/25,imports,0
豆油,Angola,2024/25,imports,0.124
豆油,Australia,2024/25,imports,0.049
豆油,Barbados,2024/25,imports,0.001
豆油,Belarus,2024/25,imports,0.015
豆油,Benin,2024/25,imports,0
豆油,Bosnia and Herzegovina,2024/25,imports,0.002
豆油,Costa Rica,2024/25,imports,0.004
豆油,Cuba,2024/25,imports,0.024
豆油,Dominican Republic,2024/25,imports,0.215
豆油,Ecuador,2024/25,imports,0.12
豆油,El Salvador,2024/25,imports,0.025
豆油,Ethiopia,2024/25,imports,0.002
豆油,Ghana,2024/25,imports,0.004
豆油,Guatemala,2024/25,imports,0.12
豆油,Haiti,2024/25,imports,0.009
豆油,Hong Kong,2024/25,imports,0.074
豆油,Iraq,2024/25,imports,0.028
豆油,Israel,2024/25,imports,0.002
豆油,Jamaica,2024/25,imports,0.031
豆油,Jordan,2024/25,imports,0.045
豆油,Kazakhstan,2024/25,imports,0
豆油,"Korea, North",2024/25,imports,0.08
豆油,Lebanon,2024/25,imports,0.002
豆油,Madagascar,2024/25,imports,0.045
豆油,Mauritius,2024/25,imports,0.025
豆油,New Zealand,2024/25,imports,0.013
豆油,Nicaragua,2024/25,imports,0.019
豆油,Nigeria,2024/25,imports,0.093
豆油,Norway,2024/25,imports,0.001
豆油,Panama,2024/25,imports,0.05
豆油,Senegal,2024/25,imports,0.031
豆油,Serbia,2024/25,imports,0
豆油,Singapore,2024/25,imports,0.017
豆油,Somalia,2024/25,imports,0
豆油,Switzerland,2024/25,imports,0.008
豆油,Syria,2024/25,imports,0.007
豆油,Tanzania,2024/25,imports,0.003
豆油,Trinidad and Tobago,2024/25,imports,0.015
豆油,United Arab Emirates,2024/25,imports,0.062
豆油,United Kingdom,2024/25,imports,0.19
豆油,Uzbekistan,2024/25,imports,0.005
豆油,Zambia,2024/25,imports,0.03
豆油,Zimbabwe,2024/25,imports,0.05
豆油,阿尔及利亚,2024/25,production,0.297
豆油,阿根廷,2024/25,production,8.626
豆油,埃及,2024/25,production,0.824
豆油,巴基斯坦,2024/25,production,0.338
豆油,巴拉圭,2024/25,production,0.703
豆油,巴西,2024/25,production,11.842
豆油,玻利维亚,2024/25,production,0.608
豆油,俄罗斯,2024/25,production,1.116
豆油,菲律宾,2024/25,production,0.012
豆油,哥伦比亚,2024/25,production,0.1
豆油,韩国,2024/25,production,0.192
豆油,加拿大,2024/25,production,0.318
豆油,马来西亚,2024/25,production,0.09
豆油,美国,2024/25,production,13.253
豆油,孟加拉国,2024/25,production,0.337
豆油,秘鲁,2024/25,production,0
豆油,摩洛哥,2024/25,production,0.006
豆油,墨西哥,2024/25,production,1.227
豆油,南非,2024/25,production,0.319
豆油,欧盟,2024/25,production,2.926
豆油,日本,2024/25,production,0.507
豆油,沙特阿拉伯,2024/25,production,0.033
豆油,泰国,2024/25,production,0.485
豆油,突尼斯,2024/25,production,0.082
豆油,土耳其,2024/25,production,0.523
豆油,委内瑞拉,2024/25,production,0.02
豆油,乌克兰,2024/25,production,0.515
豆油,乌拉圭,2024/25,production,0.037
豆油,伊朗,2024/25,production,0.522
豆油,印度,2024/25,production,2.034
豆油,印度尼西亚,2024/25,production,0
豆油,越南,2024/25,production,0.38
豆油,智利,2024/25,production,0.018
豆油,中国,2024/25,production,20.1
豆油,中国台湾,2024/25,production,0.384
豆油,Angola,2024/25,production,0
豆油,Australia,2024/25,production,0.008
豆油,Barbados,2024/25,production,0.003
豆油,Belarus,2024/25,production,0.098
豆油,Benin,2024/25,production,0.054
豆油,Bosnia and Herzegovina,2024/25,production,0
豆油,Costa Rica,2024/25,production,0.051
豆油,Cuba,2024/25,production,0
豆油,Dominican Republic,2024/25,production,0
豆油,Ecuador,2024/25,production,0.004
豆油,El Salvador,2024/25,production,0
豆油,Ethiopia,2024/25,production,0.022
豆油,Ghana,2024/25,production,0.039
豆油,Guatemala,2024/25,production,0.006
豆油,Haiti,2024/25,production,0
豆油,Hong Kong,2024/25,production,0
豆油,Iraq,2024/25,production,0.198
豆油,Israel,2024/25,production,0.044
豆油,Jamaica,2024/25,production,0
豆油,Jordan,2024/25,production,0
豆油,Kazakhstan,2024/25,production,0.036
豆油,"Korea, North",2024/25,production,0.02
豆油,Lebanon,2024/25,production,0.038
豆油,Madagascar,2024/25,production,0
豆油,Mauritius,2024/25,production,0
豆油,New Zealand,2024/25,production,0
豆油,Nicaragua,2024/25,production,0
豆油,Nigeria,2024/25,production,0.173
豆油,Norway,2024/25,production,0.075
豆油,Panama,2024/25,production,0.008
豆油,Senegal,2024/25,production,0
豆油,Serbia,2024/25,production,0.122
豆油,Singapore,2024/25,production,0.003
豆油,Somalia,2024/25,production,0
豆油,Switzerland,2024/25,production,0.003
豆油,Syria,2024/25,production,0
豆油,Tanzania,2024/25,production,0
豆油,Trinidad and Tobago,2024/25,production,0
豆油,United Arab Emirates,2024/25,production,0.019
豆油,United Kingdom,2024/25,production,0.178
豆油,Uzbekistan,2024/25,production,0.009
豆油,Zambia,2024/25,production,0.034
豆油,Zimbabwe,2024/25,production,0.041
豆油,阿尔及利亚,2025/26,consumption,0.82
豆油,阿根廷,2025/26,consumption,1.98
豆油,埃及,2025/26,consumption,0.87
豆油,巴基斯坦,2025/26,consumption,0.65
豆油,巴拉圭,2025/26,consumption,0.085
豆油,巴西,2025/26,consumption,11.05
豆油,玻利维亚,2025/26,consumption,0.09
豆油,俄罗斯,2025/26,consumption,0.525
豆油,菲律宾,2025/26,consumption,0.074
豆油,哥伦比亚,2025/26,consumption,0.435
豆油,韩国,2025/26,consumption,0.645
豆油,加拿大,2025/26,consumption,1.06
豆油,马来西亚,2025/26,consumption,0.083
豆油,美国,2025/26,consumption,13.651
豆油,孟加拉国,2025/26,consumption,1.1
豆油,秘鲁,2025/26,consumption,0.595
豆油,摩洛哥,2025/26,consumption,0.63
豆油,墨西哥,2025/26,consumption,1.39
豆油,南非,2025/26,consumption,0.3
豆油,欧盟,2025/26,consumption,2.705
豆油,日本,2025/26,consumption,0.475
豆油,沙特阿拉伯,2025/26,consumption,0.083
豆油,泰国,2025/26,consumption,0.29
豆油,突尼斯,2025/26,consumption,0.13
豆油,土耳其,2025/26,consumption,0.047
豆油,委内瑞拉,2025/26,consumption,0.27
豆油,乌克兰,2025/26,consumption,0.001
豆油,乌拉圭,2025/26,consumption,0.016
豆油,伊朗,2025/26,consumption,0.65
豆油,印度,2025/26,consumption,6.59
豆油,印度尼西亚,2025/26,consumption,0.037
豆油,越南,2025/26,consumption,0.325
豆油,智利,2025/26,consumption,0.21
豆油,中国,2025/26,consumption,20.5
豆油,中国台湾,2025/26,consumption,0.37
豆油,Angola,2025/26,consumption,0.12
豆油,Australia,2025/26,consumption,0.032
豆油,Barbados,2025/26,consumption,0.003
豆油,Belarus,2025/26,consumption,0.05
豆油,Benin,2025/26,consumption,0.034
豆油,Bosnia and Herzegovina,2025/26,consumption,0
豆油,Costa Rica,2025/26,consumption,0.04
豆油,Cuba,2025/26,consumption,0.053
豆油,Dominican Republic,2025/26,consumption,0.21
豆油,Ecuador,2025/26,consumption,0.105
豆油,El Salvador,2025/26,consumption,0.03
豆油,Ethiopia,2025/26,consumption,0.025
豆油,Ghana,2025/26,consumption,0.044
豆油,Guatemala,2025/26,consumption,0.115
豆油,Haiti,2025/26,consumption,0
豆油,Hong Kong,2025/26,consumption,0.055
豆油,Iraq,2025/26,consumption,0.09
豆油,Israel,2025/26,consumption,0.055
豆油,Jamaica,2025/26,consumption,0.04
豆油,Jordan,2025/26,consumption,0.047
豆油,Kazakhstan,2025/26,consumption,0.019
豆油,"Korea, North",2025/26,consumption,0.11
豆油,Lebanon,2025/26,consumption,0.035
豆油,Madagascar,2025/26,consumption,0.047
豆油,Mauritius,2025/26,consumption,0.02
豆油,New Zealand,2025/26,consumption,0.012
豆油,Nicaragua,2025/26,consumption,0.02
豆油,Nigeria,2025/26,consumption,0.26
豆油,Norway,2025/26,consumption,0.003
豆油,Panama,2025/26,consumption,0.059
豆油,Senegal,2025/26,consumption,0.03
豆油,Serbia,2025/26,consumption,0.06
豆油,Singapore,2025/26,consumption,0.014
豆油,Somalia,2025/26,consumption,0
豆油,Switzerland,2025/26,consumption,0.011
豆油,Syria,2025/26,consumption,0.002
豆油,Tanzania,2025/26,consumption,0
豆油,Trinidad and Tobago,2025/26,consumption,0.02
豆油,United Arab Emirates,2025/26,consumption,0.035
豆油,United Kingdom,2025/26,consumption,0.35
豆油,Uzbekistan,2025/26,consumption,0.016
豆油,Zambia,2025/26,consumption,0.075
豆油,Zimbabwe,2025/26,consumption,0.09
豆油,阿尔及利亚,2025/26,exports,0.005
豆油,阿根廷,2025/26,exports,6.45
豆油,埃及,2025/26,exports,0.15
豆油,巴基斯坦,2025/26,exports,0.002
豆油,巴拉圭,2025/26,exports,0.6
豆油,巴西,2025/26,exports,1.6
豆油,玻利维亚,2025/26,exports,0.5
豆油,俄罗斯,2025/26,exports,0.7
豆油,菲律宾,2025/26,exports,0
豆油,哥伦比亚,2025/26,exports,0.05
豆油,韩国,2025/26,exports,0.002
豆油,加拿大,2025/26,exports,0.115
豆油,马来西亚,2025/26,exports,0.105
豆油,美国,2025/26,exports,0.454
豆油,孟加拉国,2025/26,exports,0.005
豆油,秘鲁,2025/26,exports,0
豆油,摩洛哥,2025/26,exports,0.02
豆油,墨西哥,2025/26,exports,0.04
豆油,南非,2025/26,exports,0.08
豆油,欧盟,2025/26,exports,0.85
豆油,日本,2025/26,exports,0.001
豆油,沙特阿拉伯,2025/26,exports,0.025
豆油,泰国,2025/26,exports,0.24
豆油,突尼斯,2025/26,exports,0
豆油,土耳其,2025/26,exports,0.465
豆油,委内瑞拉,2025/26,exports,0
豆油,乌克兰,2025/26,exports,0.53
豆油,乌拉圭,2025/26,exports,0.015
豆油,伊朗,2025/26,exports,0
豆油,印度,2025/26,exports,0.02
豆油,印度尼西亚,2025/26,exports,0
豆油,越南,2025/26,exports,0.125
豆油,智利,2025/26,exports,0
豆油,中国,2025/26,exports,0.9
豆油,中国台湾,2025/26,exports,0.025
豆油,Angola,2025/26,exports,0
豆油,Australia,2025/26,exports,0.001
豆油,Barbados,2025/26,exports,0.001
豆油,Belarus,2025/26,exports,0.07
豆油,Benin,2025/26,exports,0.02
豆油,Bosnia and Herzegovina,2025/26,exports,0.002
豆油,Costa Rica,2025/26,exports,0.017
豆油,Cuba,2025/26,exports,0
豆油,Dominican Republic,2025/26,exports,0
豆油,Ecuador,2025/26,exports,0
豆油,El Salvador,2025/26,exports,0
豆油,Ethiopia,2025/26,exports,0
豆油,Ghana,2025/26,exports,0
豆油,Guatemala,2025/26,exports,0.01
豆油,Haiti,2025/26,exports,0
豆油,Hong Kong,2025/26,exports,0.005
豆油,Iraq,2025/26,exports,0.075
豆油,Israel,2025/26,exports,0
豆油,Jamaica,2025/26,exports,0
豆油,Jordan,2025/26,exports,0
豆油,Kazakhstan,2025/26,exports,0.01
豆油,"Korea, North",2025/26,exports,0
豆油,Lebanon,2025/26,exports,0.002
豆油,Madagascar,2025/26,exports,0
豆油,Mauritius,2025/26,exports,0
豆油,New Zealand,2025/26,exports,0
豆油,Nicaragua,2025/26,exports,0
豆油,Nigeria,2025/26,exports,0
豆油,Norway,2025/26,exports,0.078
豆油,Panama,2025/26,exports,0
豆油,Senegal,2025/26,exports,0
豆油,Serbia,2025/26,exports,0.07
豆油,Singapore,2025/26,exports,0.004
豆油,Somalia,2025/26,exports,0
豆油,Switzerland,2025/26,exports,0
豆油,Syria,2025/26,exports,0
豆油,Tanzania,2025/26,exports,0
豆油,Trinidad and Tobago,2025/26,exports,0
豆油,United Arab Emirates,2025/26,exports,0.02
豆油,United Kingdom,2025/26,exports,0.03
豆油,Uzbekistan,2025/26,exports,0
豆油,Zambia,2025/26,exports,0
豆油,Zimbabwe,2025/26,exports,0
豆油,阿尔及利亚,2025/26,imports,0.45
豆油,阿根廷,2025/26,imports,0.12
豆油,埃及,2025/26,imports,0.25
豆油,巴基斯坦,2025/26,imports,0.13
豆油,巴拉圭,2025/26,imports,0.001
豆油,巴西,2025/26,imports,0.1
豆油,玻利维亚,2025/26,imports,0.002
豆油,俄罗斯,2025/26,imports,0.055
豆油,菲律宾,2025/26,imports,0.06
豆油,哥伦比亚,2025/26,imports,0.375
豆油,韩国,2025/26,imports,0.45
豆油,加拿大,2025/26,imports,0.9
豆油,马来西亚,2025/26,imports,0.095
豆油,美国,2025/26,imports,0.15
豆油,孟加拉国,2025/26,imports,0.6
豆油,秘鲁,2025/26,imports,0.59
豆油,摩洛哥,2025/26,imports,0.65
豆油,墨西哥,2025/26,imports,0.2
豆油,南非,2025/26,imports,0.04
豆油,欧盟,2025/26,imports,0.65
豆油,日本,2025/26,imports,0.002
豆油,沙特阿拉伯,2025/26,imports,0.05
豆油,泰国,2025/26,imports,0
豆油,突尼斯,2025/26,imports,0.045
豆油,土耳其,2025/26,imports,0
豆油,委内瑞拉,2025/26,imports,0.24
豆油,乌克兰,2025/26,imports,0
豆油,乌拉圭,2025/26,imports,0.005
豆油,伊朗,2025/26,imports,0.15
豆油,印度,2025/26,imports,4.65
豆油,印度尼西亚,2025/26,imports,0.037
豆油,越南,2025/26,imports,0.06
豆油,智利,2025/26,imports,0.175
豆油,中国,2025/26,imports,0.3
豆油,中国台湾,2025/26,imports,0
豆油,Angola,2025/26,imports,0.12
豆油,Australia,2025/26,imports,0.025
豆油,Barbados,2025/26,imports,0.001
豆油,Belarus,2025/26,imports,0.015
豆油,Benin,2025/26,imports,0
豆油,Bosnia and Herzegovina,2025/26,imports,0.002
豆油,Costa Rica,2025/26,imports,0.01
豆油,Cuba,2025/26,imports,0.05
豆油,Dominican Republic,2025/26,imports,0.2
豆油,Ecuador,2025/26,imports,0.1
豆油,El Salvador,2025/26,imports,0.03
豆油,Ethiopia,2025/26,imports,0.002
豆油,Ghana,2025/26,imports,0.005
豆油,Guatemala,2025/26,imports,0.12
豆油,Haiti,2025/26,imports,0
豆油,Hong Kong,2025/26,imports,0.055
豆油,Iraq,2025/26,imports,0.025
豆油,Israel,2025/26,imports,0.002
豆油,Jamaica,2025/26,imports,0.04
豆油,Jordan,2025/26,imports,0.047
豆油,Kazakhstan,2025/26,imports,0
豆油,"Korea, North",2025/26,imports,0.09
豆油,Lebanon,2025/26,imports,0.002
豆油,Madagascar,2025/26,imports,0.047
豆油,Mauritius,2025/26,imports,0.02
豆油,New Zealand,2025/26,imports,0.012
豆油,Nicaragua,2025/26,imports,0.02
豆油,Nigeria,2025/26,imports,0.05
豆油,Norway,2025/26,imports,0.001
豆油,Panama,2025/26,imports,0.05
豆油,Senegal,2025/26,imports,0.03
豆油,Serbia,2025/26,imports,0
豆油,Singapore,2025/26,imports,0.015
豆油,Somalia,2025/26,imports,0
豆油,Switzerland,2025/26,imports,0.008
豆油,Syria,2025/26,imports,0.002
豆油,Tanzania,2025/26,imports,0
豆油,Trinidad and Tobago,2025/26,imports,0.02
豆油,United Arab Emirates,2025/26,imports,0.04
豆油,United Kingdom,2025/26,imports,0.225
豆油,Uzbekistan,2025/26,imports,0.005
豆油,Zambia,2025/26,imports,0.03
豆油,Zimbabwe,2025/26,imports,0.05
豆油,阿尔及利亚,2025/26,production,0.401
豆油,阿根廷,2025/26,production,8.379
豆油,埃及,2025/26,production,0.841
豆油,巴基斯坦,2025/26,production,0.543
豆油,巴拉圭,2025/26,production,0.684
豆油,巴西,2025/26,production,12.54
豆油,玻利维亚,2025/26,production,0.584
豆油,俄罗斯,2025/26,production,1.183
豆油,菲律宾,2025/26,production,0.014
豆油,哥伦比亚,2025/26,production,0.1
豆油,韩国,2025/26,production,0.182
豆油,加拿大,2025/26,production,0.266
豆油,马来西亚,2025/26,production,0.092
豆油,美国,2025/26,production,13.996
豆油,孟加拉国,2025/26,production,0.419
豆油,秘鲁,2025/26,production,0
豆油,摩洛哥,2025/26,production,0.009
豆油,墨西哥,2025/26,production,1.264
豆油,南非,2025/26,production,0.342
豆油,欧盟,2025/26,production,2.812
豆油,日本,2025/26,production,0.481
豆油,沙特阿拉伯,2025/26,production,0.053
豆油,泰国,2025/26,production,0.539
豆油,突尼斯,2025/26,production,0.087
豆油,土耳其,2025/26,production,0.515
豆油,委内瑞拉,2025/26,production,0.024
豆油,乌克兰,2025/26,production,0.534
豆油,乌拉圭,2025/26,production,0.019
豆油,伊朗,2025/26,production,0.458
豆油,印度,2025/26,production,1.76
豆油,印度尼西亚,2025/26,production,0
豆油,越南,2025/26,production,0.418
豆油,智利,2025/26,production,0.019
豆油,中国,2025/26,production,21.168
豆油,中国台湾,2025/26,production,0.388
豆油,Angola,2025/26,production,0
豆油,Australia,2025/26,production,0.008
豆油,Barbados,2025/26,production,0.003
豆油,Belarus,2025/26,production,0.107
豆油,Benin,2025/26,production,0.054
豆油,Bosnia and Herzegovina,2025/26,production,0
豆油,Costa Rica,2025/26,production,0.051
豆油,Cuba,2025/26,production,0.003
豆油,Dominican Republic,2025/26,production,0
豆油,Ecuador,2025/26,production,0.003
豆油,El Salvador,2025/26,production,0
豆油,Ethiopia,2025/26,production,0.023
豆油,Ghana,2025/26,production,0.039
豆油,Guatemala,2025/26,production,0.006
豆油,Haiti,2025/26,production,0
豆油,Hong Kong,2025/26,production,0
豆油,Iraq,2025/26,production,0.14
豆油,Israel,2025/26,production,0.053
豆油,Jamaica,2025/26,production,0
豆油,Jordan,2025/26,production,0
豆油,Kazakhstan,2025/26,production,0.029
豆油,"Korea, North",2025/26,production,0.02
豆油,Lebanon,2025/26,production,0.036
豆油,Madagascar,2025/26,production,0
豆油,Mauritius,2025/26,production,0
豆油,New Zealand,2025/26,production,0
豆油,Nicaragua,2025/26,production,0
豆油,Nigeria,2025/26,production,0.178
豆油,Norway,2025/26,production,0.08
豆油,Panama,2025/26,production,0.009
豆油,Senegal,2025/26,production,0
豆油,Serbia,2025/26,production,0.122
豆油,Singapore,2025/26,production,0.003
豆油,Somalia,2025/26,production,0
豆油,Switzerland,2025/26,production,0.003
豆油,Syria,2025/26,production,0
豆油,Tanzania,2025/26,production,0
豆油,Trinidad and Tobago,2025/26,production,0
豆油,United Arab Emirates,2025/26,production,0.013
豆油,United Kingdom,2025/26,production,0.164
豆油,Uzbekistan,2025/26,production,0.011
豆油,Zambia,2025/26,production,0.045
豆油,Zimbabwe,2025/26,production,0.041
豆油,阿尔及利亚,2026/27,consumption,0.86
豆油,阿根廷,2026/27,consumption,1.99
豆油,埃及,2026/27,consumption,1
豆油,巴基斯坦,2026/27,consumption,0.735
豆油,巴拉圭,2026/27,consumption,0.09
豆油,巴西,2026/27,consumption,11.4
豆油,玻利维亚,2026/27,consumption,0.095
豆油,俄罗斯,2026/27,consumption,0.495
豆油,菲律宾,2026/27,consumption,0.074
豆油,哥伦比亚,2026/27,consumption,0.45
豆油,韩国,2026/27,consumption,0.65
豆油,加拿大,2026/27,consumption,1.075
豆油,马来西亚,2026/27,consumption,0.085
豆油,美国,2026/27,consumption,14.856
豆油,孟加拉国,2026/27,consumption,1.22
豆油,秘鲁,2026/27,consumption,0.6
豆油,摩洛哥,2026/27,consumption,0.65
豆油,墨西哥,2026/27,consumption,1.43
豆油,南非,2026/27,consumption,0.32
豆油,欧盟,2026/27,consumption,2.555
豆油,日本,2026/27,consumption,0.5
豆油,沙特阿拉伯,2026/27,consumption,0.085
豆油,泰国,2026/27,consumption,0.295
豆油,突尼斯,2026/27,consumption,0.14
豆油,土耳其,2026/27,consumption,0.047
豆油,委内瑞拉,2026/27,consumption,0.27
豆油,乌克兰,2026/27,consumption,0.001
豆油,乌拉圭,2026/27,consumption,0.014
豆油,伊朗,2026/27,consumption,0.585
豆油,印度,2026/27,consumption,6.28
豆油,印度尼西亚,2026/27,consumption,0.04
豆油,越南,2026/27,consumption,0.35
豆油,智利,2026/27,consumption,0.215
豆油,中国,2026/27,consumption,20.8
豆油,中国台湾,2026/27,consumption,0.38
豆油,Angola,2026/27,consumption,0.12
豆油,Australia,2026/27,consumption,0.033
豆油,Barbados,2026/27,consumption,0.003
豆油,Belarus,2026/27,consumption,0.05
豆油,Benin,2026/27,consumption,0.034
豆油,Bosnia and Herzegovina,2026/27,consumption,0
豆油,Costa Rica,2026/27,consumption,0.045
豆油,Cuba,2026/27,consumption,0.053
豆油,Dominican Republic,2026/27,consumption,0.22
豆油,Ecuador,2026/27,consumption,0.105
豆油,El Salvador,2026/27,consumption,0.03
豆油,Ethiopia,2026/27,consumption,0.025
豆油,Ghana,2026/27,consumption,0.044
豆油,Guatemala,2026/27,consumption,0.115
豆油,Haiti,2026/27,consumption,0
豆油,Hong Kong,2026/27,consumption,0.055
豆油,Iraq,2026/27,consumption,0.11
豆油,Israel,2026/27,consumption,0.055
豆油,Jamaica,2026/27,consumption,0.04
豆油,Jordan,2026/27,consumption,0.05
豆油,Kazakhstan,2026/27,consumption,0.031
豆油,"Korea, North",2026/27,consumption,0.11
豆油,Lebanon,2026/27,consumption,0.035
豆油,Madagascar,2026/27,consumption,0.05
豆油,Mauritius,2026/27,consumption,0.02
豆油,New Zealand,2026/27,consumption,0.01
豆油,Nicaragua,2026/27,consumption,0.02
豆油,Nigeria,2026/27,consumption,0.26
豆油,Norway,2026/27,consumption,0.003
豆油,Panama,2026/27,consumption,0.059
豆油,Senegal,2026/27,consumption,0.03
豆油,Serbia,2026/27,consumption,0.06
豆油,Singapore,2026/27,consumption,0.014
豆油,Somalia,2026/27,consumption,0
豆油,Switzerland,2026/27,consumption,0.011
豆油,Syria,2026/27,consumption,0.002
豆油,Tanzania,2026/27,consumption,0
豆油,Trinidad and Tobago,2026/27,consumption,0.02
豆油,United Arab Emirates,2026/27,consumption,0.035
豆油,United Kingdom,2026/27,consumption,0.345
豆油,Uzbekistan,2026/27,consumption,0.014
豆油,Zambia,2026/27,consumption,0.08
豆油,Zimbabwe,2026/27,consumption,0.09
豆油,阿尔及利亚,2026/27,exports,0.005
豆油,阿根廷,2026/27,exports,6.65
豆油,埃及,2026/27,exports,0.15
豆油,巴基斯坦,2026/27,exports,0.002
豆油,巴拉圭,2026/27,exports,0.6
豆油,巴西,2026/27,exports,1.7
豆油,玻利维亚,2026/27,exports,0.515
豆油,俄罗斯,2026/27,exports,0.7
豆油,菲律宾,2026/27,exports,0
豆油,哥伦比亚,2026/27,exports,0.07
豆油,韩国,2026/27,exports,0.002
豆油,加拿大,2026/27,exports,0.135
豆油,马来西亚,2026/27,exports,0.1
豆油,美国,2026/27,exports,0.181
豆油,孟加拉国,2026/27,exports,0
豆油,秘鲁,2026/27,exports,0
豆油,摩洛哥,2026/27,exports,0.02
豆油,墨西哥,2026/27,exports,0.04
豆油,南非,2026/27,exports,0.08
豆油,欧盟,2026/27,exports,0.8
豆油,日本,2026/27,exports,0
豆油,沙特阿拉伯,2026/27,exports,0.03
豆油,泰国,2026/27,exports,0.26
豆油,突尼斯,2026/27,exports,0
豆油,土耳其,2026/27,exports,0.52
豆油,委内瑞拉,2026/27,exports,0
豆油,乌克兰,2026/27,exports,0.53
豆油,乌拉圭,2026/27,exports,0.018
豆油,伊朗,2026/27,exports,0
豆油,印度,2026/27,exports,0.015
豆油,印度尼西亚,2026/27,exports,0
豆油,越南,2026/27,exports,0.225
豆油,智利,2026/27,exports,0
豆油,中国,2026/27,exports,0.9
豆油,中国台湾,2026/27,exports,0.01
豆油,Angola,2026/27,exports,0
豆油,Australia,2026/27,exports,0.001
豆油,Barbados,2026/27,exports,0.001
豆油,Belarus,2026/27,exports,0.08
豆油,Benin,2026/27,exports,0.02
豆油,Bosnia and Herzegovina,2026/27,exports,0.002
豆油,Costa Rica,2026/27,exports,0.017
豆油,Cuba,2026/27,exports,0
豆油,Dominican Republic,2026/27,exports,0
豆油,Ecuador,2026/27,exports,0
豆油,El Salvador,2026/27,exports,0
豆油,Ethiopia,2026/27,exports,0
豆油,Ghana,2026/27,exports,0
豆油,Guatemala,2026/27,exports,0.01
豆油,Haiti,2026/27,exports,0
豆油,Hong Kong,2026/27,exports,0.005
豆油,Iraq,2026/27,exports,0.075
豆油,Israel,2026/27,exports,0
豆油,Jamaica,2026/27,exports,0
豆油,Jordan,2026/27,exports,0
豆油,Kazakhstan,2026/27,exports,0.01
豆油,"Korea, North",2026/27,exports,0
豆油,Lebanon,2026/27,exports,0.003
豆油,Madagascar,2026/27,exports,0
豆油,Mauritius,2026/27,exports,0
豆油,New Zealand,2026/27,exports,0
豆油,Nicaragua,2026/27,exports,0
豆油,Nigeria,2026/27,exports,0
豆油,Norway,2026/27,exports,0.078
豆油,Panama,2026/27,exports,0
豆油,Senegal,2026/27,exports,0
豆油,Serbia,2026/27,exports,0.06
豆油,Singapore,2026/27,exports,0.004
豆油,Somalia,2026/27,exports,0
豆油,Switzerland,2026/27,exports,0
豆油,Syria,2026/27,exports,0
豆油,Tanzania,2026/27,exports,0
豆油,Trinidad and Tobago,2026/27,exports,0
豆油,United Arab Emirates,2026/27,exports,0.04
豆油,United Kingdom,2026/27,exports,0.03
豆油,Uzbekistan,2026/27,exports,0
豆油,Zambia,2026/27,exports,0
豆油,Zimbabwe,2026/27,exports,0
豆油,阿尔及利亚,2026/27,imports,0.45
豆油,阿根廷,2026/27,imports,0.12
豆油,埃及,2026/27,imports,0.2
豆油,巴基斯坦,2026/27,imports,0.12
豆油,巴拉圭,2026/27,imports,0.001
豆油,巴西,2026/27,imports,0.1
豆油,玻利维亚,2026/27,imports,0.002
豆油,俄罗斯,2026/27,imports,0.055
豆油,菲律宾,2026/27,imports,0.06
豆油,哥伦比亚,2026/27,imports,0.425
豆油,韩国,2026/27,imports,0.46
豆油,加拿大,2026/27,imports,0.95
豆油,马来西亚,2026/27,imports,0.092
豆油,美国,2026/27,imports,0.272
豆油,孟加拉国,2026/27,imports,0.8
豆油,秘鲁,2026/27,imports,0.6
豆油,摩洛哥,2026/27,imports,0.65
豆油,墨西哥,2026/27,imports,0.2
豆油,南非,2026/27,imports,0.04
豆油,欧盟,2026/27,imports,0.6
豆油,日本,2026/27,imports,0.002
豆油,沙特阿拉伯,2026/27,imports,0.05
豆油,泰国,2026/27,imports,0
豆油,突尼斯,2026/27,imports,0.05
豆油,土耳其,2026/27,imports,0
豆油,委内瑞拉,2026/27,imports,0.25
豆油,乌克兰,2026/27,imports,0
豆油,乌拉圭,2026/27,imports,0.005
豆油,伊朗,2026/27,imports,0.15
豆油,印度,2026/27,imports,4.5
豆油,印度尼西亚,2026/27,imports,0.04
豆油,越南,2026/27,imports,0.05
豆油,智利,2026/27,imports,0.2
豆油,中国,2026/27,imports,0.3
豆油,中国台湾,2026/27,imports,0
豆油,Angola,2026/27,imports,0.12
豆油,Australia,2026/27,imports,0.025
豆油,Barbados,2026/27,imports,0.001
豆油,Belarus,2026/27,imports,0.015
豆油,Benin,2026/27,imports,0
豆油,Bosnia and Herzegovina,2026/27,imports,0.002
豆油,Costa Rica,2026/27,imports,0.01
豆油,Cuba,2026/27,imports,0.05
豆油,Dominican Republic,2026/27,imports,0.225
豆油,Ecuador,2026/27,imports,0.1
豆油,El Salvador,2026/27,imports,0.03
豆油,Ethiopia,2026/27,imports,0.002
豆油,Ghana,2026/27,imports,0.005
豆油,Guatemala,2026/27,imports,0.12
豆油,Haiti,2026/27,imports,0
豆油,Hong Kong,2026/27,imports,0.06
豆油,Iraq,2026/27,imports,0.025
豆油,Israel,2026/27,imports,0.005
豆油,Jamaica,2026/27,imports,0.04
豆油,Jordan,2026/27,imports,0.05
豆油,Kazakhstan,2026/27,imports,0
豆油,"Korea, North",2026/27,imports,0.09
豆油,Lebanon,2026/27,imports,0.002
豆油,Madagascar,2026/27,imports,0.05
豆油,Mauritius,2026/27,imports,0.02
豆油,New Zealand,2026/27,imports,0.01
豆油,Nicaragua,2026/27,imports,0.02
豆油,Nigeria,2026/27,imports,0.05
豆油,Norway,2026/27,imports,0.001
豆油,Panama,2026/27,imports,0.05
豆油,Senegal,2026/27,imports,0.03
豆油,Serbia,2026/27,imports,0
豆油,Singapore,2026/27,imports,0.015
豆油,Somalia,2026/27,imports,0
豆油,Switzerland,2026/27,imports,0.008
豆油,Syria,2026/27,imports,0.002
豆油,Tanzania,2026/27,imports,0
豆油,Trinidad and Tobago,2026/27,imports,0.02
豆油,United Arab Emirates,2026/27,imports,0.06
豆油,United Kingdom,2026/27,imports,0.2
豆油,Uzbekistan,2026/27,imports,0.005
豆油,Zambia,2026/27,imports,0.03
豆油,Zimbabwe,2026/27,imports,0.05
豆油,阿尔及利亚,2026/27,production,0.441
豆油,阿根廷,2026/27,production,8.579
豆油,埃及,2026/27,production,0.915
豆油,巴基斯坦,2026/27,production,0.62
豆油,巴拉圭,2026/27,production,0.684
豆油,巴西,2026/27,production,13.26
豆油,玻利维亚,2026/27,production,0.612
豆油,俄罗斯,2026/27,production,1.138
豆油,菲律宾,2026/27,production,0.014
豆油,哥伦比亚,2026/27,production,0.108
豆油,韩国,2026/27,production,0.192
豆油,加拿大,2026/27,production,0.285
豆油,马来西亚,2026/27,production,0.093
豆油,美国,2026/27,production,14.783
豆油,孟加拉国,2026/27,production,0.442
豆油,秘鲁,2026/27,production,0
豆油,摩洛哥,2026/27,production,0.01
豆油,墨西哥,2026/27,production,1.282
豆油,南非,2026/27,production,0.361
豆油,欧盟,2026/27,production,2.755
豆油,日本,2026/27,production,0.491
豆油,沙特阿拉伯,2026/27,production,0.057
豆油,泰国,2026/27,production,0.548
豆油,突尼斯,2026/27,production,0.092
豆油,土耳其,2026/27,production,0.57
豆油,委内瑞拉,2026/27,production,0.025
豆油,乌克兰,2026/27,production,0.533
豆油,乌拉圭,2026/27,production,0.028
豆油,伊朗,2026/27,production,0.403
豆油,印度,2026/27,production,1.8
豆油,印度尼西亚,2026/27,production,0
豆油,越南,2026/27,production,0.504
豆油,智利,2026/27,production,0.02
豆油,中国,2026/27,production,21.556
豆油,中国台湾,2026/27,production,0.392
豆油,Angola,2026/27,production,0
豆油,Australia,2026/27,production,0.009
豆油,Barbados,2026/27,production,0.003
豆油,Belarus,2026/27,production,0.116
豆油,Benin,2026/27,production,0.054
豆油,Bosnia and Herzegovina,2026/27,production,0
豆油,Costa Rica,2026/27,production,0.051
豆油,Cuba,2026/27,production,0.003
豆油,Dominican Republic,2026/27,production,0
豆油,Ecuador,2026/27,production,0.005
豆油,El Salvador,2026/27,production,0
豆油,Ethiopia,2026/27,production,0.023
豆油,Ghana,2026/27,production,0.039
豆油,Guatemala,2026/27,production,0.005
豆油,Haiti,2026/27,production,0
豆油,Hong Kong,2026/27,production,0
豆油,Iraq,2026/27,production,0.162
豆油,Israel,2026/27,production,0.05
豆油,Jamaica,2026/27,production,0
豆油,Jordan,2026/27,production,0
豆油,Kazakhstan,2026/27,production,0.041
豆油,"Korea, North",2026/27,production,0.02
豆油,Lebanon,2026/27,production,0.036
豆油,Madagascar,2026/27,production,0
豆油,Mauritius,2026/27,production,0
豆油,New Zealand,2026/27,production,0
豆油,Nicaragua,2026/27,production,0
豆油,Nigeria,2026/27,production,0.178
豆油,Norway,2026/27,production,0.08
豆油,Panama,2026/27,production,0.009
豆油,Senegal,2026/27,production,0
豆油,Serbia,2026/27,production,0.126
豆油,Singapore,2026/27,production,0.003
豆油,Somalia,2026/27,production,0
豆油,Switzerland,2026/27,production,0.003
豆油,Syria,2026/27,production,0
豆油,Tanzania,2026/27,production,0
豆油,Trinidad and Tobago,2026/27,production,0
豆油,United Arab Emirates,2026/27,production,0.013
豆油,United Kingdom,2026/27,production,0.178
豆油,Uzbekistan,2026/27,production,0.009
豆油,Zambia,2026/27,production,0.052
豆油,Zimbabwe,2026/27,production,0.043
